#
# There is insufficient memory for the Java Runtime Environment to continue.
# Native memory allocation (malloc) failed to allocate 1238496 bytes. Error detail: Chunk::new
# Possible reasons:
#   The system is out of physical RAM or swap space
#   This process is running with CompressedOops enabled, and the Java Heap may be blocking the growth of the native heap
# Possible solutions:
#   Reduce memory load on the system
#   Increase physical memory or swap space
#   Check if swap backing store is full
#   Decrease Java heap size (-Xmx/-Xms)
#   Decrease number of Java threads
#   Decrease Java thread stack sizes (-Xss)
#   Set larger code cache with -XX:ReservedCodeCacheSize=
#   JVM is running with Unscaled Compressed Oops mode in which the Java heap is
#     placed in the first 4GB address space. The Java Heap base address is the
#     maximum limit for the native heap growth. Please use -XX:HeapBaseMinAddress
#     to set the Java Heap base and to place the Java Heap above 4GB virtual address.
# This output file may be truncated or incomplete.
#
#  Out of Memory Error (arena.cpp:168), pid=29796, tid=10588
#
# JRE version: OpenJDK Runtime Environment Temurin-21.0.10+7 (21.0.10+7) (build 21.0.10+7-LTS)
# Java VM: OpenJDK 64-Bit Server VM Temurin-21.0.10+7 (21.0.10+7-LTS, mixed mode, sharing, tiered, compressed oops, compressed class ptrs, g1 gc, windows-amd64)
# No core dump will be written. Minidumps are not enabled by default on client versions of Windows
#

---------------  S U M M A R Y ------------

Command Line: --add-opens=java.base/java.lang=ALL-UNNAMED --add-opens=java.base/java.lang.invoke=ALL-UNNAMED --add-opens=java.base/java.util=ALL-UNNAMED --add-opens=java.prefs/java.util.prefs=ALL-UNNAMED --add-exports=jdk.compiler/com.sun.tools.javac.api=ALL-UNNAMED --add-exports=jdk.compiler/com.sun.tools.javac.util=ALL-UNNAMED --add-opens=java.base/java.util=ALL-UNNAMED --add-opens=java.prefs/java.util.prefs=ALL-UNNAMED --add-opens=java.base/java.nio.charset=ALL-UNNAMED --add-opens=java.base/java.net=ALL-UNNAMED --add-opens=java.base/java.util.concurrent.atomic=ALL-UNNAMED --add-opens=java.xml/javax.xml.namespace=ALL-UNNAMED -XX:MaxMetaspaceSize=1G -XX:+HeapDumpOnOutOfMemoryError -Xmx2G -Dfile.encoding=UTF-8 -Duser.country=GB -Duser.language=en -Duser.variant -javaagent:C:\Users\DELL\.gradle\wrapper\dists\gradle-8.14-all\c2qonpi39x1mddn7hk5gh9iqj\gradle-8.14\lib\agents\gradle-instrumentation-agent-8.14.jar org.gradle.launcher.daemon.bootstrap.GradleDaemon 8.14

Host: Intel(R) Core(TM) i7-9850H CPU @ 2.60GHz, 12 cores, 15G,  Windows 11 , 64 bit Build 26100 (10.0.26100.8521)
Time: Wed Jun  3 23:59:54 2026 W. Central Africa Standard Time elapsed time: 46.967769 seconds (0d 0h 0m 46s)

---------------  T H R E A D  ---------------

Current thread (0x000001d6bf78cac0):  JavaThread "C2 CompilerThread0" daemon [_thread_in_native, id=10588, stack(0x000000b903300000,0x000000b903400000) (1024K)]


Current CompileTask:
C2:46968 16519       4       org.objectweb.asm.ClassReader::readCode (5117 bytes)

Stack: [0x000000b903300000,0x000000b903400000]
Native frames: (J=compiled Java code, j=interpreted, Vv=VM code, C=native code)
V  [jvm.dll+0x6d7a39]
V  [jvm.dll+0x8b4b26]
V  [jvm.dll+0x8b70de]
V  [jvm.dll+0x8b77c3]
V  [jvm.dll+0x284346]
V  [jvm.dll+0xc66ed]
V  [jvm.dll+0xc6c31]
V  [jvm.dll+0x2fb29e]
V  [jvm.dll+0x5fe884]
V  [jvm.dll+0x255b17]
V  [jvm.dll+0x255edd]
V  [jvm.dll+0x24e500]
V  [jvm.dll+0x24ba42]
V  [jvm.dll+0x1cb34e]
V  [jvm.dll+0x25b85d]
V  [jvm.dll+0x259dea]
V  [jvm.dll+0x3f857e]
V  [jvm.dll+0x85f59d]
V  [jvm.dll+0x6d626d]
C  [ucrtbase.dll+0x2cd30]
C  [KERNEL32.DLL+0x2e957]
C  [ntdll.dll+0x87c1c]


---------------  P R O C E S S  ---------------

Threads class SMR info:
_java_thread_list=0x000001d6fb0bbee0, length=164, elements={
0x000001d6a7bc76e0, 0x000001d6bf77a680, 0x000001d6bf77be00, 0x000001d6bf77db70,
0x000001d6bf780990, 0x000001d6bf782110, 0x000001d6bf782d20, 0x000001d6bf78cac0,
0x000001d6bf790cc0, 0x000001d6bfaf5f60, 0x000001d6bfaf7310, 0x000001d6bfaf8d50,
0x000001d6bfaf86c0, 0x000001d6bfaf58d0, 0x000001d6bfaf6c80, 0x000001d6fa881740,
0x000001d6fa87e2c0, 0x000001d6fa87efe0, 0x000001d6fa881dd0, 0x000001d6fa87f670,
0x000001d6fa87e950, 0x000001d6fa882460, 0x000001d6fa882af0, 0x000001d6fa87fd00,
0x000001d6fa883810, 0x000001d6fa880390, 0x000001d6fa880a20, 0x000001d6fa883ea0,
0x000001d6fa884530, 0x000001d6fa8810b0, 0x000001d6fa884bc0, 0x000001d6fa8858e0,
0x000001d6fb105860, 0x000001d6fb106c10, 0x000001d6fb106580, 0x000001d6fb104b40,
0x000001d6fb1072a0, 0x000001d6fb108650, 0x000001d6fb107930, 0x000001d6fb1051d0,
0x000001d6fb108ce0, 0x000001d6fb107fc0, 0x000001d6fb10a720, 0x000001d6fb10a090,
0x000001d6fb109a00, 0x000001d6fad16d50, 0x000001d6fad173e0, 0x000001d6fad194b0,
0x000001d6fad18e20, 0x000001d6fad166c0, 0x000001d6fad18100, 0x000001d6fad18790,
0x000001d6fd9085f0, 0x000001d6fd909310, 0x000001d6fd906bb0, 0x000001d6fd907240,
0x000001d6fd905e90, 0x000001d6fd907f60, 0x000001d6fd906520, 0x000001d6fd90a6c0,
0x000001d6fd9099a0, 0x000001d6fd908c80, 0x000001d6fd90ad50, 0x000001d6fd90a030,
0x000001d6fd9078d0, 0x000001d6fd90b3e0, 0x000001d6fd90ce20, 0x000001d6fd90ba70,
0x000001d6fd90c100, 0x000001d6fd90c790, 0x000001d6fd90d4b0, 0x000001d6fe915250,
0x000001d6fe916600, 0x000001d6fe916c90, 0x000001d6fe915f70, 0x000001d6fe9158e0,
0x000001d6fe914530, 0x000001d6fe913810, 0x000001d6fe913ea0, 0x000001d6fe918040,
0x000001d680082730, 0x000001d6800889a0, 0x000001d680089030, 0x000001d6800896c0,
0x000001d680086240, 0x000001d680087c80, 0x000001d6800868d0, 0x000001d680086f60,
0x000001d6800875f0, 0x000001d680088310, 0x000001d6fb103e20, 0x000001d6fe914bc0,
0x000001d6fdc1f6a0, 0x000001d6fdc1e2f0, 0x000001d6fdc1c220, 0x000001d6fdc1c8b0,
0x000001d6fdc1e980, 0x000001d6fdc1f010, 0x000001d6fdc1fd30, 0x000001d6fdc203c0,
0x000001d6fdc1cf40, 0x000001d6fdc20a50, 0x000001d6fdc1d5d0, 0x000001d6fdc210e0,
0x000001d6fdc1dc60, 0x000001d6fdc231b0, 0x000001d6fdc21e00, 0x000001d6fdc22490,
0x000001d6fdc22b20, 0x000001d6fdc21770, 0x000001d6fdc23840, 0x000001d680084800,
0x000001d6800820a0, 0x000001d680085bb0, 0x000001d680084170, 0x000001d680082dc0,
0x000001d6bfa985a0, 0x000001d6bfa98c30, 0x000001d6bfa971f0, 0x000001d6bfa992c0,
0x000001d6bfa97880, 0x000001d6bfa96b60, 0x000001d6bfa97f10, 0x000001d6bfa95e40,
0x000001d6bfa99950, 0x000001d6bfa964d0, 0x000001d6bfa99fe0, 0x000001d6bfa9cdd0,
0x000001d6bfa9c0b0, 0x000001d6bfa9ba20, 0x000001d6bfa9ad00, 0x000001d6bfa9a670,
0x000001d6bfa9b390, 0x000001d6bfa9c740, 0x000001d6bfa9d460, 0x000001d6fee5ee70,
0x000001d6fee5fb90, 0x000001d6fee615d0, 0x000001d6fee5e150, 0x000001d6fee60220,
0x000001d6fee608b0, 0x000001d6fee5f500, 0x000001d6fee60f40, 0x000001d6fee61c60,
0x000001d6fee5e7e0, 0x000001d6fee65770, 0x000001d6fee622f0, 0x000001d6fee62980,
0x000001d6fee63010, 0x000001d6fee63d30, 0x000001d6ff0ac810, 0x000001d6ff0aadd0,
0x000001d6ff0abaf0, 0x000001d6ff0ae8e0, 0x000001d6ff0aef70, 0x000001d6ff0af600,
0x000001d6ff0ac180, 0x000001d6ff0b0320, 0x000001d6ff0afc90, 0x000001d6ff0acea0,
0x000001d6ff0b09b0, 0x000001d6fee636a0, 0x000001d6fcfc3320, 0x000001d6fcfbfca0
}

Java Threads: ( => current thread )
  0x000001d6a7bc76e0 JavaThread "main"                              [_thread_blocked, id=21740, stack(0x000000b902500000,0x000000b902600000) (1024K)]
  0x000001d6bf77a680 JavaThread "Reference Handler"          daemon [_thread_blocked, id=27248, stack(0x000000b902d00000,0x000000b902e00000) (1024K)]
  0x000001d6bf77be00 JavaThread "Finalizer"                  daemon [_thread_blocked, id=24096, stack(0x000000b902e00000,0x000000b902f00000) (1024K)]
  0x000001d6bf77db70 JavaThread "Signal Dispatcher"          daemon [_thread_blocked, id=33440, stack(0x000000b902f00000,0x000000b903000000) (1024K)]
  0x000001d6bf780990 JavaThread "Attach Listener"            daemon [_thread_blocked, id=24608, stack(0x000000b903000000,0x000000b903100000) (1024K)]
  0x000001d6bf782110 JavaThread "Service Thread"             daemon [_thread_blocked, id=26732, stack(0x000000b903100000,0x000000b903200000) (1024K)]
  0x000001d6bf782d20 JavaThread "Monitor Deflation Thread"   daemon [_thread_blocked, id=33608, stack(0x000000b903200000,0x000000b903300000) (1024K)]
=>0x000001d6bf78cac0 JavaThread "C2 CompilerThread0"         daemon [_thread_in_native, id=10588, stack(0x000000b903300000,0x000000b903400000) (1024K)]
  0x000001d6bf790cc0 JavaThread "C1 CompilerThread0"         daemon [_thread_blocked, id=14912, stack(0x000000b903400000,0x000000b903500000) (1024K)]
  0x000001d6bfaf5f60 JavaThread "Common-Cleaner"             daemon [_thread_blocked, id=32840, stack(0x000000b903500000,0x000000b903600000) (1024K)]
  0x000001d6bfaf7310 JavaThread "Notification Thread"        daemon [_thread_blocked, id=6204, stack(0x000000b903600000,0x000000b903700000) (1024K)]
  0x000001d6bfaf8d50 JavaThread "Daemon health stats"               [_thread_blocked, id=23184, stack(0x000000b903e00000,0x000000b903f00000) (1024K)]
  0x000001d6bfaf86c0 JavaThread "Incoming local TCP Connector on port 61199"        [_thread_in_native, id=28468, stack(0x000000b903800000,0x000000b903900000) (1024K)]
  0x000001d6bfaf58d0 JavaThread "Daemon periodic checks"            [_thread_blocked, id=29924, stack(0x000000b904000000,0x000000b904100000) (1024K)]
  0x000001d6bfaf6c80 JavaThread "Daemon"                            [_thread_blocked, id=416, stack(0x000000b904100000,0x000000b904200000) (1024K)]
  0x000001d6fa881740 JavaThread "Handler for socket connection from /127.0.0.1:61199 to /127.0.0.1:61200"        [_thread_in_native, id=23528, stack(0x000000b904200000,0x000000b904300000) (1024K)]
  0x000001d6fa87e2c0 JavaThread "Cancel handler"                    [_thread_blocked, id=27544, stack(0x000000b904300000,0x000000b904400000) (1024K)]
  0x000001d6fa87efe0 JavaThread "Daemon worker"                     [_thread_in_Java, id=5176, stack(0x000000b904400000,0x000000b904500000) (1024K)]
  0x000001d6fa881dd0 JavaThread "Asynchronous log dispatcher for DefaultDaemonConnection: socket connection from /127.0.0.1:61199 to /127.0.0.1:61200"        [_thread_blocked, id=31364, stack(0x000000b904500000,0x000000b904600000) (1024K)]
  0x000001d6fa87f670 JavaThread "Stdin handler"                     [_thread_blocked, id=18296, stack(0x000000b904600000,0x000000b904700000) (1024K)]
  0x000001d6fa87e950 JavaThread "Daemon client event forwarder"        [_thread_blocked, id=2776, stack(0x000000b904700000,0x000000b904800000) (1024K)]
  0x000001d6fa882460 JavaThread "Cache worker for journal cache (C:\Users\DELL\.gradle\caches\journal-1)"        [_thread_blocked, id=30796, stack(0x000000b903f00000,0x000000b904000000) (1024K)]
  0x000001d6fa882af0 JavaThread "File lock request listener"        [_thread_in_native, id=16220, stack(0x000000b904800000,0x000000b904900000) (1024K)]
  0x000001d6fa87fd00 JavaThread "Cache worker for file hash cache (C:\Users\DELL\.gradle\caches\8.14\fileHashes)"        [_thread_blocked, id=31048, stack(0x000000b904900000,0x000000b904a00000) (1024K)]
  0x000001d6fa883810 JavaThread "Cache worker for file hash cache (D:\Vibe Coding\TwinPacemaker\mobile_app\android\.gradle\8.14\fileHashes)"        [_thread_blocked, id=28616, stack(0x000000b905100000,0x000000b905200000) (1024K)]
  0x000001d6fa880390 JavaThread "Cache worker for Build Output Cleanup Cache (D:\Vibe Coding\TwinPacemaker\mobile_app\android\.gradle\buildOutputCleanup)"        [_thread_blocked, id=3164, stack(0x000000b905200000,0x000000b905300000) (1024K)]
  0x000001d6fa880a20 JavaThread "File watcher server"        daemon [_thread_in_native, id=30084, stack(0x000000b905300000,0x000000b905400000) (1024K)]
  0x000001d6fa883ea0 JavaThread "File watcher consumer"      daemon [_thread_blocked, id=8120, stack(0x000000b905400000,0x000000b905500000) (1024K)]
  0x000001d6fa884530 JavaThread "jar transforms"                    [_thread_blocked, id=1420, stack(0x000000b905500000,0x000000b905600000) (1024K)]
  0x000001d6fa8810b0 JavaThread "jar transforms Thread 2"           [_thread_blocked, id=15040, stack(0x000000b905600000,0x000000b905700000) (1024K)]
  0x000001d6fa884bc0 JavaThread "jar transforms Thread 3"           [_thread_blocked, id=20240, stack(0x000000b905700000,0x000000b905800000) (1024K)]
  0x000001d6fa8858e0 JavaThread "jar transforms Thread 4"           [_thread_blocked, id=29348, stack(0x000000b905800000,0x000000b905900000) (1024K)]
  0x000001d6fb105860 JavaThread "jar transforms Thread 5"           [_thread_blocked, id=24100, stack(0x000000b905900000,0x000000b905a00000) (1024K)]
  0x000001d6fb106c10 JavaThread "Cache worker for checksums cache (D:\Vibe Coding\TwinPacemaker\mobile_app\android\.gradle\8.14\checksums)"        [_thread_blocked, id=2556, stack(0x000000b905a00000,0x000000b905b00000) (1024K)]
  0x000001d6fb106580 JavaThread "Cache worker for file content cache (C:\Users\DELL\.gradle\caches\8.14\fileContent)"        [_thread_blocked, id=32948, stack(0x000000b905b00000,0x000000b905c00000) (1024K)]
  0x000001d6fb104b40 JavaThread "jar transforms Thread 6"           [_thread_blocked, id=25972, stack(0x000000b905c00000,0x000000b905d00000) (1024K)]
  0x000001d6fb1072a0 JavaThread "jar transforms Thread 7"           [_thread_blocked, id=32484, stack(0x000000b905d00000,0x000000b905e00000) (1024K)]
  0x000001d6fb108650 JavaThread "jar transforms Thread 8"           [_thread_blocked, id=32036, stack(0x000000b905e00000,0x000000b905f00000) (1024K)]
  0x000001d6fb107930 JavaThread "jar transforms Thread 9"           [_thread_blocked, id=27496, stack(0x000000b905f00000,0x000000b906000000) (1024K)]
  0x000001d6fb1051d0 JavaThread "jar transforms Thread 10"          [_thread_blocked, id=29456, stack(0x000000b906000000,0x000000b906100000) (1024K)]
  0x000001d6fb108ce0 JavaThread "jar transforms Thread 11"          [_thread_blocked, id=33580, stack(0x000000b906100000,0x000000b906200000) (1024K)]
  0x000001d6fb107fc0 JavaThread "jar transforms Thread 12"          [_thread_blocked, id=18924, stack(0x000000b906200000,0x000000b906300000) (1024K)]
  0x000001d6fb10a720 JavaThread "Cache worker for cache directory md-supplier (C:\Users\DELL\.gradle\caches\8.14\md-supplier)"        [_thread_blocked, id=26260, stack(0x000000b906300000,0x000000b906400000) (1024K)]
  0x000001d6fb10a090 JavaThread "Cache worker for cache directory md-rule (C:\Users\DELL\.gradle\caches\8.14\md-rule)"        [_thread_blocked, id=32356, stack(0x000000b906400000,0x000000b906500000) (1024K)]
  0x000001d6fb109a00 JavaThread "Cache worker for Build Output Cleanup Cache (D:\flutter\packages\flutter_tools\gradle\.gradle\buildOutputCleanup)"        [_thread_blocked, id=33692, stack(0x000000b906500000,0x000000b906600000) (1024K)]
  0x000001d6fad16d50 JavaThread "Unconstrained build operations"        [_thread_blocked, id=9708, stack(0x000000b906600000,0x000000b906700000) (1024K)]
  0x000001d6fad173e0 JavaThread "Unconstrained build operations Thread 2"        [_thread_blocked, id=10740, stack(0x000000b906700000,0x000000b906800000) (1024K)]
  0x000001d6fad194b0 JavaThread "Unconstrained build operations Thread 3"        [_thread_blocked, id=27724, stack(0x000000b906800000,0x000000b906900000) (1024K)]
  0x000001d6fad18e20 JavaThread "Unconstrained build operations Thread 4"        [_thread_blocked, id=7452, stack(0x000000b906900000,0x000000b906a00000) (1024K)]
  0x000001d6fad166c0 JavaThread "Unconstrained build operations Thread 5"        [_thread_blocked, id=9924, stack(0x000000b906a00000,0x000000b906b00000) (1024K)]
  0x000001d6fad18100 JavaThread "Unconstrained build operations Thread 6"        [_thread_blocked, id=5052, stack(0x000000b906b00000,0x000000b906c00000) (1024K)]
  0x000001d6fad18790 JavaThread "Unconstrained build operations Thread 7"        [_thread_blocked, id=26068, stack(0x000000b906c00000,0x000000b906d00000) (1024K)]
  0x000001d6fd9085f0 JavaThread "Unconstrained build operations Thread 8"        [_thread_blocked, id=13512, stack(0x000000b906d00000,0x000000b906e00000) (1024K)]
  0x000001d6fd909310 JavaThread "Unconstrained build operations Thread 9"        [_thread_blocked, id=14684, stack(0x000000b906e00000,0x000000b906f00000) (1024K)]
  0x000001d6fd906bb0 JavaThread "Unconstrained build operations Thread 10"        [_thread_blocked, id=30784, stack(0x000000b906f00000,0x000000b907000000) (1024K)]
  0x000001d6fd907240 JavaThread "Unconstrained build operations Thread 11"        [_thread_blocked, id=30972, stack(0x000000b907000000,0x000000b907100000) (1024K)]
  0x000001d6fd905e90 JavaThread "Unconstrained build operations Thread 12"        [_thread_blocked, id=30028, stack(0x000000b907100000,0x000000b907200000) (1024K)]
  0x000001d6fd907f60 JavaThread "Unconstrained build operations Thread 13"        [_thread_blocked, id=28328, stack(0x000000b907200000,0x000000b907300000) (1024K)]
  0x000001d6fd906520 JavaThread "Unconstrained build operations Thread 14"        [_thread_blocked, id=29832, stack(0x000000b907300000,0x000000b907400000) (1024K)]
  0x000001d6fd90a6c0 JavaThread "Unconstrained build operations Thread 15"        [_thread_blocked, id=2756, stack(0x000000b907400000,0x000000b907500000) (1024K)]
  0x000001d6fd9099a0 JavaThread "Unconstrained build operations Thread 16"        [_thread_blocked, id=31508, stack(0x000000b907500000,0x000000b907600000) (1024K)]
  0x000001d6fd908c80 JavaThread "Unconstrained build operations Thread 17"        [_thread_blocked, id=25816, stack(0x000000b907600000,0x000000b907700000) (1024K)]
  0x000001d6fd90ad50 JavaThread "Unconstrained build operations Thread 18"        [_thread_blocked, id=26880, stack(0x000000b907700000,0x000000b907800000) (1024K)]
  0x000001d6fd90a030 JavaThread "Unconstrained build operations Thread 19"        [_thread_blocked, id=26188, stack(0x000000b907800000,0x000000b907900000) (1024K)]
  0x000001d6fd9078d0 JavaThread "Unconstrained build operations Thread 20"        [_thread_blocked, id=32376, stack(0x000000b907900000,0x000000b907a00000) (1024K)]
  0x000001d6fd90b3e0 JavaThread "Unconstrained build operations Thread 21"        [_thread_blocked, id=3484, stack(0x000000b907a00000,0x000000b907b00000) (1024K)]
  0x000001d6fd90ce20 JavaThread "Unconstrained build operations Thread 22"        [_thread_blocked, id=27024, stack(0x000000b907b00000,0x000000b907c00000) (1024K)]
  0x000001d6fd90ba70 JavaThread "Unconstrained build operations Thread 23"        [_thread_blocked, id=27192, stack(0x000000b907c00000,0x000000b907d00000) (1024K)]
  0x000001d6fd90c100 JavaThread "Unconstrained build operations Thread 24"        [_thread_blocked, id=11064, stack(0x000000b907d00000,0x000000b907e00000) (1024K)]
  0x000001d6fd90c790 JavaThread "Unconstrained build operations Thread 25"        [_thread_blocked, id=18580, stack(0x000000b907e00000,0x000000b907f00000) (1024K)]
  0x000001d6fd90d4b0 JavaThread "Unconstrained build operations Thread 26"        [_thread_blocked, id=2052, stack(0x000000b907f00000,0x000000b908000000) (1024K)]
  0x000001d6fe915250 JavaThread "Unconstrained build operations Thread 27"        [_thread_blocked, id=23472, stack(0x000000b908000000,0x000000b908100000) (1024K)]
  0x000001d6fe916600 JavaThread "Unconstrained build operations Thread 28"        [_thread_blocked, id=27380, stack(0x000000b908100000,0x000000b908200000) (1024K)]
  0x000001d6fe916c90 JavaThread "Unconstrained build operations Thread 29"        [_thread_blocked, id=21652, stack(0x000000b908200000,0x000000b908300000) (1024K)]
  0x000001d6fe915f70 JavaThread "Unconstrained build operations Thread 30"        [_thread_blocked, id=31416, stack(0x000000b908300000,0x000000b908400000) (1024K)]
  0x000001d6fe9158e0 JavaThread "Unconstrained build operations Thread 31"        [_thread_blocked, id=3152, stack(0x000000b908400000,0x000000b908500000) (1024K)]
  0x000001d6fe914530 JavaThread "Unconstrained build operations Thread 32"        [_thread_blocked, id=24540, stack(0x000000b908500000,0x000000b908600000) (1024K)]
  0x000001d6fe913810 JavaThread "Unconstrained build operations Thread 33"        [_thread_blocked, id=7880, stack(0x000000b908600000,0x000000b908700000) (1024K)]
  0x000001d6fe913ea0 JavaThread "Memory manager"                    [_thread_blocked, id=3612, stack(0x000000b908700000,0x000000b908800000) (1024K)]
  0x000001d6fe918040 JavaThread "build event listener"              [_thread_blocked, id=26052, stack(0x000000b905000000,0x000000b905100000) (1024K)]
  0x000001d680082730 JavaThread "included builds"                   [_thread_blocked, id=4436, stack(0x000000b908900000,0x000000b908a00000) (1024K)]
  0x000001d6800889a0 JavaThread "Execution worker"                  [_thread_blocked, id=1692, stack(0x000000b908a00000,0x000000b908b00000) (1024K)]
  0x000001d680089030 JavaThread "Execution worker Thread 2"         [_thread_blocked, id=25648, stack(0x000000b908b00000,0x000000b908c00000) (1024K)]
  0x000001d6800896c0 JavaThread "Execution worker Thread 3"         [_thread_blocked, id=24592, stack(0x000000b908c00000,0x000000b908d00000) (1024K)]
  0x000001d680086240 JavaThread "Execution worker Thread 4"         [_thread_blocked, id=18132, stack(0x000000b908d00000,0x000000b908e00000) (1024K)]
  0x000001d680087c80 JavaThread "Execution worker Thread 5"         [_thread_blocked, id=11872, stack(0x000000b908e00000,0x000000b908f00000) (1024K)]
  0x000001d6800868d0 JavaThread "Execution worker Thread 6"         [_thread_blocked, id=20252, stack(0x000000b908f00000,0x000000b909000000) (1024K)]
  0x000001d680086f60 JavaThread "Execution worker Thread 7"         [_thread_blocked, id=7096, stack(0x000000b909000000,0x000000b909100000) (1024K)]
  0x000001d6800875f0 JavaThread "Execution worker Thread 8"         [_thread_blocked, id=27608, stack(0x000000b909100000,0x000000b909200000) (1024K)]
  0x000001d680088310 JavaThread "Execution worker Thread 9"         [_thread_blocked, id=32188, stack(0x000000b909200000,0x000000b909300000) (1024K)]
  0x000001d6fb103e20 JavaThread "Execution worker Thread 10"        [_thread_blocked, id=26816, stack(0x000000b909300000,0x000000b909400000) (1024K)]
  0x000001d6fe914bc0 JavaThread "Execution worker Thread 11"        [_thread_blocked, id=21188, stack(0x000000b909400000,0x000000b909500000) (1024K)]
  0x000001d6fdc1f6a0 JavaThread "Cache worker for execution history cache (D:\flutter\packages\flutter_tools\gradle\.gradle\8.14\executionHistory)"        [_thread_blocked, id=31588, stack(0x000000b909500000,0x000000b909600000) (1024K)]
  0x000001d6fdc1e2f0 JavaThread "Unconstrained build operations Thread 34"        [_thread_blocked, id=25640, stack(0x000000b909600000,0x000000b909700000) (1024K)]
  0x000001d6fdc1c220 JavaThread "Unconstrained build operations Thread 35"        [_thread_blocked, id=26576, stack(0x000000b909700000,0x000000b909800000) (1024K)]
  0x000001d6fdc1c8b0 JavaThread "Unconstrained build operations Thread 36"        [_thread_blocked, id=10724, stack(0x000000b909800000,0x000000b909900000) (1024K)]
  0x000001d6fdc1e980 JavaThread "Unconstrained build operations Thread 37"        [_thread_blocked, id=7316, stack(0x000000b909900000,0x000000b909a00000) (1024K)]
  0x000001d6fdc1f010 JavaThread "Unconstrained build operations Thread 38"        [_thread_blocked, id=32916, stack(0x000000b909a00000,0x000000b909b00000) (1024K)]
  0x000001d6fdc1fd30 JavaThread "Unconstrained build operations Thread 39"        [_thread_blocked, id=21968, stack(0x000000b909b00000,0x000000b909c00000) (1024K)]
  0x000001d6fdc203c0 JavaThread "Unconstrained build operations Thread 40"        [_thread_blocked, id=18188, stack(0x000000b909c00000,0x000000b909d00000) (1024K)]
  0x000001d6fdc1cf40 JavaThread "Unconstrained build operations Thread 41"        [_thread_blocked, id=24836, stack(0x000000b909d00000,0x000000b909e00000) (1024K)]
  0x000001d6fdc20a50 JavaThread "Unconstrained build operations Thread 42"        [_thread_blocked, id=2084, stack(0x000000b909e00000,0x000000b909f00000) (1024K)]
  0x000001d6fdc1d5d0 JavaThread "Unconstrained build operations Thread 43"        [_thread_blocked, id=28840, stack(0x000000b909f00000,0x000000b90a000000) (1024K)]
  0x000001d6fdc210e0 JavaThread "Unconstrained build operations Thread 44"        [_thread_blocked, id=19516, stack(0x000000b90a000000,0x000000b90a100000) (1024K)]
  0x000001d6fdc1dc60 JavaThread "Unconstrained build operations Thread 45"        [_thread_blocked, id=21288, stack(0x000000b90a100000,0x000000b90a200000) (1024K)]
  0x000001d6fdc231b0 JavaThread "Unconstrained build operations Thread 46"        [_thread_blocked, id=2024, stack(0x000000b90a200000,0x000000b90a300000) (1024K)]
  0x000001d6fdc21e00 JavaThread "Unconstrained build operations Thread 47"        [_thread_blocked, id=30380, stack(0x000000b90a300000,0x000000b90a400000) (1024K)]
  0x000001d6fdc22490 JavaThread "Unconstrained build operations Thread 48"        [_thread_blocked, id=20276, stack(0x000000b90a400000,0x000000b90a500000) (1024K)]
  0x000001d6fdc22b20 JavaThread "Unconstrained build operations Thread 49"        [_thread_blocked, id=23600, stack(0x000000b90a500000,0x000000b90a600000) (1024K)]
  0x000001d6fdc21770 JavaThread "Unconstrained build operations Thread 50"        [_thread_blocked, id=31592, stack(0x000000b90a600000,0x000000b90a700000) (1024K)]
  0x000001d6fdc23840 JavaThread "Unconstrained build operations Thread 51"        [_thread_blocked, id=29376, stack(0x000000b90a700000,0x000000b90a800000) (1024K)]
  0x000001d680084800 JavaThread "Unconstrained build operations Thread 52"        [_thread_blocked, id=21308, stack(0x000000b90a800000,0x000000b90a900000) (1024K)]
  0x000001d6800820a0 JavaThread "Unconstrained build operations Thread 53"        [_thread_blocked, id=24448, stack(0x000000b90a900000,0x000000b90aa00000) (1024K)]
  0x000001d680085bb0 JavaThread "Unconstrained build operations Thread 54"        [_thread_blocked, id=4020, stack(0x000000b90aa00000,0x000000b90ab00000) (1024K)]
  0x000001d680084170 JavaThread "Unconstrained build operations Thread 55"        [_thread_blocked, id=25688, stack(0x000000b90ab00000,0x000000b90ac00000) (1024K)]
  0x000001d680082dc0 JavaThread "Unconstrained build operations Thread 56"        [_thread_blocked, id=4424, stack(0x000000b90ac00000,0x000000b90ad00000) (1024K)]
  0x000001d6bfa985a0 JavaThread "Unconstrained build operations Thread 57"        [_thread_blocked, id=15596, stack(0x000000b90ad00000,0x000000b90ae00000) (1024K)]
  0x000001d6bfa98c30 JavaThread "Unconstrained build operations Thread 58"        [_thread_blocked, id=23776, stack(0x000000b90ae00000,0x000000b90af00000) (1024K)]
  0x000001d6bfa971f0 JavaThread "Unconstrained build operations Thread 59"        [_thread_blocked, id=32628, stack(0x000000b90af00000,0x000000b90b000000) (1024K)]
  0x000001d6bfa992c0 JavaThread "Unconstrained build operations Thread 60"        [_thread_blocked, id=12576, stack(0x000000b90b000000,0x000000b90b100000) (1024K)]
  0x000001d6bfa97880 JavaThread "Unconstrained build operations Thread 61"        [_thread_blocked, id=21984, stack(0x000000b90b100000,0x000000b90b200000) (1024K)]
  0x000001d6bfa96b60 JavaThread "Unconstrained build operations Thread 62"        [_thread_blocked, id=25760, stack(0x000000b90b200000,0x000000b90b300000) (1024K)]
  0x000001d6bfa97f10 JavaThread "Unconstrained build operations Thread 63"        [_thread_blocked, id=31460, stack(0x000000b90b300000,0x000000b90b400000) (1024K)]
  0x000001d6bfa95e40 JavaThread "Unconstrained build operations Thread 64"        [_thread_blocked, id=29060, stack(0x000000b90b400000,0x000000b90b500000) (1024K)]
  0x000001d6bfa99950 JavaThread "Unconstrained build operations Thread 65"        [_thread_blocked, id=25420, stack(0x000000b90b500000,0x000000b90b600000) (1024K)]
  0x000001d6bfa964d0 JavaThread "Unconstrained build operations Thread 66"        [_thread_blocked, id=21588, stack(0x000000b90b600000,0x000000b90b700000) (1024K)]
  0x000001d6bfa99fe0 JavaThread "Unconstrained build operations Thread 67"        [_thread_blocked, id=9336, stack(0x000000b90b700000,0x000000b90b800000) (1024K)]
  0x000001d6bfa9cdd0 JavaThread "Unconstrained build operations Thread 68"        [_thread_blocked, id=2752, stack(0x000000b90b800000,0x000000b90b900000) (1024K)]
  0x000001d6bfa9c0b0 JavaThread "Unconstrained build operations Thread 69"        [_thread_blocked, id=26004, stack(0x000000b90b900000,0x000000b90ba00000) (1024K)]
  0x000001d6bfa9ba20 JavaThread "Unconstrained build operations Thread 70"        [_thread_blocked, id=22484, stack(0x000000b90ba00000,0x000000b90bb00000) (1024K)]
  0x000001d6bfa9ad00 JavaThread "Unconstrained build operations Thread 71"        [_thread_blocked, id=21220, stack(0x000000b90bb00000,0x000000b90bc00000) (1024K)]
  0x000001d6bfa9a670 JavaThread "Unconstrained build operations Thread 72"        [_thread_blocked, id=32296, stack(0x000000b90bc00000,0x000000b90bd00000) (1024K)]
  0x000001d6bfa9b390 JavaThread "Unconstrained build operations Thread 73"        [_thread_blocked, id=27936, stack(0x000000b90bd00000,0x000000b90be00000) (1024K)]
  0x000001d6bfa9c740 JavaThread "Unconstrained build operations Thread 74"        [_thread_blocked, id=29300, stack(0x000000b90be00000,0x000000b90bf00000) (1024K)]
  0x000001d6bfa9d460 JavaThread "Unconstrained build operations Thread 75"        [_thread_blocked, id=2768, stack(0x000000b90bf00000,0x000000b90c000000) (1024K)]
  0x000001d6fee5ee70 JavaThread "Unconstrained build operations Thread 76"        [_thread_blocked, id=24136, stack(0x000000b90c000000,0x000000b90c100000) (1024K)]
  0x000001d6fee5fb90 JavaThread "Unconstrained build operations Thread 77"        [_thread_blocked, id=18036, stack(0x000000b90c100000,0x000000b90c200000) (1024K)]
  0x000001d6fee615d0 JavaThread "Unconstrained build operations Thread 78"        [_thread_blocked, id=29756, stack(0x000000b90c200000,0x000000b90c300000) (1024K)]
  0x000001d6fee5e150 JavaThread "Unconstrained build operations Thread 79"        [_thread_blocked, id=20356, stack(0x000000b90c300000,0x000000b90c400000) (1024K)]
  0x000001d6fee60220 JavaThread "Unconstrained build operations Thread 80"        [_thread_blocked, id=18328, stack(0x000000b90c400000,0x000000b90c500000) (1024K)]
  0x000001d6fee608b0 JavaThread "Unconstrained build operations Thread 81"        [_thread_blocked, id=27408, stack(0x000000b90c500000,0x000000b90c600000) (1024K)]
  0x000001d6fee5f500 JavaThread "Unconstrained build operations Thread 82"        [_thread_blocked, id=27832, stack(0x000000b90c600000,0x000000b90c700000) (1024K)]
  0x000001d6fee60f40 JavaThread "Unconstrained build operations Thread 83"        [_thread_blocked, id=29764, stack(0x000000b90c700000,0x000000b90c800000) (1024K)]
  0x000001d6fee61c60 JavaThread "Unconstrained build operations Thread 84"        [_thread_blocked, id=32440, stack(0x000000b90c800000,0x000000b90c900000) (1024K)]
  0x000001d6fee5e7e0 JavaThread "Unconstrained build operations Thread 85"        [_thread_blocked, id=29432, stack(0x000000b90c900000,0x000000b90ca00000) (1024K)]
  0x000001d6fee65770 JavaThread "Unconstrained build operations Thread 86"        [_thread_blocked, id=31544, stack(0x000000b90ca00000,0x000000b90cb00000) (1024K)]
  0x000001d6fee622f0 JavaThread "Unconstrained build operations Thread 87"        [_thread_blocked, id=33552, stack(0x000000b90cb00000,0x000000b90cc00000) (1024K)]
  0x000001d6fee62980 JavaThread "Unconstrained build operations Thread 88"        [_thread_blocked, id=23256, stack(0x000000b90cc00000,0x000000b90cd00000) (1024K)]
  0x000001d6fee63010 JavaThread "Unconstrained build operations Thread 89"        [_thread_blocked, id=31940, stack(0x000000b90cd00000,0x000000b90ce00000) (1024K)]
  0x000001d6fee63d30 JavaThread "Unconstrained build operations Thread 90"        [_thread_blocked, id=2132, stack(0x000000b90ce00000,0x000000b90cf00000) (1024K)]
  0x000001d6ff0ac810 JavaThread "Unconstrained build operations Thread 91"        [_thread_blocked, id=25732, stack(0x000000b90cf00000,0x000000b90d000000) (1024K)]
  0x000001d6ff0aadd0 JavaThread "Unconstrained build operations Thread 92"        [_thread_blocked, id=24504, stack(0x000000b90d000000,0x000000b90d100000) (1024K)]
  0x000001d6ff0abaf0 JavaThread "Unconstrained build operations Thread 93"        [_thread_blocked, id=28192, stack(0x000000b90d100000,0x000000b90d200000) (1024K)]
  0x000001d6ff0ae8e0 JavaThread "Unconstrained build operations Thread 94"        [_thread_blocked, id=24368, stack(0x000000b90d200000,0x000000b90d300000) (1024K)]
  0x000001d6ff0aef70 JavaThread "Unconstrained build operations Thread 95"        [_thread_blocked, id=1560, stack(0x000000b90d300000,0x000000b90d400000) (1024K)]
  0x000001d6ff0af600 JavaThread "Unconstrained build operations Thread 96"        [_thread_blocked, id=33264, stack(0x000000b90d400000,0x000000b90d500000) (1024K)]
  0x000001d6ff0ac180 JavaThread "Unconstrained build operations Thread 97"        [_thread_blocked, id=32692, stack(0x000000b90d500000,0x000000b90d600000) (1024K)]
  0x000001d6ff0b0320 JavaThread "Unconstrained build operations Thread 98"        [_thread_blocked, id=26120, stack(0x000000b90d600000,0x000000b90d700000) (1024K)]
  0x000001d6ff0afc90 JavaThread "Unconstrained build operations Thread 99"        [_thread_blocked, id=18080, stack(0x000000b90d700000,0x000000b90d800000) (1024K)]
  0x000001d6ff0acea0 JavaThread "Unconstrained build operations Thread 100"        [_thread_blocked, id=9176, stack(0x000000b90d800000,0x000000b90d900000) (1024K)]
  0x000001d6ff0b09b0 JavaThread "Unconstrained build operations Thread 101"        [_thread_blocked, id=20476, stack(0x000000b90d900000,0x000000b90da00000) (1024K)]
  0x000001d6fee636a0 JavaThread "Kotlin DSL Writer"                 [_thread_blocked, id=15072, stack(0x000000b908800000,0x000000b908900000) (1024K)]
  0x000001d6fcfc3320 JavaThread "C2 CompilerThread1"         daemon [_thread_in_native, id=30748, stack(0x000000b904a00000,0x000000b904b00000) (1024K)]
  0x000001d6fcfbfca0 JavaThread "C2 CompilerThread2"         daemon [_thread_in_native, id=25668, stack(0x000000b90da00000,0x000000b90db00000) (1024K)]
Total: 164

Other Threads:
  0x000001d6bf75e700 VMThread "VM Thread"                           [id=30564, stack(0x000000b902c00000,0x000000b902d00000) (1024K)]
  0x000001d6bf8419e0 WatcherThread "VM Periodic Task Thread"        [id=25148, stack(0x000000b902b00000,0x000000b902c00000) (1024K)]
  0x000001d6a57fe040 WorkerThread "GC Thread#0"                     [id=33108, stack(0x000000b902600000,0x000000b902700000) (1024K)]
  0x000001d6f90cd850 WorkerThread "GC Thread#1"                     [id=26396, stack(0x000000b903900000,0x000000b903a00000) (1024K)]
  0x000001d6f90cdc00 WorkerThread "GC Thread#2"                     [id=29312, stack(0x000000b903a00000,0x000000b903b00000) (1024K)]
  0x000001d6f90cdfb0 WorkerThread "GC Thread#3"                     [id=30444, stack(0x000000b903b00000,0x000000b903c00000) (1024K)]
  0x000001d6f92a5190 WorkerThread "GC Thread#4"                     [id=200, stack(0x000000b903c00000,0x000000b903d00000) (1024K)]
  0x000001d6f92a5540 WorkerThread "GC Thread#5"                     [id=20244, stack(0x000000b903d00000,0x000000b903e00000) (1024K)]
  0x000001d6fa766000 WorkerThread "GC Thread#6"                     [id=27996, stack(0x000000b903700000,0x000000b903800000) (1024K)]
  0x000001d6fb2aadf0 WorkerThread "GC Thread#7"                     [id=32836, stack(0x000000b904b00000,0x000000b904c00000) (1024K)]
  0x000001d6fb2ab1a0 WorkerThread "GC Thread#8"                     [id=29096, stack(0x000000b904c00000,0x000000b904d00000) (1024K)]
  0x000001d6fb2a8910 WorkerThread "GC Thread#9"                     [id=27852, stack(0x000000b904d00000,0x000000b904e00000) (1024K)]
  0x000001d6a7c2aa50 ConcurrentGCThread "G1 Main Marker"            [id=9296, stack(0x000000b902700000,0x000000b902800000) (1024K)]
  0x000001d6a7c2b470 WorkerThread "G1 Conc#0"                       [id=13716, stack(0x000000b902800000,0x000000b902900000) (1024K)]
  0x000001d6fb2a8560 WorkerThread "G1 Conc#1"                       [id=18344, stack(0x000000b904e00000,0x000000b904f00000) (1024K)]
  0x000001d6fb2a8cc0 WorkerThread "G1 Conc#2"                       [id=4856, stack(0x000000b904f00000,0x000000b905000000) (1024K)]
  0x000001d6bf699ae0 ConcurrentGCThread "G1 Refine#0"               [id=26388, stack(0x000000b902900000,0x000000b902a00000) (1024K)]
  0x000001d6bf69c480 ConcurrentGCThread "G1 Service"                [id=21088, stack(0x000000b902a00000,0x000000b902b00000) (1024K)]
Total: 18

Threads with active compile tasks:
C2 CompilerThread0  47109 16519       4       org.objectweb.asm.ClassReader::readCode (5117 bytes)
C1 CompilerThread0  47109 16728       3       org.gradle.kotlin.dsl.normalization.KotlinApiMemberWriter::parseKotlinClassHeader (738 bytes)
C2 CompilerThread1  47110 16707       4       org.objectweb.asm.ClassReader::readMethod (1070 bytes)
C2 CompilerThread2  47110 16722       4       org.objectweb.asm.MethodWriter::computeMethodInfoSize (571 bytes)
Total: 4

VM state: not at safepoint (normal execution)

VM Mutex/Monitor currently owned by a thread: None

Heap address: 0x0000000080000000, size: 2048 MB, Compressed Oops mode: 32-bit

CDS archive(s) mapped at: [0x000001d6c0000000-0x000001d6c0ba0000-0x000001d6c0ba0000), size 12189696, SharedBaseAddress: 0x000001d6c0000000, ArchiveRelocationMode: 1.
Compressed class space mapped at: 0x000001d6c1000000-0x000001d6f5000000, reserved size: 872415232
Narrow klass base: 0x000001d6c0000000, Narrow klass shift: 0, Narrow klass range: 0x100000000

GC Precious Log:
 CardTable entry size: 512
 Card Set container configuration: InlinePtr #cards 5 size 8 Array Of Cards #cards 12 size 40 Howl #buckets 4 coarsen threshold 1843 Howl Bitmap #cards 512 size 80 coarsen threshold 460 Card regions per heap region 1 cards per card region 2048
 CPUs: 12 total, 12 available
 Memory: 16166M
 Large Page Support: Disabled
 NUMA Support: Disabled
 Compressed Oops: Enabled (32-bit)
 Heap Region Size: 1M
 Heap Min Capacity: 8M
 Heap Initial Capacity: 254M
 Heap Max Capacity: 2G
 Pre-touch: Disabled
 Parallel Workers: 10
 Concurrent Workers: 3
 Concurrent Refinement Workers: 10
 Periodic GC: Disabled

Heap:
 garbage-first heap   total 229376K, used 142929K [0x0000000080000000, 0x0000000100000000)
  region size 1024K, 10 young (10240K), 9 survivors (9216K)
 Metaspace       used 143580K, committed 146368K, reserved 983040K
  class space    used 19161K, committed 20480K, reserved 851968K

Heap Regions: E=young(eden), S=young(survivor), O=old, HS=humongous(starts), HC=humongous(continues), CS=collection set, F=free, TAMS=top-at-mark-start, PB=parsable bottom
|   0|0x0000000080000000, 0x0000000080100000, 0x0000000080100000|100%|HS|  |TAMS 0x0000000080000000| PB 0x0000000080000000| Complete 
|   1|0x0000000080100000, 0x0000000080200000, 0x0000000080200000|100%|HC|  |TAMS 0x0000000080100000| PB 0x0000000080100000| Complete 
|   2|0x0000000080200000, 0x0000000080300000, 0x0000000080300000|100%|HC|  |TAMS 0x0000000080200000| PB 0x0000000080200000| Complete 
|   3|0x0000000080300000, 0x0000000080400000, 0x0000000080400000|100%| O|  |TAMS 0x0000000080300000| PB 0x0000000080300000| Untracked 
|   4|0x0000000080400000, 0x0000000080500000, 0x0000000080500000|100%| O|  |TAMS 0x0000000080400000| PB 0x0000000080400000| Untracked 
|   5|0x0000000080500000, 0x0000000080600000, 0x0000000080600000|100%| O|  |TAMS 0x0000000080500000| PB 0x0000000080500000| Untracked 
|   6|0x0000000080600000, 0x0000000080700000, 0x0000000080700000|100%|HS|  |TAMS 0x0000000080600000| PB 0x0000000080600000| Complete 
|   7|0x0000000080700000, 0x0000000080800000, 0x0000000080800000|100%| O|  |TAMS 0x0000000080700000| PB 0x0000000080700000| Untracked 
|   8|0x0000000080800000, 0x0000000080900000, 0x0000000080900000|100%| O|  |TAMS 0x0000000080800000| PB 0x0000000080800000| Untracked 
|   9|0x0000000080900000, 0x0000000080a00000, 0x0000000080a00000|100%| O|  |TAMS 0x0000000080900000| PB 0x0000000080900000| Untracked 
|  10|0x0000000080a00000, 0x0000000080b00000, 0x0000000080b00000|100%| O|  |TAMS 0x0000000080a00000| PB 0x0000000080a00000| Untracked 
|  11|0x0000000080b00000, 0x0000000080c00000, 0x0000000080c00000|100%| O|  |TAMS 0x0000000080b00000| PB 0x0000000080b00000| Untracked 
|  12|0x0000000080c00000, 0x0000000080d00000, 0x0000000080d00000|100%| O|  |TAMS 0x0000000080c00000| PB 0x0000000080c00000| Untracked 
|  13|0x0000000080d00000, 0x0000000080e00000, 0x0000000080e00000|100%| O|  |TAMS 0x0000000080d00000| PB 0x0000000080d00000| Untracked 
|  14|0x0000000080e00000, 0x0000000080f00000, 0x0000000080f00000|100%| O|  |TAMS 0x0000000080e00000| PB 0x0000000080e00000| Untracked 
|  15|0x0000000080f00000, 0x0000000081000000, 0x0000000081000000|100%| O|  |TAMS 0x0000000080f00000| PB 0x0000000080f00000| Untracked 
|  16|0x0000000081000000, 0x0000000081100000, 0x0000000081100000|100%| O|  |TAMS 0x0000000081000000| PB 0x0000000081000000| Untracked 
|  17|0x0000000081100000, 0x0000000081200000, 0x0000000081200000|100%| O|  |TAMS 0x0000000081100000| PB 0x0000000081100000| Untracked 
|  18|0x0000000081200000, 0x0000000081300000, 0x0000000081300000|100%| O|  |TAMS 0x0000000081200000| PB 0x0000000081200000| Untracked 
|  19|0x0000000081300000, 0x0000000081400000, 0x0000000081400000|100%| O|  |TAMS 0x0000000081300000| PB 0x0000000081300000| Untracked 
|  20|0x0000000081400000, 0x0000000081500000, 0x0000000081500000|100%| O|  |TAMS 0x0000000081400000| PB 0x0000000081400000| Untracked 
|  21|0x0000000081500000, 0x0000000081600000, 0x0000000081600000|100%| O|  |TAMS 0x0000000081500000| PB 0x0000000081500000| Untracked 
|  22|0x0000000081600000, 0x0000000081700000, 0x0000000081700000|100%| O|  |TAMS 0x0000000081600000| PB 0x0000000081600000| Untracked 
|  23|0x0000000081700000, 0x0000000081800000, 0x0000000081800000|100%| O|  |TAMS 0x0000000081700000| PB 0x0000000081700000| Untracked 
|  24|0x0000000081800000, 0x0000000081900000, 0x0000000081900000|100%| O|  |TAMS 0x0000000081800000| PB 0x0000000081800000| Untracked 
|  25|0x0000000081900000, 0x0000000081a00000, 0x0000000081a00000|100%| O|  |TAMS 0x0000000081900000| PB 0x0000000081900000| Untracked 
|  26|0x0000000081a00000, 0x0000000081b00000, 0x0000000081b00000|100%| O|  |TAMS 0x0000000081a00000| PB 0x0000000081a00000| Untracked 
|  27|0x0000000081b00000, 0x0000000081c00000, 0x0000000081c00000|100%| O|  |TAMS 0x0000000081b00000| PB 0x0000000081b00000| Untracked 
|  28|0x0000000081c00000, 0x0000000081d00000, 0x0000000081d00000|100%| O|  |TAMS 0x0000000081c00000| PB 0x0000000081c00000| Untracked 
|  29|0x0000000081d00000, 0x0000000081e00000, 0x0000000081e00000|100%| O|  |TAMS 0x0000000081d00000| PB 0x0000000081d00000| Untracked 
|  30|0x0000000081e00000, 0x0000000081f00000, 0x0000000081f00000|100%| O|  |TAMS 0x0000000081e00000| PB 0x0000000081e00000| Untracked 
|  31|0x0000000081f00000, 0x0000000082000000, 0x0000000082000000|100%| O|  |TAMS 0x0000000081f00000| PB 0x0000000081f00000| Untracked 
|  32|0x0000000082000000, 0x0000000082100000, 0x0000000082100000|100%| O|  |TAMS 0x0000000082000000| PB 0x0000000082000000| Untracked 
|  33|0x0000000082100000, 0x0000000082200000, 0x0000000082200000|100%| O|  |TAMS 0x0000000082100000| PB 0x0000000082100000| Untracked 
|  34|0x0000000082200000, 0x0000000082300000, 0x0000000082300000|100%| O|  |TAMS 0x0000000082200000| PB 0x0000000082200000| Untracked 
|  35|0x0000000082300000, 0x0000000082400000, 0x0000000082400000|100%| O|  |TAMS 0x0000000082300000| PB 0x0000000082300000| Untracked 
|  36|0x0000000082400000, 0x0000000082500000, 0x0000000082500000|100%| O|  |TAMS 0x0000000082400000| PB 0x0000000082400000| Untracked 
|  37|0x0000000082500000, 0x0000000082600000, 0x0000000082600000|100%| O|  |TAMS 0x0000000082500000| PB 0x0000000082500000| Untracked 
|  38|0x0000000082600000, 0x0000000082700000, 0x0000000082700000|100%| O|  |TAMS 0x0000000082600000| PB 0x0000000082600000| Untracked 
|  39|0x0000000082700000, 0x0000000082800000, 0x0000000082800000|100%| O|  |TAMS 0x0000000082700000| PB 0x0000000082700000| Untracked 
|  40|0x0000000082800000, 0x0000000082900000, 0x0000000082900000|100%| O|  |TAMS 0x0000000082800000| PB 0x0000000082800000| Untracked 
|  41|0x0000000082900000, 0x0000000082a00000, 0x0000000082a00000|100%| O|  |TAMS 0x0000000082900000| PB 0x0000000082900000| Untracked 
|  42|0x0000000082a00000, 0x0000000082b00000, 0x0000000082b00000|100%| O|  |TAMS 0x0000000082a00000| PB 0x0000000082a00000| Untracked 
|  43|0x0000000082b00000, 0x0000000082c00000, 0x0000000082c00000|100%| O|  |TAMS 0x0000000082b00000| PB 0x0000000082b00000| Untracked 
|  44|0x0000000082c00000, 0x0000000082d00000, 0x0000000082d00000|100%| O|  |TAMS 0x0000000082c00000| PB 0x0000000082c00000| Untracked 
|  45|0x0000000082d00000, 0x0000000082e00000, 0x0000000082e00000|100%| O|  |TAMS 0x0000000082d00000| PB 0x0000000082d00000| Untracked 
|  46|0x0000000082e00000, 0x0000000082f00000, 0x0000000082f00000|100%|HS|  |TAMS 0x0000000082e00000| PB 0x0000000082e00000| Complete 
|  47|0x0000000082f00000, 0x0000000083000000, 0x0000000083000000|100%|HC|  |TAMS 0x0000000082f00000| PB 0x0000000082f00000| Complete 
|  48|0x0000000083000000, 0x0000000083100000, 0x0000000083100000|100%|HS|  |TAMS 0x0000000083000000| PB 0x0000000083000000| Complete 
|  49|0x0000000083100000, 0x0000000083200000, 0x0000000083200000|100%|HC|  |TAMS 0x0000000083100000| PB 0x0000000083100000| Complete 
|  50|0x0000000083200000, 0x0000000083300000, 0x0000000083300000|100%|HS|  |TAMS 0x0000000083200000| PB 0x0000000083200000| Complete 
|  51|0x0000000083300000, 0x0000000083400000, 0x0000000083400000|100%|HC|  |TAMS 0x0000000083300000| PB 0x0000000083300000| Complete 
|  52|0x0000000083400000, 0x0000000083500000, 0x0000000083500000|100%|HC|  |TAMS 0x0000000083400000| PB 0x0000000083400000| Complete 
|  53|0x0000000083500000, 0x0000000083600000, 0x0000000083600000|100%| O|  |TAMS 0x0000000083500000| PB 0x0000000083500000| Untracked 
|  54|0x0000000083600000, 0x0000000083700000, 0x0000000083700000|100%| O|  |TAMS 0x0000000083600000| PB 0x0000000083600000| Untracked 
|  55|0x0000000083700000, 0x0000000083800000, 0x0000000083800000|100%| O|  |TAMS 0x0000000083700000| PB 0x0000000083700000| Untracked 
|  56|0x0000000083800000, 0x0000000083900000, 0x0000000083900000|100%|HS|  |TAMS 0x0000000083800000| PB 0x0000000083800000| Complete 
|  57|0x0000000083900000, 0x0000000083a00000, 0x0000000083a00000|100%|HC|  |TAMS 0x0000000083900000| PB 0x0000000083900000| Complete 
|  58|0x0000000083a00000, 0x0000000083b00000, 0x0000000083b00000|100%|HC|  |TAMS 0x0000000083a00000| PB 0x0000000083a00000| Complete 
|  59|0x0000000083b00000, 0x0000000083c00000, 0x0000000083c00000|100%| O|  |TAMS 0x0000000083b00000| PB 0x0000000083b00000| Untracked 
|  60|0x0000000083c00000, 0x0000000083d00000, 0x0000000083d00000|100%| O|  |TAMS 0x0000000083c00000| PB 0x0000000083c00000| Untracked 
|  61|0x0000000083d00000, 0x0000000083e00000, 0x0000000083e00000|100%| O|  |TAMS 0x0000000083d00000| PB 0x0000000083d00000| Untracked 
|  62|0x0000000083e00000, 0x0000000083f00000, 0x0000000083f00000|100%| O|  |TAMS 0x0000000083e00000| PB 0x0000000083e00000| Untracked 
|  63|0x0000000083f00000, 0x0000000084000000, 0x0000000084000000|100%| O|  |TAMS 0x0000000083f00000| PB 0x0000000083f00000| Untracked 
|  64|0x0000000084000000, 0x0000000084100000, 0x0000000084100000|100%| O|  |TAMS 0x0000000084000000| PB 0x0000000084000000| Untracked 
|  65|0x0000000084100000, 0x0000000084200000, 0x0000000084200000|100%| O|  |TAMS 0x0000000084100000| PB 0x0000000084100000| Untracked 
|  66|0x0000000084200000, 0x0000000084300000, 0x0000000084300000|100%| O|  |TAMS 0x0000000084200000| PB 0x0000000084200000| Untracked 
|  67|0x0000000084300000, 0x0000000084400000, 0x0000000084400000|100%| O|  |TAMS 0x0000000084300000| PB 0x0000000084300000| Untracked 
|  68|0x0000000084400000, 0x0000000084500000, 0x0000000084500000|100%| O|  |TAMS 0x0000000084400000| PB 0x0000000084400000| Untracked 
|  69|0x0000000084500000, 0x0000000084600000, 0x0000000084600000|100%| O|  |TAMS 0x0000000084500000| PB 0x0000000084500000| Untracked 
|  70|0x0000000084600000, 0x0000000084700000, 0x0000000084700000|100%| O|  |TAMS 0x0000000084600000| PB 0x0000000084600000| Untracked 
|  71|0x0000000084700000, 0x0000000084800000, 0x0000000084800000|100%| O|  |TAMS 0x0000000084700000| PB 0x0000000084700000| Untracked 
|  72|0x0000000084800000, 0x0000000084900000, 0x0000000084900000|100%| O|  |TAMS 0x0000000084800000| PB 0x0000000084800000| Untracked 
|  73|0x0000000084900000, 0x0000000084a00000, 0x0000000084a00000|100%| O|  |TAMS 0x0000000084900000| PB 0x0000000084900000| Untracked 
|  74|0x0000000084a00000, 0x0000000084b00000, 0x0000000084b00000|100%|HS|  |TAMS 0x0000000084a00000| PB 0x0000000084a00000| Complete 
|  75|0x0000000084b00000, 0x0000000084c00000, 0x0000000084c00000|100%| O|  |TAMS 0x0000000084b00000| PB 0x0000000084b00000| Untracked 
|  76|0x0000000084c00000, 0x0000000084d00000, 0x0000000084d00000|100%| O|  |TAMS 0x0000000084c00000| PB 0x0000000084c00000| Untracked 
|  77|0x0000000084d00000, 0x0000000084e00000, 0x0000000084e00000|100%| O|  |TAMS 0x0000000084d00000| PB 0x0000000084d00000| Untracked 
|  78|0x0000000084e00000, 0x0000000084f00000, 0x0000000084f00000|100%|HS|  |TAMS 0x0000000084e00000| PB 0x0000000084e00000| Complete 
|  79|0x0000000084f00000, 0x0000000085000000, 0x0000000085000000|100%|HC|  |TAMS 0x0000000084f00000| PB 0x0000000084f00000| Complete 
|  80|0x0000000085000000, 0x0000000085100000, 0x0000000085100000|100%|HC|  |TAMS 0x0000000085000000| PB 0x0000000085000000| Complete 
|  81|0x0000000085100000, 0x0000000085200000, 0x0000000085200000|100%|HC|  |TAMS 0x0000000085100000| PB 0x0000000085100000| Complete 
|  82|0x0000000085200000, 0x0000000085300000, 0x0000000085300000|100%|HC|  |TAMS 0x0000000085200000| PB 0x0000000085200000| Complete 
|  83|0x0000000085300000, 0x0000000085400000, 0x0000000085400000|100%|HC|  |TAMS 0x0000000085300000| PB 0x0000000085300000| Complete 
|  84|0x0000000085400000, 0x0000000085500000, 0x0000000085500000|100%| O|  |TAMS 0x0000000085400000| PB 0x0000000085400000| Untracked 
|  85|0x0000000085500000, 0x0000000085600000, 0x0000000085600000|100%| O|  |TAMS 0x0000000085500000| PB 0x0000000085500000| Untracked 
|  86|0x0000000085600000, 0x0000000085700000, 0x0000000085700000|100%| O|  |TAMS 0x0000000085600000| PB 0x0000000085600000| Untracked 
|  87|0x0000000085700000, 0x0000000085800000, 0x0000000085800000|100%| O|  |TAMS 0x0000000085700000| PB 0x0000000085700000| Untracked 
|  88|0x0000000085800000, 0x0000000085900000, 0x0000000085900000|100%| O|  |TAMS 0x0000000085800000| PB 0x0000000085800000| Untracked 
|  89|0x0000000085900000, 0x0000000085a00000, 0x0000000085a00000|100%| O|  |TAMS 0x0000000085900000| PB 0x0000000085900000| Untracked 
|  90|0x0000000085a00000, 0x0000000085b00000, 0x0000000085b00000|100%| O|  |TAMS 0x0000000085a00000| PB 0x0000000085a00000| Untracked 
|  91|0x0000000085b00000, 0x0000000085c00000, 0x0000000085c00000|100%| O|  |TAMS 0x0000000085b00000| PB 0x0000000085b00000| Untracked 
|  92|0x0000000085c00000, 0x0000000085d00000, 0x0000000085d00000|100%| O|  |TAMS 0x0000000085c00000| PB 0x0000000085c00000| Untracked 
|  93|0x0000000085d00000, 0x0000000085e00000, 0x0000000085e00000|100%| O|  |TAMS 0x0000000085d00000| PB 0x0000000085d00000| Untracked 
|  94|0x0000000085e00000, 0x0000000085f00000, 0x0000000085f00000|100%| O|  |TAMS 0x0000000085e00000| PB 0x0000000085e00000| Untracked 
|  95|0x0000000085f00000, 0x0000000086000000, 0x0000000086000000|100%| O|  |TAMS 0x0000000085f00000| PB 0x0000000085f00000| Untracked 
|  96|0x0000000086000000, 0x0000000086100000, 0x0000000086100000|100%| O|  |TAMS 0x0000000086000000| PB 0x0000000086000000| Untracked 
|  97|0x0000000086100000, 0x0000000086200000, 0x0000000086200000|100%| O|  |TAMS 0x0000000086100000| PB 0x0000000086100000| Untracked 
|  98|0x0000000086200000, 0x0000000086300000, 0x0000000086300000|100%| O|  |TAMS 0x0000000086200000| PB 0x0000000086200000| Untracked 
|  99|0x0000000086300000, 0x0000000086400000, 0x0000000086400000|100%|HS|  |TAMS 0x0000000086300000| PB 0x0000000086300000| Complete 
| 100|0x0000000086400000, 0x0000000086500000, 0x0000000086500000|100%| O|  |TAMS 0x0000000086400000| PB 0x0000000086400000| Untracked 
| 101|0x0000000086500000, 0x0000000086600000, 0x0000000086600000|100%| O|  |TAMS 0x0000000086500000| PB 0x0000000086500000| Untracked 
| 102|0x0000000086600000, 0x0000000086700000, 0x0000000086700000|100%| O|  |TAMS 0x0000000086600000| PB 0x0000000086600000| Untracked 
| 103|0x0000000086700000, 0x0000000086800000, 0x0000000086800000|100%| O|  |TAMS 0x0000000086700000| PB 0x0000000086700000| Untracked 
| 104|0x0000000086800000, 0x0000000086900000, 0x0000000086900000|100%| O|  |TAMS 0x0000000086800000| PB 0x0000000086800000| Untracked 
| 105|0x0000000086900000, 0x0000000086a00000, 0x0000000086a00000|100%| O|  |TAMS 0x0000000086900000| PB 0x0000000086900000| Untracked 
| 106|0x0000000086a00000, 0x0000000086b00000, 0x0000000086b00000|100%| O|  |TAMS 0x0000000086a00000| PB 0x0000000086a00000| Untracked 
| 107|0x0000000086b00000, 0x0000000086c00000, 0x0000000086c00000|100%| O|Cm|TAMS 0x0000000086b00000| PB 0x0000000086b00000| Complete 
| 108|0x0000000086c00000, 0x0000000086d00000, 0x0000000086d00000|100%| O|Cm|TAMS 0x0000000086c00000| PB 0x0000000086c00000| Complete 
| 109|0x0000000086d00000, 0x0000000086e00000, 0x0000000086e00000|100%| O|  |TAMS 0x0000000086d00000| PB 0x0000000086d00000| Untracked 
| 110|0x0000000086e00000, 0x0000000086f00000, 0x0000000086f00000|100%| O|  |TAMS 0x0000000086e00000| PB 0x0000000086e00000| Untracked 
| 111|0x0000000086f00000, 0x0000000087000000, 0x0000000087000000|100%|HS|  |TAMS 0x0000000086f00000| PB 0x0000000086f00000| Complete 
| 112|0x0000000087000000, 0x0000000087100000, 0x0000000087100000|100%| O|  |TAMS 0x0000000087000000| PB 0x0000000087000000| Untracked 
| 113|0x0000000087100000, 0x0000000087200000, 0x0000000087200000|100%| O|  |TAMS 0x0000000087100000| PB 0x0000000087100000| Untracked 
| 114|0x0000000087200000, 0x0000000087300000, 0x0000000087300000|100%| O|  |TAMS 0x0000000087200000| PB 0x0000000087200000| Untracked 
| 115|0x0000000087300000, 0x0000000087400000, 0x0000000087400000|100%| O|Cm|TAMS 0x0000000087300000| PB 0x0000000087300000| Complete 
| 116|0x0000000087400000, 0x0000000087500000, 0x0000000087500000|100%|HS|  |TAMS 0x0000000087400000| PB 0x0000000087400000| Complete 
| 117|0x0000000087500000, 0x0000000087600000, 0x0000000087600000|100%|HC|  |TAMS 0x0000000087500000| PB 0x0000000087500000| Complete 
| 118|0x0000000087600000, 0x0000000087700000, 0x0000000087700000|100%|HS|  |TAMS 0x0000000087600000| PB 0x0000000087600000| Complete 
| 119|0x0000000087700000, 0x0000000087800000, 0x0000000087800000|100%|HS|  |TAMS 0x0000000087700000| PB 0x0000000087700000| Complete 
| 120|0x0000000087800000, 0x0000000087800000, 0x0000000087900000|  0%| F|  |TAMS 0x0000000087800000| PB 0x0000000087800000| Untracked 
| 121|0x0000000087900000, 0x0000000087a00000, 0x0000000087a00000|100%| O|  |TAMS 0x0000000087900000| PB 0x0000000087900000| Untracked 
| 122|0x0000000087a00000, 0x0000000087b00000, 0x0000000087b00000|100%| O|  |TAMS 0x0000000087a00000| PB 0x0000000087a00000| Untracked 
| 123|0x0000000087b00000, 0x0000000087b94518, 0x0000000087c00000| 57%| O|  |TAMS 0x0000000087b00000| PB 0x0000000087b00000| Untracked 
| 124|0x0000000087c00000, 0x0000000087c00000, 0x0000000087d00000|  0%| F|  |TAMS 0x0000000087c00000| PB 0x0000000087c00000| Untracked 
| 125|0x0000000087d00000, 0x0000000087d00000, 0x0000000087e00000|  0%| F|  |TAMS 0x0000000087d00000| PB 0x0000000087d00000| Untracked 
| 126|0x0000000087e00000, 0x0000000087e00000, 0x0000000087f00000|  0%| F|  |TAMS 0x0000000087e00000| PB 0x0000000087e00000| Untracked 
| 127|0x0000000087f00000, 0x0000000087f00000, 0x0000000088000000|  0%| F|  |TAMS 0x0000000087f00000| PB 0x0000000087f00000| Untracked 
| 128|0x0000000088000000, 0x0000000088000000, 0x0000000088100000|  0%| F|  |TAMS 0x0000000088000000| PB 0x0000000088000000| Untracked 
| 129|0x0000000088100000, 0x0000000088100000, 0x0000000088200000|  0%| F|  |TAMS 0x0000000088100000| PB 0x0000000088100000| Untracked 
| 130|0x0000000088200000, 0x0000000088200000, 0x0000000088300000|  0%| F|  |TAMS 0x0000000088200000| PB 0x0000000088200000| Untracked 
| 131|0x0000000088300000, 0x0000000088300000, 0x0000000088400000|  0%| F|  |TAMS 0x0000000088300000| PB 0x0000000088300000| Untracked 
| 132|0x0000000088400000, 0x0000000088400000, 0x0000000088500000|  0%| F|  |TAMS 0x0000000088400000| PB 0x0000000088400000| Untracked 
| 133|0x0000000088500000, 0x0000000088500000, 0x0000000088600000|  0%| F|  |TAMS 0x0000000088500000| PB 0x0000000088500000| Untracked 
| 134|0x0000000088600000, 0x0000000088600000, 0x0000000088700000|  0%| F|  |TAMS 0x0000000088600000| PB 0x0000000088600000| Untracked 
| 135|0x0000000088700000, 0x0000000088700000, 0x0000000088800000|  0%| F|  |TAMS 0x0000000088700000| PB 0x0000000088700000| Untracked 
| 136|0x0000000088800000, 0x0000000088900000, 0x0000000088900000|100%| S|CS|TAMS 0x0000000088800000| PB 0x0000000088800000| Complete 
| 137|0x0000000088900000, 0x0000000088a00000, 0x0000000088a00000|100%| S|CS|TAMS 0x0000000088900000| PB 0x0000000088900000| Complete 
| 138|0x0000000088a00000, 0x0000000088b00000, 0x0000000088b00000|100%| S|CS|TAMS 0x0000000088a00000| PB 0x0000000088a00000| Complete 
| 139|0x0000000088b00000, 0x0000000088c00000, 0x0000000088c00000|100%| S|CS|TAMS 0x0000000088b00000| PB 0x0000000088b00000| Complete 
| 140|0x0000000088c00000, 0x0000000088d00000, 0x0000000088d00000|100%| S|CS|TAMS 0x0000000088c00000| PB 0x0000000088c00000| Complete 
| 141|0x0000000088d00000, 0x0000000088e00000, 0x0000000088e00000|100%| S|CS|TAMS 0x0000000088d00000| PB 0x0000000088d00000| Complete 
| 142|0x0000000088e00000, 0x0000000088f00000, 0x0000000088f00000|100%| S|CS|TAMS 0x0000000088e00000| PB 0x0000000088e00000| Complete 
| 143|0x0000000088f00000, 0x0000000089000000, 0x0000000089000000|100%| S|CS|TAMS 0x0000000088f00000| PB 0x0000000088f00000| Complete 
| 144|0x0000000089000000, 0x0000000089100000, 0x0000000089100000|100%| S|CS|TAMS 0x0000000089000000| PB 0x0000000089000000| Complete 
| 145|0x0000000089100000, 0x0000000089100000, 0x0000000089200000|  0%| F|  |TAMS 0x0000000089100000| PB 0x0000000089100000| Untracked 
| 146|0x0000000089200000, 0x0000000089200000, 0x0000000089300000|  0%| F|  |TAMS 0x0000000089200000| PB 0x0000000089200000| Untracked 
| 147|0x0000000089300000, 0x0000000089300000, 0x0000000089400000|  0%| F|  |TAMS 0x0000000089300000| PB 0x0000000089300000| Untracked 
| 148|0x0000000089400000, 0x0000000089400000, 0x0000000089500000|  0%| F|  |TAMS 0x0000000089400000| PB 0x0000000089400000| Untracked 
| 149|0x0000000089500000, 0x0000000089500000, 0x0000000089600000|  0%| F|  |TAMS 0x0000000089500000| PB 0x0000000089500000| Untracked 
| 150|0x0000000089600000, 0x0000000089600000, 0x0000000089700000|  0%| F|  |TAMS 0x0000000089600000| PB 0x0000000089600000| Untracked 
| 151|0x0000000089700000, 0x0000000089700000, 0x0000000089800000|  0%| F|  |TAMS 0x0000000089700000| PB 0x0000000089700000| Untracked 
| 152|0x0000000089800000, 0x0000000089800000, 0x0000000089900000|  0%| F|  |TAMS 0x0000000089800000| PB 0x0000000089800000| Untracked 
| 153|0x0000000089900000, 0x0000000089900000, 0x0000000089a00000|  0%| F|  |TAMS 0x0000000089900000| PB 0x0000000089900000| Untracked 
| 154|0x0000000089a00000, 0x0000000089a00000, 0x0000000089b00000|  0%| F|  |TAMS 0x0000000089a00000| PB 0x0000000089a00000| Untracked 
| 155|0x0000000089b00000, 0x0000000089b00000, 0x0000000089c00000|  0%| F|  |TAMS 0x0000000089b00000| PB 0x0000000089b00000| Untracked 
| 156|0x0000000089c00000, 0x0000000089c00000, 0x0000000089d00000|  0%| F|  |TAMS 0x0000000089c00000| PB 0x0000000089c00000| Untracked 
| 157|0x0000000089d00000, 0x0000000089d00000, 0x0000000089e00000|  0%| F|  |TAMS 0x0000000089d00000| PB 0x0000000089d00000| Untracked 
| 158|0x0000000089e00000, 0x0000000089e00000, 0x0000000089f00000|  0%| F|  |TAMS 0x0000000089e00000| PB 0x0000000089e00000| Untracked 
| 159|0x0000000089f00000, 0x0000000089f00000, 0x000000008a000000|  0%| F|  |TAMS 0x0000000089f00000| PB 0x0000000089f00000| Untracked 
| 160|0x000000008a000000, 0x000000008a000000, 0x000000008a100000|  0%| F|  |TAMS 0x000000008a000000| PB 0x000000008a000000| Untracked 
| 161|0x000000008a100000, 0x000000008a100000, 0x000000008a200000|  0%| F|  |TAMS 0x000000008a100000| PB 0x000000008a100000| Untracked 
| 162|0x000000008a200000, 0x000000008a200000, 0x000000008a300000|  0%| F|  |TAMS 0x000000008a200000| PB 0x000000008a200000| Untracked 
| 163|0x000000008a300000, 0x000000008a300000, 0x000000008a400000|  0%| F|  |TAMS 0x000000008a300000| PB 0x000000008a300000| Untracked 
| 164|0x000000008a400000, 0x000000008a400000, 0x000000008a500000|  0%| F|  |TAMS 0x000000008a400000| PB 0x000000008a400000| Untracked 
| 165|0x000000008a500000, 0x000000008a500000, 0x000000008a600000|  0%| F|  |TAMS 0x000000008a500000| PB 0x000000008a500000| Untracked 
| 166|0x000000008a600000, 0x000000008a600000, 0x000000008a700000|  0%| F|  |TAMS 0x000000008a600000| PB 0x000000008a600000| Untracked 
| 167|0x000000008a700000, 0x000000008a700000, 0x000000008a800000|  0%| F|  |TAMS 0x000000008a700000| PB 0x000000008a700000| Untracked 
| 168|0x000000008a800000, 0x000000008a800000, 0x000000008a900000|  0%| F|  |TAMS 0x000000008a800000| PB 0x000000008a800000| Untracked 
| 169|0x000000008a900000, 0x000000008a900000, 0x000000008aa00000|  0%| F|  |TAMS 0x000000008a900000| PB 0x000000008a900000| Untracked 
| 170|0x000000008aa00000, 0x000000008aa00000, 0x000000008ab00000|  0%| F|  |TAMS 0x000000008aa00000| PB 0x000000008aa00000| Untracked 
| 171|0x000000008ab00000, 0x000000008ab00000, 0x000000008ac00000|  0%| F|  |TAMS 0x000000008ab00000| PB 0x000000008ab00000| Untracked 
| 172|0x000000008ac00000, 0x000000008ac00000, 0x000000008ad00000|  0%| F|  |TAMS 0x000000008ac00000| PB 0x000000008ac00000| Untracked 
| 173|0x000000008ad00000, 0x000000008ad00000, 0x000000008ae00000|  0%| F|  |TAMS 0x000000008ad00000| PB 0x000000008ad00000| Untracked 
| 174|0x000000008ae00000, 0x000000008ae00000, 0x000000008af00000|  0%| F|  |TAMS 0x000000008ae00000| PB 0x000000008ae00000| Untracked 
| 175|0x000000008af00000, 0x000000008af00000, 0x000000008b000000|  0%| F|  |TAMS 0x000000008af00000| PB 0x000000008af00000| Untracked 
| 176|0x000000008b000000, 0x000000008b000000, 0x000000008b100000|  0%| F|  |TAMS 0x000000008b000000| PB 0x000000008b000000| Untracked 
| 177|0x000000008b100000, 0x000000008b100000, 0x000000008b200000|  0%| F|  |TAMS 0x000000008b100000| PB 0x000000008b100000| Untracked 
| 178|0x000000008b200000, 0x000000008b200000, 0x000000008b300000|  0%| F|  |TAMS 0x000000008b200000| PB 0x000000008b200000| Untracked 
| 179|0x000000008b300000, 0x000000008b300000, 0x000000008b400000|  0%| F|  |TAMS 0x000000008b300000| PB 0x000000008b300000| Untracked 
| 180|0x000000008b400000, 0x000000008b400000, 0x000000008b500000|  0%| F|  |TAMS 0x000000008b400000| PB 0x000000008b400000| Untracked 
| 181|0x000000008b500000, 0x000000008b500000, 0x000000008b600000|  0%| F|  |TAMS 0x000000008b500000| PB 0x000000008b500000| Untracked 
| 182|0x000000008b600000, 0x000000008b600000, 0x000000008b700000|  0%| F|  |TAMS 0x000000008b600000| PB 0x000000008b600000| Untracked 
| 183|0x000000008b700000, 0x000000008b700000, 0x000000008b800000|  0%| F|  |TAMS 0x000000008b700000| PB 0x000000008b700000| Untracked 
| 184|0x000000008b800000, 0x000000008b800000, 0x000000008b900000|  0%| F|  |TAMS 0x000000008b800000| PB 0x000000008b800000| Untracked 
| 185|0x000000008b900000, 0x000000008b900000, 0x000000008ba00000|  0%| F|  |TAMS 0x000000008b900000| PB 0x000000008b900000| Untracked 
| 186|0x000000008ba00000, 0x000000008ba00000, 0x000000008bb00000|  0%| F|  |TAMS 0x000000008ba00000| PB 0x000000008ba00000| Untracked 
| 187|0x000000008bb00000, 0x000000008bb00000, 0x000000008bc00000|  0%| F|  |TAMS 0x000000008bb00000| PB 0x000000008bb00000| Untracked 
| 188|0x000000008bc00000, 0x000000008bc00000, 0x000000008bd00000|  0%| F|  |TAMS 0x000000008bc00000| PB 0x000000008bc00000| Untracked 
| 189|0x000000008bd00000, 0x000000008bd00000, 0x000000008be00000|  0%| F|  |TAMS 0x000000008bd00000| PB 0x000000008bd00000| Untracked 
| 190|0x000000008be00000, 0x000000008be00000, 0x000000008bf00000|  0%| F|  |TAMS 0x000000008be00000| PB 0x000000008be00000| Untracked 
| 191|0x000000008bf00000, 0x000000008bf00000, 0x000000008c000000|  0%| F|  |TAMS 0x000000008bf00000| PB 0x000000008bf00000| Untracked 
| 192|0x000000008c000000, 0x000000008c000000, 0x000000008c100000|  0%| F|  |TAMS 0x000000008c000000| PB 0x000000008c000000| Untracked 
| 193|0x000000008c100000, 0x000000008c100000, 0x000000008c200000|  0%| F|  |TAMS 0x000000008c100000| PB 0x000000008c100000| Untracked 
| 194|0x000000008c200000, 0x000000008c200000, 0x000000008c300000|  0%| F|  |TAMS 0x000000008c200000| PB 0x000000008c200000| Untracked 
| 195|0x000000008c300000, 0x000000008c300000, 0x000000008c400000|  0%| F|  |TAMS 0x000000008c300000| PB 0x000000008c300000| Untracked 
| 196|0x000000008c400000, 0x000000008c400000, 0x000000008c500000|  0%| F|  |TAMS 0x000000008c400000| PB 0x000000008c400000| Untracked 
| 197|0x000000008c500000, 0x000000008c500000, 0x000000008c600000|  0%| F|  |TAMS 0x000000008c500000| PB 0x000000008c500000| Untracked 
| 198|0x000000008c600000, 0x000000008c600000, 0x000000008c700000|  0%| F|  |TAMS 0x000000008c600000| PB 0x000000008c600000| Untracked 
| 199|0x000000008c700000, 0x000000008c700000, 0x000000008c800000|  0%| F|  |TAMS 0x000000008c700000| PB 0x000000008c700000| Untracked 
| 200|0x000000008c800000, 0x000000008c800000, 0x000000008c900000|  0%| F|  |TAMS 0x000000008c800000| PB 0x000000008c800000| Untracked 
| 201|0x000000008c900000, 0x000000008c900000, 0x000000008ca00000|  0%| F|  |TAMS 0x000000008c900000| PB 0x000000008c900000| Untracked 
| 202|0x000000008ca00000, 0x000000008ca00000, 0x000000008cb00000|  0%| F|  |TAMS 0x000000008ca00000| PB 0x000000008ca00000| Untracked 
| 203|0x000000008cb00000, 0x000000008cb00000, 0x000000008cc00000|  0%| F|  |TAMS 0x000000008cb00000| PB 0x000000008cb00000| Untracked 
| 204|0x000000008cc00000, 0x000000008cc00000, 0x000000008cd00000|  0%| F|  |TAMS 0x000000008cc00000| PB 0x000000008cc00000| Untracked 
| 205|0x000000008cd00000, 0x000000008cd00000, 0x000000008ce00000|  0%| F|  |TAMS 0x000000008cd00000| PB 0x000000008cd00000| Untracked 
| 206|0x000000008ce00000, 0x000000008ce00000, 0x000000008cf00000|  0%| F|  |TAMS 0x000000008ce00000| PB 0x000000008ce00000| Untracked 
| 207|0x000000008cf00000, 0x000000008cf00000, 0x000000008d000000|  0%| F|  |TAMS 0x000000008cf00000| PB 0x000000008cf00000| Untracked 
| 253|0x000000008fd00000, 0x000000008fd00000, 0x000000008fe00000|  0%| F|  |TAMS 0x000000008fd00000| PB 0x000000008fd00000| Untracked 
|2033|0x00000000ff100000, 0x00000000ff200000, 0x00000000ff200000|100%| O|  |TAMS 0x00000000ff100000| PB 0x00000000ff100000| Untracked 
|2034|0x00000000ff200000, 0x00000000ff200000, 0x00000000ff300000|  0%| F|  |TAMS 0x00000000ff200000| PB 0x00000000ff200000| Untracked 
|2035|0x00000000ff300000, 0x00000000ff300000, 0x00000000ff400000|  0%| F|  |TAMS 0x00000000ff300000| PB 0x00000000ff300000| Untracked 
|2036|0x00000000ff400000, 0x00000000ff500000, 0x00000000ff500000|100%| O|  |TAMS 0x00000000ff400000| PB 0x00000000ff400000| Untracked 
|2037|0x00000000ff500000, 0x00000000ff600000, 0x00000000ff600000|100%| O|  |TAMS 0x00000000ff500000| PB 0x00000000ff500000| Untracked 
|2038|0x00000000ff600000, 0x00000000ff600000, 0x00000000ff700000|  0%| F|  |TAMS 0x00000000ff600000| PB 0x00000000ff600000| Untracked 
|2039|0x00000000ff700000, 0x00000000ff700000, 0x00000000ff800000|  0%| F|  |TAMS 0x00000000ff700000| PB 0x00000000ff700000| Untracked 
|2040|0x00000000ff800000, 0x00000000ff800000, 0x00000000ff900000|  0%| F|  |TAMS 0x00000000ff800000| PB 0x00000000ff800000| Untracked 
|2041|0x00000000ff900000, 0x00000000ffa00000, 0x00000000ffa00000|100%| O|  |TAMS 0x00000000ff900000| PB 0x00000000ff900000| Untracked 
|2042|0x00000000ffa00000, 0x00000000ffb00000, 0x00000000ffb00000|100%| O|  |TAMS 0x00000000ffa00000| PB 0x00000000ffa00000| Untracked 
|2043|0x00000000ffb00000, 0x00000000ffc00000, 0x00000000ffc00000|100%| O|  |TAMS 0x00000000ffb00000| PB 0x00000000ffb00000| Untracked 
|2044|0x00000000ffc00000, 0x00000000ffd00000, 0x00000000ffd00000|100%| O|  |TAMS 0x00000000ffc00000| PB 0x00000000ffc00000| Untracked 
|2045|0x00000000ffd00000, 0x00000000ffe00000, 0x00000000ffe00000|100%| O|  |TAMS 0x00000000ffd00000| PB 0x00000000ffd00000| Untracked 
|2046|0x00000000ffe00000, 0x00000000fff00000, 0x00000000fff00000|100%| E|  |TAMS 0x00000000ffe00000| PB 0x00000000ffe00000| Complete 
|2047|0x00000000fff00000, 0x0000000100000000, 0x0000000100000000|100%| E|CS|TAMS 0x00000000fff00000| PB 0x00000000fff00000| Complete 

Card table byte_map: [0x000001d6ba710000,0x000001d6bab10000] _byte_map_base: 0x000001d6ba310000

Marking Bits: (CMBitMap*) 0x000001d6a57fe660
 Bits: [0x000001d6bab10000, 0x000001d6bcb10000)

Polling page: 0x000001d6a56d0000

Metaspace:

Usage:
  Non-class:    121.50 MB used.
      Class:     18.71 MB used.
       Both:    140.22 MB used.

Virtual space:
  Non-class space:      128.00 MB reserved,     122.94 MB ( 96%) committed,  2 nodes.
      Class space:      832.00 MB reserved,      20.00 MB (  2%) committed,  1 nodes.
             Both:      960.00 MB reserved,     142.94 MB ( 15%) committed. 

Chunk freelists:
   Non-Class:  4.34 MB
       Class:  11.89 MB
        Both:  16.23 MB

MaxMetaspaceSize: 1.00 GB
CompressedClassSpaceSize: 832.00 MB
Initial GC threshold: 21.00 MB
Current GC threshold: 233.38 MB
CDS: on
 - commit_granule_bytes: 65536.
 - commit_granule_words: 8192.
 - virtual_space_node_default_size: 8388608.
 - enlarge_chunks_in_place: 1.
 - use_allocation_guard: 0.


Internal statistics:

num_allocs_failed_limit: 9.
num_arena_births: 5014.
num_arena_deaths: 0.
num_vsnodes_births: 3.
num_vsnodes_deaths: 0.
num_space_committed: 2285.
num_space_uncommitted: 0.
num_chunks_returned_to_freelist: 9.
num_chunks_taken_from_freelist: 11365.
num_chunk_merges: 6.
num_chunk_splits: 7783.
num_chunks_enlarged: 5206.
num_inconsistent_stats: 0.

CodeHeap 'non-profiled nmethods': size=120000Kb used=8435Kb max_used=8435Kb free=111564Kb
 bounds [0x000001d6b2890000, 0x000001d6b30d0000, 0x000001d6b9dc0000]
CodeHeap 'profiled nmethods': size=120000Kb used=28387Kb max_used=28731Kb free=91612Kb
 bounds [0x000001d6aadc0000, 0x000001d6ac9d0000, 0x000001d6b22f0000]
CodeHeap 'non-nmethods': size=5760Kb used=2932Kb max_used=2978Kb free=2827Kb
 bounds [0x000001d6b22f0000, 0x000001d6b25e0000, 0x000001d6b2890000]
CodeCache: size=245760Kb, used=39754Kb, max_used=40144Kb, free=206003Kb
 total_blobs=15206, nmethods=14038, adapters=1070, full_count=0
Compilation: enabled, stopped_count=0, restarted_count=0

Compilation events (20 events):
Event: 45.869 Thread 0x000001d6fcfc3320 nmethod 16599 0x000001d6b30c0e90 code [0x000001d6b30c1040, 0x000001d6b30c13f0]
Event: 45.869 Thread 0x000001d6fcfc3320 16694       4       org.objectweb.asm.MethodWriter::visitLabel (332 bytes)
Event: 45.871 Thread 0x000001d6fcfbfca0 nmethod 16637 0x000001d6b30c1490 code [0x000001d6b30c1620, 0x000001d6b30c1988]
Event: 45.871 Thread 0x000001d6fcfbfca0 16695       4       org.objectweb.asm.MethodVisitor::visitEnd (15 bytes)
Event: 45.872 Thread 0x000001d6fcfbfca0 nmethod 16695 0x000001d6b30c1b10 code [0x000001d6b30c1ca0, 0x000001d6b30c1d50]
Event: 45.873 Thread 0x000001d6fcfbfca0 16696       4       org.gradle.internal.tools.api.impl.MethodMember::<init> (58 bytes)
Event: 45.895 Thread 0x000001d6bf790cc0 16702   !   3       org.gradle.api.internal.file.archive.impl.FileZipInput$FileZipEntry::withInputStream (28 bytes)
Event: 45.896 Thread 0x000001d6bf790cc0 nmethod 16702 0x000001d6ac309b10 code [0x000001d6ac309da0, 0x000001d6ac30aa48]
Event: 45.896 Thread 0x000001d6fcfbfca0 nmethod 16696 0x000001d6b30c1e10 code [0x000001d6b30c2020, 0x000001d6b30c2c50]
Event: 45.896 Thread 0x000001d6fcfbfca0 16701       4       org.objectweb.asm.MethodWriter::visitTypeInsn (116 bytes)
Event: 45.904 Thread 0x000001d6fcfbfca0 nmethod 16701 0x000001d6b30c3010 code [0x000001d6b30c31e0, 0x000001d6b30c3598]
Event: 45.904 Thread 0x000001d6fcfbfca0 16697       4       org.objectweb.asm.MethodVisitor::visitJumpInsn (17 bytes)
Event: 45.906 Thread 0x000001d6fcfbfca0 nmethod 16697 0x000001d6b30c3890 code [0x000001d6b30c3a20, 0x000001d6b30c3b10]
Event: 45.906 Thread 0x000001d6fcfbfca0 16700       4       com.google.common.collect.ImmutableCollection::toArray (67 bytes)
Event: 45.908 Thread 0x000001d6fcfc3320 nmethod 16694 0x000001d6b30c3c10 code [0x000001d6b30c3e20, 0x000001d6b30c4db0]
Event: 45.909 Thread 0x000001d6fcfc3320 16703       4       org.objectweb.asm.ClassReader::<init> (359 bytes)
Event: 45.918 Thread 0x000001d6fcfbfca0 nmethod 16700 0x000001d6b30c5290 code [0x000001d6b30c5460, 0x000001d6b30c5c10]
Event: 45.918 Thread 0x000001d6fcfbfca0 16704       4       org.objectweb.asm.MethodWriter::putMethodInfo (1274 bytes)
Event: 45.938 Thread 0x000001d6fcfc3320 nmethod 16703 0x000001d6b30c5f90 code [0x000001d6b30c61a0, 0x000001d6b30c6e98]
Event: 45.938 Thread 0x000001d6fcfc3320 16707       4       org.objectweb.asm.ClassReader::readMethod (1070 bytes)

GC Heap History (20 events):
Event: 29.615 GC heap before
{Heap before GC invocations=33 (full 0):
 garbage-first heap   total 159744K, used 143612K [0x0000000080000000, 0x0000000100000000)
  region size 1024K, 65 young (66560K), 6 survivors (6144K)
 Metaspace       used 92263K, committed 94656K, reserved 983040K
  class space    used 13578K, committed 14720K, reserved 851968K
}
Event: 29.625 GC heap after
{Heap after GC invocations=34 (full 0):
 garbage-first heap   total 159744K, used 85939K [0x0000000080000000, 0x0000000100000000)
  region size 1024K, 7 young (7168K), 7 survivors (7168K)
 Metaspace       used 92263K, committed 94656K, reserved 983040K
  class space    used 13578K, committed 14720K, reserved 851968K
}
Event: 30.630 GC heap before
{Heap before GC invocations=35 (full 0):
 garbage-first heap   total 159744K, used 155571K [0x0000000080000000, 0x0000000100000000)
  region size 1024K, 67 young (68608K), 7 survivors (7168K)
 Metaspace       used 95377K, committed 97664K, reserved 983040K
  class space    used 13941K, committed 15040K, reserved 851968K
}
Event: 30.661 GC heap after
{Heap after GC invocations=36 (full 0):
 garbage-first heap   total 176128K, used 99810K [0x0000000080000000, 0x0000000100000000)
  region size 1024K, 9 young (9216K), 9 survivors (9216K)
 Metaspace       used 95377K, committed 97664K, reserved 983040K
  class space    used 13941K, committed 15040K, reserved 851968K
}
Event: 31.969 GC heap before
{Heap before GC invocations=36 (full 0):
 garbage-first heap   total 176128K, used 164322K [0x0000000080000000, 0x0000000100000000)
  region size 1024K, 65 young (66560K), 9 survivors (9216K)
 Metaspace       used 101856K, committed 104192K, reserved 983040K
  class space    used 14518K, committed 15616K, reserved 851968K
}
Event: 31.984 GC heap after
{Heap after GC invocations=37 (full 0):
 garbage-first heap   total 182272K, used 112687K [0x0000000080000000, 0x0000000100000000)
  region size 1024K, 5 young (5120K), 5 survivors (5120K)
 Metaspace       used 101856K, committed 104192K, reserved 983040K
  class space    used 14518K, committed 15616K, reserved 851968K
}
Event: 33.197 GC heap before
{Heap before GC invocations=37 (full 0):
 garbage-first heap   total 182272K, used 164911K [0x0000000080000000, 0x0000000100000000)
  region size 1024K, 56 young (57344K), 5 survivors (5120K)
 Metaspace       used 107320K, committed 110016K, reserved 983040K
  class space    used 15262K, committed 16576K, reserved 851968K
}
Event: 33.212 GC heap after
{Heap after GC invocations=38 (full 0):
 garbage-first heap   total 182272K, used 116013K [0x0000000080000000, 0x0000000100000000)
  region size 1024K, 4 young (4096K), 4 survivors (4096K)
 Metaspace       used 107320K, committed 110016K, reserved 983040K
  class space    used 15262K, committed 16576K, reserved 851968K
}
Event: 34.528 GC heap before
{Heap before GC invocations=39 (full 0):
 garbage-first heap   total 193536K, used 167213K [0x0000000080000000, 0x0000000100000000)
  region size 1024K, 54 young (55296K), 4 survivors (4096K)
 Metaspace       used 111556K, committed 114240K, reserved 983040K
  class space    used 15836K, committed 17152K, reserved 851968K
}
Event: 34.539 GC heap after
{Heap after GC invocations=40 (full 0):
 garbage-first heap   total 193536K, used 118026K [0x0000000080000000, 0x0000000100000000)
  region size 1024K, 7 young (7168K), 7 survivors (7168K)
 Metaspace       used 111556K, committed 114240K, reserved 983040K
  class space    used 15836K, committed 17152K, reserved 851968K
}
Event: 36.067 GC heap before
{Heap before GC invocations=40 (full 0):
 garbage-first heap   total 193536K, used 176394K [0x0000000080000000, 0x0000000100000000)
  region size 1024K, 64 young (65536K), 7 survivors (7168K)
 Metaspace       used 115541K, committed 118272K, reserved 983040K
  class space    used 16271K, committed 17600K, reserved 851968K
}
Event: 36.080 GC heap after
{Heap after GC invocations=41 (full 0):
 garbage-first heap   total 193536K, used 120461K [0x0000000080000000, 0x0000000100000000)
  region size 1024K, 8 young (8192K), 8 survivors (8192K)
 Metaspace       used 115541K, committed 118272K, reserved 983040K
  class space    used 16271K, committed 17600K, reserved 851968K
}
Event: 38.001 GC heap before
{Heap before GC invocations=41 (full 0):
 garbage-first heap   total 193536K, used 176781K [0x0000000080000000, 0x0000000100000000)
  region size 1024K, 63 young (64512K), 8 survivors (8192K)
 Metaspace       used 120947K, committed 123648K, reserved 983040K
  class space    used 16872K, committed 18176K, reserved 851968K
}
Event: 38.012 GC heap after
{Heap after GC invocations=42 (full 0):
 garbage-first heap   total 193536K, used 125443K [0x0000000080000000, 0x0000000100000000)
  region size 1024K, 5 young (5120K), 5 survivors (5120K)
 Metaspace       used 120947K, committed 123648K, reserved 983040K
  class space    used 16872K, committed 18176K, reserved 851968K
}
Event: 39.591 GC heap before
{Heap before GC invocations=43 (full 0):
 garbage-first heap   total 209920K, used 178691K [0x0000000080000000, 0x0000000100000000)
  region size 1024K, 57 young (58368K), 5 survivors (5120K)
 Metaspace       used 127393K, committed 130112K, reserved 983040K
  class space    used 17612K, committed 18944K, reserved 851968K
}
Event: 39.598 GC heap after
{Heap after GC invocations=44 (full 0):
 garbage-first heap   total 209920K, used 128462K [0x0000000080000000, 0x0000000100000000)
  region size 1024K, 3 young (3072K), 3 survivors (3072K)
 Metaspace       used 127393K, committed 130112K, reserved 983040K
  class space    used 17612K, committed 18944K, reserved 851968K
}
Event: 41.846 GC heap before
{Heap before GC invocations=44 (full 0):
 garbage-first heap   total 209920K, used 193998K [0x0000000080000000, 0x0000000100000000)
  region size 1024K, 67 young (68608K), 3 survivors (3072K)
 Metaspace       used 137501K, committed 140288K, reserved 983040K
  class space    used 18490K, committed 19840K, reserved 851968K
}
Event: 41.862 GC heap after
{Heap after GC invocations=45 (full 0):
 garbage-first heap   total 209920K, used 129476K [0x0000000080000000, 0x0000000100000000)
  region size 1024K, 5 young (5120K), 5 survivors (5120K)
 Metaspace       used 137501K, committed 140288K, reserved 983040K
  class space    used 18490K, committed 19840K, reserved 851968K
}
Event: 43.178 GC heap before
{Heap before GC invocations=45 (full 0):
 garbage-first heap   total 209920K, used 156100K [0x0000000080000000, 0x0000000100000000)
  region size 1024K, 32 young (32768K), 5 survivors (5120K)
 Metaspace       used 140608K, committed 143360K, reserved 983040K
  class space    used 18833K, committed 20160K, reserved 851968K
}
Event: 43.188 GC heap after
{Heap after GC invocations=46 (full 0):
 garbage-first heap   total 209920K, used 131181K [0x0000000080000000, 0x0000000100000000)
  region size 1024K, 7 young (7168K), 7 survivors (7168K)
 Metaspace       used 140608K, committed 143360K, reserved 983040K
  class space    used 18833K, committed 20160K, reserved 851968K
}

Dll operation events (14 events):
Event: 0.078 Loaded shared library C:\Users\DELL\.antigravity-ide\extensions\redhat.java-1.54.0-win32-x64\jre\21.0.10-win32-x86_64\bin\java.dll
Event: 0.188 Loaded shared library C:\Users\DELL\.antigravity-ide\extensions\redhat.java-1.54.0-win32-x64\jre\21.0.10-win32-x86_64\bin\zip.dll
Event: 0.226 Loaded shared library C:\Users\DELL\.antigravity-ide\extensions\redhat.java-1.54.0-win32-x64\jre\21.0.10-win32-x86_64\bin\instrument.dll
Event: 0.235 Loaded shared library C:\Users\DELL\.antigravity-ide\extensions\redhat.java-1.54.0-win32-x64\jre\21.0.10-win32-x86_64\bin\net.dll
Event: 0.239 Loaded shared library C:\Users\DELL\.antigravity-ide\extensions\redhat.java-1.54.0-win32-x64\jre\21.0.10-win32-x86_64\bin\nio.dll
Event: 0.244 Loaded shared library C:\Users\DELL\.antigravity-ide\extensions\redhat.java-1.54.0-win32-x64\jre\21.0.10-win32-x86_64\bin\zip.dll
Event: 0.739 Loaded shared library C:\Users\DELL\.antigravity-ide\extensions\redhat.java-1.54.0-win32-x64\jre\21.0.10-win32-x86_64\bin\jimage.dll
Event: 0.997 Loaded shared library C:\Users\DELL\.antigravity-ide\extensions\redhat.java-1.54.0-win32-x64\jre\21.0.10-win32-x86_64\bin\verify.dll
Event: 1.227 Loaded shared library C:\Users\DELL\.gradle\native\1def1411415f61bf3af743bc5b6707747c0891f09f0c88961ee8f79bc544acac\windows-amd64\native-platform.dll
Event: 1.246 Loaded shared library C:\Users\DELL\.gradle\native\0.2.7\x86_64-windows-gnu\gradle-fileevents.dll
Event: 4.016 Loaded shared library C:\Users\DELL\.antigravity-ide\extensions\redhat.java-1.54.0-win32-x64\jre\21.0.10-win32-x86_64\bin\management.dll
Event: 4.021 Loaded shared library C:\Users\DELL\.antigravity-ide\extensions\redhat.java-1.54.0-win32-x64\jre\21.0.10-win32-x86_64\bin\management_ext.dll
Event: 4.249 Loaded shared library C:\Users\DELL\.antigravity-ide\extensions\redhat.java-1.54.0-win32-x64\jre\21.0.10-win32-x86_64\bin\extnet.dll
Event: 4.607 Loaded shared library C:\Users\DELL\.antigravity-ide\extensions\redhat.java-1.54.0-win32-x64\jre\21.0.10-win32-x86_64\bin\sunmscapi.dll

Deoptimization events (20 events):
Event: 44.359 Thread 0x000001d6fa87efe0 DEOPT PACKING pc=0x000001d6b2b9cc08 sp=0x000000b9044f70d0
Event: 44.359 Thread 0x000001d6fa87efe0 DEOPT UNPACKING pc=0x000001d6b2344422 sp=0x000000b9044f7078 mode 2
Event: 44.432 Thread 0x000001d6fa87efe0 Uncommon trap: trap_request=0xffffff45 fr.pc=0x000001d6b2d06434 relative=0x0000000000000934
Event: 44.432 Thread 0x000001d6fa87efe0 Uncommon trap: reason=unstable_if action=reinterpret pc=0x000001d6b2d06434 method=org.objectweb.asm.ClassReader.readUtf(II[C)Ljava/lang/String; @ 69 c2
Event: 44.432 Thread 0x000001d6fa87efe0 DEOPT PACKING pc=0x000001d6b2d06434 sp=0x000000b9044f6920
Event: 44.432 Thread 0x000001d6fa87efe0 DEOPT UNPACKING pc=0x000001d6b2344422 sp=0x000000b9044f68e0 mode 2
Event: 44.531 Thread 0x000001d6fa87efe0 Uncommon trap: trap_request=0xffffff45 fr.pc=0x000001d6b2bf9e04 relative=0x0000000000000484
Event: 44.531 Thread 0x000001d6fa87efe0 Uncommon trap: reason=unstable_if action=reinterpret pc=0x000001d6b2bf9e04 method=sun.security.provider.DigestBase.engineUpdate([BII)V @ 1 c2
Event: 44.531 Thread 0x000001d6fa87efe0 DEOPT PACKING pc=0x000001d6b2bf9e04 sp=0x000000b9044f75c0
Event: 44.531 Thread 0x000001d6fa87efe0 DEOPT UNPACKING pc=0x000001d6b2344422 sp=0x000000b9044f7588 mode 2
Event: 44.547 Thread 0x000001d6fa87efe0 Uncommon trap: trap_request=0xffffff45 fr.pc=0x000001d6b2bbe034 relative=0x0000000000000674
Event: 44.547 Thread 0x000001d6fa87efe0 Uncommon trap: reason=unstable_if action=reinterpret pc=0x000001d6b2bbe034 method=org.objectweb.asm.Type.getArgumentsAndReturnSizes(Ljava/lang/String;)I @ 19 c2
Event: 44.547 Thread 0x000001d6fa87efe0 DEOPT PACKING pc=0x000001d6b2bbe034 sp=0x000000b9044f6bd0
Event: 44.547 Thread 0x000001d6fa87efe0 DEOPT UNPACKING pc=0x000001d6b2344422 sp=0x000000b9044f6b50 mode 2
Event: 44.750 Thread 0x000001d6fa87efe0 Uncommon trap: trap_request=0xffffff45 fr.pc=0x000001d6b2f28250 relative=0x0000000000001830
Event: 44.750 Thread 0x000001d6fa87efe0 Uncommon trap: reason=unstable_if action=reinterpret pc=0x000001d6b2f28250 method=org.objectweb.asm.Type.getArgumentsAndReturnSizes(Ljava/lang/String;)I @ 117 c2
Event: 44.750 Thread 0x000001d6fa87efe0 DEOPT PACKING pc=0x000001d6b2f28250 sp=0x000000b9044f6930
Event: 44.750 Thread 0x000001d6fa87efe0 DEOPT UNPACKING pc=0x000001d6b2344422 sp=0x000000b9044f67d8 mode 2
Event: 45.908 Thread 0x000001d6fa87efe0 DEOPT PACKING pc=0x000001d6aaf112b0 sp=0x000000b9044f7360
Event: 45.908 Thread 0x000001d6fa87efe0 DEOPT UNPACKING pc=0x000001d6b2344bc2 sp=0x000000b9044f6870 mode 0

Classes loaded (20 events):
Event: 34.030 Loading class java/util/EnumMap$EntrySet
Event: 34.030 Loading class java/util/EnumMap$EntrySet done
Event: 34.030 Loading class java/util/EnumMap$EntryIterator
Event: 34.030 Loading class java/util/EnumMap$EnumMapIterator
Event: 34.030 Loading class java/util/EnumMap$EnumMapIterator done
Event: 34.030 Loading class java/util/EnumMap$EntryIterator done
Event: 34.030 Loading class java/util/EnumMap$EntryIterator$Entry
Event: 34.030 Loading class java/util/EnumMap$EntryIterator$Entry done
Event: 41.953 Loading class java/util/Vector$Itr
Event: 41.954 Loading class java/util/Vector$Itr done
Event: 42.789 Loading class java/util/zip/ZipInputStream
Event: 42.790 Loading class java/util/zip/ZipInputStream done
Event: 42.794 Loading class sun/nio/ch/ChannelOutputStream
Event: 42.794 Loading class sun/nio/ch/ChannelOutputStream done
Event: 42.864 Loading class java/io/CharArrayWriter
Event: 42.864 Loading class java/io/CharArrayWriter done
Event: 42.943 Loading class java/nio/file/StandardCopyOption
Event: 42.943 Loading class java/nio/file/StandardCopyOption done
Event: 42.943 Loading class sun/nio/fs/WindowsFileCopy
Event: 42.944 Loading class sun/nio/fs/WindowsFileCopy done

Classes unloaded (0 events):
No events

Classes redefined (0 events):
No events

Internal exceptions (20 events):
Event: 38.930 Thread 0x000001d6fa87efe0 Exception <a 'java/lang/NoSuchMethodError'{0x000000008a69cec0}: 'java.lang.Object java.lang.invoke.Invokers$Holder.linkToTargetMethod(java.lang.Object, java.lang.Object, int, int, java.lang.Object, java.lang.Object, java.lang.Object)'> (0x000000008a69cec0) 
thrown [s\src\hotspot\share\interpreter\linkResolver.cpp, line 773]
Event: 39.044 Thread 0x000001d6fa87efe0 Exception <a 'java/lang/NoSuchMethodError'{0x000000008a369830}: 'java.lang.Object java.lang.invoke.DirectMethodHandle$Holder.newInvokeSpecial(java.lang.Object, java.lang.Object, java.lang.Object, int, int, java.lang.Object, java.lang.Object, java.lang.Object, java.lang.Object)'> (0x000000008a369830) 
thrown [s\src\hotspot\share\interpreter\linkResolver.cpp, line 773]
Event: 39.045 Thread 0x000001d6fa87efe0 Exception <a 'java/lang/NoSuchMethodError'{0x000000008a373a80}: 'java.lang.Object java.lang.invoke.Invokers$Holder.linkToTargetMethod(java.lang.Object, java.lang.Object, int, int, java.lang.Object, java.lang.Object, java.lang.Object, java.lang.Object, java.lang.Object)'> (0x000000008a373a80) 
thrown [s\src\hotspot\share\interpreter\linkResolver.cpp, line 773]
Event: 39.357 Thread 0x000001d6fa87efe0 Exception <a 'java/lang/NoSuchMethodError'{0x00000000899a0cd0}: 'java.lang.Object java.lang.invoke.DirectMethodHandle$Holder.invokeStatic(java.lang.Object, int, java.lang.Object, java.lang.Object, java.lang.Object)'> (0x00000000899a0cd0) 
thrown [s\src\hotspot\share\interpreter\linkResolver.cpp, line 773]
Event: 39.358 Thread 0x000001d6fa87efe0 Exception <a 'java/lang/NoSuchMethodError'{0x00000000899a62d0}: 'java.lang.Object java.lang.invoke.DirectMethodHandle$Holder.invokeStaticInit(java.lang.Object, int, java.lang.Object, java.lang.Object, java.lang.Object)'> (0x00000000899a62d0) 
thrown [s\src\hotspot\share\interpreter\linkResolver.cpp, line 773]
Event: 39.832 Thread 0x000001d6fa87efe0 Exception <a 'java/lang/NoSuchMethodError'{0x000000008b764a68}: 'java.lang.Object java.lang.invoke.DirectMethodHandle$Holder.invokeSpecial(java.lang.Object, java.lang.Object, int, java.lang.Object, int)'> (0x000000008b764a68) 
thrown [s\src\hotspot\share\interpreter\linkResolver.cpp, line 773]
Event: 40.832 Thread 0x000001d6fa87efe0 Exception <a 'java/lang/NoSuchMethodError'{0x0000000089ddd880}: 'java.lang.Object java.lang.invoke.DirectMethodHandle$Holder.newInvokeSpecial(java.lang.Object, java.lang.Object, java.lang.Object, java.lang.Object, java.lang.Object, java.lang.Object, int, int)'> (0x0000000089ddd880) 
thrown [s\src\hotspot\share\interpreter\linkResolver.cpp, line 773]
Event: 40.833 Thread 0x000001d6fa87efe0 Exception <a 'java/lang/NoSuchMethodError'{0x0000000089de3c80}: 'java.lang.Object java.lang.invoke.DirectMethodHandle$Holder.invokeSpecial(java.lang.Object, java.lang.Object, java.lang.Object, java.lang.Object, java.lang.Object, java.lang.Object, java.lang.Object, int, int)'> (0x0000000089de3c80) 
thrown [s\src\hotspot\share\interpreter\linkResolver.cpp, line 773]
Event: 41.577 Thread 0x000001d6fa87efe0 Exception <a 'java/lang/NoSuchMethodError'{0x00000000886a28f8}: 'java.lang.Object java.lang.invoke.DirectMethodHandle$Holder.invokeStatic(java.lang.Object, java.lang.Object, int, int)'> (0x00000000886a28f8) 
thrown [s\src\hotspot\share\interpreter\linkResolver.cpp, line 773]
Event: 41.606 Thread 0x000001d6fa87efe0 Exception <a 'java/lang/NoSuchMethodError'{0x0000000088559c08}: 'java.lang.Object java.lang.invoke.DirectMethodHandle$Holder.invokeStatic(java.lang.Object, int, int)'> (0x0000000088559c08) 
thrown [s\src\hotspot\share\interpreter\linkResolver.cpp, line 773]
Event: 42.637 Thread 0x000001d6fa87efe0 Exception <a 'java/lang/NoSuchMethodError'{0x000000008b8369f0}: 'java.lang.Object java.lang.invoke.DirectMethodHandle$Holder.invokeStatic(java.lang.Object, java.lang.Object, int, java.lang.Object, java.lang.Object)'> (0x000000008b8369f0) 
thrown [s\src\hotspot\share\interpreter\linkResolver.cpp, line 773]
Event: 42.703 Thread 0x000001d6fa87efe0 Exception <a 'java/lang/NoSuchMethodError'{0x000000008b7afc60}: 'void java.lang.invoke.DirectMethodHandle$Holder.invokeStaticInit(java.lang.Object, java.lang.Object, java.lang.Object, java.lang.Object, java.lang.Object, java.lang.Object, java.lang.Object, int)'> (0x000000008b7afc60) 
thrown [s\src\hotspot\share\interpreter\linkResolver.cpp, line 773]
Event: 42.780 Thread 0x000001d6fa87efe0 Exception <a 'sun/nio/fs/WindowsException'{0x000000008b40e230}> (0x000000008b40e230) 
thrown [s\src\hotspot\share\prims\jni.cpp, line 520]
Event: 42.781 Thread 0x000001d6fa87efe0 Exception <a 'sun/nio/fs/WindowsException'{0x000000008b4101b8}> (0x000000008b4101b8) 
thrown [s\src\hotspot\share\prims\jni.cpp, line 520]
Event: 42.818 Thread 0x000001d6fa87efe0 Exception <a 'sun/nio/fs/WindowsException'{0x000000008b33e6d8}> (0x000000008b33e6d8) 
thrown [s\src\hotspot\share\prims\jni.cpp, line 520]
Event: 42.824 Thread 0x000001d6fa87efe0 Exception <a 'sun/nio/fs/WindowsException'{0x000000008b357760}> (0x000000008b357760) 
thrown [s\src\hotspot\share\prims\jni.cpp, line 520]
Event: 42.827 Thread 0x000001d6fa87efe0 Exception <a 'sun/nio/fs/WindowsException'{0x000000008b3610c8}> (0x000000008b3610c8) 
thrown [s\src\hotspot\share\prims\jni.cpp, line 520]
Event: 42.830 Thread 0x000001d6fa87efe0 Exception <a 'sun/nio/fs/WindowsException'{0x000000008b367798}> (0x000000008b367798) 
thrown [s\src\hotspot\share\prims\jni.cpp, line 520]
Event: 43.161 Thread 0x000001d6fa87efe0 Exception <a 'java/lang/NoSuchMethodError'{0x000000008aba6408}: 'java.lang.Object java.lang.invoke.Invokers$Holder.invokeExact_MT(java.lang.Object, java.lang.Object, java.lang.Object, int, java.lang.Object, java.lang.Object)'> (0x000000008aba6408) 
thrown [s\src\hotspot\share\interpreter\linkResolver.cpp, line 773]
Event: 44.265 Thread 0x000001d6fa87efe0 Implicit null exception at 0x000001d6b30a1a53 to 0x000001d6b30a2be8

ZGC Phase Switch (0 events):
No events

VM Operations (20 events):
Event: 42.895 Executing non-safepoint VM operation: HandshakeAllThreads (Deoptimize) done
Event: 43.000 Executing safepoint VM operation: ICBufferFull
Event: 43.000 Executing safepoint VM operation: ICBufferFull done
Event: 43.178 Executing safepoint VM operation: G1TryInitiateConcMark (G1 Humongous Allocation)
Event: 43.188 Executing safepoint VM operation: G1TryInitiateConcMark (G1 Humongous Allocation) done
Event: 43.292 Executing non-safepoint VM operation: HandshakeAllThreads (Deoptimize)
Event: 43.293 Executing non-safepoint VM operation: HandshakeAllThreads (Deoptimize) done
Event: 43.350 Executing safepoint VM operation: G1PauseRemark
Event: 43.372 Executing safepoint VM operation: G1PauseRemark done
Event: 43.440 Executing safepoint VM operation: G1PauseCleanup
Event: 43.440 Executing safepoint VM operation: G1PauseCleanup done
Event: 44.255 Executing non-safepoint VM operation: HandshakeAllThreads (Deoptimize)
Event: 44.256 Executing non-safepoint VM operation: HandshakeAllThreads (Deoptimize) done
Event: 44.371 Executing non-safepoint VM operation: HandshakeAllThreads (Deoptimize)
Event: 44.371 Executing non-safepoint VM operation: HandshakeAllThreads (Deoptimize) done
Event: 44.741 Executing safepoint VM operation: ICBufferFull
Event: 44.741 Executing safepoint VM operation: ICBufferFull done
Event: 45.749 Executing safepoint VM operation: Cleanup
Event: 45.750 Executing safepoint VM operation: Cleanup done
Event: 46.758 Executing safepoint VM operation: Cleanup

Memory protections (0 events):
No events

Nmethod flushes (20 events):
Event: 43.368 Thread 0x000001d6bf75e700 flushing  nmethod 0x000001d6ab03cc90
Event: 43.368 Thread 0x000001d6bf75e700 flushing  nmethod 0x000001d6ab043990
Event: 43.368 Thread 0x000001d6bf75e700 flushing  nmethod 0x000001d6ab336f90
Event: 43.368 Thread 0x000001d6bf75e700 flushing  nmethod 0x000001d6ab638490
Event: 43.368 Thread 0x000001d6bf75e700 flushing  nmethod 0x000001d6ab640a90
Event: 43.368 Thread 0x000001d6bf75e700 flushing  nmethod 0x000001d6ab641590
Event: 43.368 Thread 0x000001d6bf75e700 flushing  nmethod 0x000001d6ab894a90
Event: 43.368 Thread 0x000001d6bf75e700 flushing  nmethod 0x000001d6abb42990
Event: 43.368 Thread 0x000001d6bf75e700 flushing  nmethod 0x000001d6abb68d90
Event: 43.368 Thread 0x000001d6bf75e700 flushing  nmethod 0x000001d6ac0ab210
Event: 43.368 Thread 0x000001d6bf75e700 flushing  nmethod 0x000001d6ac0abc90
Event: 43.368 Thread 0x000001d6bf75e700 flushing  nmethod 0x000001d6ac0acb90
Event: 43.368 Thread 0x000001d6bf75e700 flushing  nmethod 0x000001d6ac0c8e10
Event: 43.368 Thread 0x000001d6bf75e700 flushing  nmethod 0x000001d6ac0d0b10
Event: 43.368 Thread 0x000001d6bf75e700 flushing  nmethod 0x000001d6ac0d1110
Event: 43.368 Thread 0x000001d6bf75e700 flushing  nmethod 0x000001d6ac0d1810
Event: 43.368 Thread 0x000001d6bf75e700 flushing  nmethod 0x000001d6ac0d1d10
Event: 43.368 Thread 0x000001d6bf75e700 flushing  nmethod 0x000001d6ac140190
Event: 43.368 Thread 0x000001d6bf75e700 flushing  nmethod 0x000001d6ac150e10
Event: 43.368 Thread 0x000001d6bf75e700 flushing  nmethod 0x000001d6ac510e10

Events (20 events):
Event: 33.132 Thread 0x000001d6bf790cc0 Thread added: 0x000001d6fca84a80
Event: 33.531 Thread 0x000001d6fca84a80 Thread exited: 0x000001d6fca84a80
Event: 34.100 Thread 0x000001d6fca88100 Thread exited: 0x000001d6fca88100
Event: 34.388 Thread 0x000001d6bf790cc0 Thread added: 0x000001d6fca88100
Event: 34.388 Thread 0x000001d6bf790cc0 Thread added: 0x000001d6fca86c90
Event: 35.491 Thread 0x000001d6fca86c90 Thread exited: 0x000001d6fca86c90
Event: 35.603 Thread 0x000001d6fca88100 Thread exited: 0x000001d6fca88100
Event: 35.666 Thread 0x000001d6bf790cc0 Thread added: 0x000001d6fca86c90
Event: 35.676 Thread 0x000001d6fca86c90 Thread added: 0x000001d6fca89c40
Event: 37.754 Thread 0x000001d6fca89c40 Thread exited: 0x000001d6fca89c40
Event: 37.773 Thread 0x000001d6fca86c90 Thread exited: 0x000001d6fca86c90
Event: 38.581 Thread 0x000001d6bf790cc0 Thread added: 0x000001d689219800
Event: 39.674 Thread 0x000001d689219800 Thread exited: 0x000001d689219800
Event: 41.052 Thread 0x000001d6bf790cc0 Thread added: 0x000001d6fca86c90
Event: 41.156 Thread 0x000001d6fca86c90 Thread exited: 0x000001d6fca86c90
Event: 42.372 Thread 0x000001d6bf790cc0 Thread added: 0x000001d6fcfc2c50
Event: 43.656 Thread 0x000001d6fa87efe0 Thread added: 0x000001d6fee636a0
Event: 44.102 Thread 0x000001d6fcfc2c50 Thread exited: 0x000001d6fcfc2c50
Event: 44.305 Thread 0x000001d6bf78cac0 Thread added: 0x000001d6fcfc3320
Event: 44.697 Thread 0x000001d6fcfc3320 Thread added: 0x000001d6fcfbfca0


Dynamic libraries:
0x00007ff697fd0000 - 0x00007ff697fde000 	C:\Users\DELL\.antigravity-ide\extensions\redhat.java-1.54.0-win32-x64\jre\21.0.10-win32-x86_64\bin\java.exe
0x00007ffc5e100000 - 0x00007ffc5e366000 	C:\WINDOWS\SYSTEM32\ntdll.dll
0x00007ffc5d5d0000 - 0x00007ffc5d699000 	C:\WINDOWS\System32\KERNEL32.DLL
0x00007ffc5b780000 - 0x00007ffc5bb7a000 	C:\WINDOWS\System32\KERNELBASE.dll
0x00007ffc5b570000 - 0x00007ffc5b6bc000 	C:\WINDOWS\System32\ucrtbase.dll
0x00007ffc52950000 - 0x00007ffc52968000 	C:\Users\DELL\.antigravity-ide\extensions\redhat.java-1.54.0-win32-x64\jre\21.0.10-win32-x86_64\bin\jli.dll
0x00007ffc52a10000 - 0x00007ffc52a2e000 	C:\Users\DELL\.antigravity-ide\extensions\redhat.java-1.54.0-win32-x64\jre\21.0.10-win32-x86_64\bin\VCRUNTIME140.dll
0x00007ffc5c540000 - 0x00007ffc5c707000 	C:\WINDOWS\System32\USER32.dll
0x00007ffc45ac0000 - 0x00007ffc45d52000 	C:\WINDOWS\WinSxS\amd64_microsoft.windows.common-controls_6595b64144ccf1df_6.0.26100.8521_none_3e08b75ce33403b3\COMCTL32.dll
0x00007ffc5bb80000 - 0x00007ffc5bba7000 	C:\WINDOWS\System32\win32u.dll
0x00007ffc5cd00000 - 0x00007ffc5cda9000 	C:\WINDOWS\System32\msvcrt.dll
0x00007ffc5e070000 - 0x00007ffc5e09b000 	C:\WINDOWS\System32\GDI32.dll
0x00007ffc5b440000 - 0x00007ffc5b56b000 	C:\WINDOWS\System32\gdi32full.dll
0x00007ffc5b390000 - 0x00007ffc5b433000 	C:\WINDOWS\System32\msvcp_win.dll
0x00007ffc5c300000 - 0x00007ffc5c332000 	C:\WINDOWS\System32\IMM32.DLL
0x00007ffc529c0000 - 0x00007ffc529cc000 	C:\Users\DELL\.antigravity-ide\extensions\redhat.java-1.54.0-win32-x64\jre\21.0.10-win32-x86_64\bin\vcruntime140_1.dll
0x00007ffc4a580000 - 0x00007ffc4a60d000 	C:\Users\DELL\.antigravity-ide\extensions\redhat.java-1.54.0-win32-x64\jre\21.0.10-win32-x86_64\bin\msvcp140.dll
0x00007ffb50580000 - 0x00007ffb51321000 	C:\Users\DELL\.antigravity-ide\extensions\redhat.java-1.54.0-win32-x64\jre\21.0.10-win32-x86_64\bin\server\jvm.dll
0x00007ffc5daa0000 - 0x00007ffc5db56000 	C:\WINDOWS\System32\ADVAPI32.dll
0x00007ffc5d790000 - 0x00007ffc5d83a000 	C:\WINDOWS\System32\sechost.dll
0x00007ffc5c7c0000 - 0x00007ffc5c8d8000 	C:\WINDOWS\System32\RPCRT4.dll
0x00007ffc5d540000 - 0x00007ffc5d5c0000 	C:\WINDOWS\System32\WS2_32.dll
0x00007ffc5b1f0000 - 0x00007ffc5b24e000 	C:\WINDOWS\SYSTEM32\POWRPROF.dll
0x00007ffc49ed0000 - 0x00007ffc49edb000 	C:\WINDOWS\SYSTEM32\VERSION.dll
0x00007ffc46010000 - 0x00007ffc46046000 	C:\WINDOWS\SYSTEM32\WINMM.dll
0x00007ffc5b1d0000 - 0x00007ffc5b1e4000 	C:\WINDOWS\SYSTEM32\UMPDC.dll
0x00007ffc5a0e0000 - 0x00007ffc5a0fb000 	C:\WINDOWS\SYSTEM32\kernel.appcore.dll
0x00007ffc52930000 - 0x00007ffc5293a000 	C:\Users\DELL\.antigravity-ide\extensions\redhat.java-1.54.0-win32-x64\jre\21.0.10-win32-x86_64\bin\jimage.dll
0x00007ffc55710000 - 0x00007ffc55952000 	C:\WINDOWS\SYSTEM32\DBGHELP.DLL
0x00007ffc5dcc0000 - 0x00007ffc5e043000 	C:\WINDOWS\System32\combase.dll
0x00007ffc5cac0000 - 0x00007ffc5cb99000 	C:\WINDOWS\System32\OLEAUT32.dll
0x00007ffc36a60000 - 0x00007ffc36a9b000 	C:\WINDOWS\SYSTEM32\dbgcore.DLL
0x00007ffc5bc40000 - 0x00007ffc5bce8000 	C:\WINDOWS\System32\bcryptPrimitives.dll
0x00007ffc52920000 - 0x00007ffc5292f000 	C:\Users\DELL\.antigravity-ide\extensions\redhat.java-1.54.0-win32-x64\jre\21.0.10-win32-x86_64\bin\instrument.dll
0x00007ffc52900000 - 0x00007ffc52920000 	C:\Users\DELL\.antigravity-ide\extensions\redhat.java-1.54.0-win32-x64\jre\21.0.10-win32-x86_64\bin\java.dll
0x00007ffc5cdb0000 - 0x00007ffc5d534000 	C:\WINDOWS\System32\SHELL32.dll
0x00007ffc58f20000 - 0x00007ffc597a0000 	C:\WINDOWS\SYSTEM32\windows.storage.dll
0x00007ffc5dbc0000 - 0x00007ffc5dcb6000 	C:\WINDOWS\System32\SHCORE.dll
0x00007ffc5c340000 - 0x00007ffc5c3a7000 	C:\WINDOWS\System32\shlwapi.dll
0x00007ffc5b2b0000 - 0x00007ffc5b2d9000 	C:\WINDOWS\SYSTEM32\profapi.dll
0x00007ffc52890000 - 0x00007ffc528a8000 	C:\Users\DELL\.antigravity-ide\extensions\redhat.java-1.54.0-win32-x64\jre\21.0.10-win32-x86_64\bin\zip.dll
0x00007ffc528f0000 - 0x00007ffc52900000 	C:\Users\DELL\.antigravity-ide\extensions\redhat.java-1.54.0-win32-x64\jre\21.0.10-win32-x86_64\bin\net.dll
0x00007ffc50f40000 - 0x00007ffc51069000 	C:\WINDOWS\SYSTEM32\WINHTTP.dll
0x00007ffc5a630000 - 0x00007ffc5a69c000 	C:\WINDOWS\system32\mswsock.dll
0x00007ffc4a840000 - 0x00007ffc4a856000 	C:\Users\DELL\.antigravity-ide\extensions\redhat.java-1.54.0-win32-x64\jre\21.0.10-win32-x86_64\bin\nio.dll
0x00007ffc52880000 - 0x00007ffc52890000 	C:\Users\DELL\.antigravity-ide\extensions\redhat.java-1.54.0-win32-x64\jre\21.0.10-win32-x86_64\bin\verify.dll
0x00007ffc49150000 - 0x00007ffc49177000 	C:\Users\DELL\.gradle\native\1def1411415f61bf3af743bc5b6707747c0891f09f0c88961ee8f79bc544acac\windows-amd64\native-platform.dll
0x00007ffc40f50000 - 0x00007ffc40fc8000 	C:\Users\DELL\.gradle\native\0.2.7\x86_64-windows-gnu\gradle-fileevents.dll
0x00007ffc4a570000 - 0x00007ffc4a57a000 	C:\Users\DELL\.antigravity-ide\extensions\redhat.java-1.54.0-win32-x64\jre\21.0.10-win32-x86_64\bin\management.dll
0x00007ffc4a3a0000 - 0x00007ffc4a3ac000 	C:\Users\DELL\.antigravity-ide\extensions\redhat.java-1.54.0-win32-x64\jre\21.0.10-win32-x86_64\bin\management_ext.dll
0x00007ffc5d780000 - 0x00007ffc5d788000 	C:\WINDOWS\System32\PSAPI.DLL
0x00007ffc59b80000 - 0x00007ffc59bb3000 	C:\WINDOWS\SYSTEM32\IPHLPAPI.DLL
0x00007ffc5e0a0000 - 0x00007ffc5e0aa000 	C:\WINDOWS\System32\NSI.dll
0x00007ffc4a380000 - 0x00007ffc4a389000 	C:\Users\DELL\.antigravity-ide\extensions\redhat.java-1.54.0-win32-x64\jre\21.0.10-win32-x86_64\bin\extnet.dll
0x00007ffc5aa30000 - 0x00007ffc5aa4b000 	C:\WINDOWS\SYSTEM32\CRYPTSP.dll
0x00007ffc5a040000 - 0x00007ffc5a079000 	C:\WINDOWS\system32\rsaenh.dll
0x00007ffc5a6e0000 - 0x00007ffc5a713000 	C:\WINDOWS\SYSTEM32\USERENV.dll
0x00007ffc5b280000 - 0x00007ffc5b2aa000 	C:\WINDOWS\SYSTEM32\bcrypt.dll
0x00007ffc5a890000 - 0x00007ffc5a89c000 	C:\WINDOWS\SYSTEM32\CRYPTBASE.dll
0x00007ffc4a390000 - 0x00007ffc4a39e000 	C:\Users\DELL\.antigravity-ide\extensions\redhat.java-1.54.0-win32-x64\jre\21.0.10-win32-x86_64\bin\sunmscapi.dll
0x00007ffc5bcf0000 - 0x00007ffc5be68000 	C:\WINDOWS\System32\CRYPT32.dll
0x00007ffc5ab80000 - 0x00007ffc5abb0000 	C:\WINDOWS\SYSTEM32\ncrypt.dll
0x00007ffc5ab30000 - 0x00007ffc5ab6f000 	C:\WINDOWS\SYSTEM32\NTASN1.dll
0x00007ffc0ff70000 - 0x00007ffc0ff78000 	C:\WINDOWS\system32\wshunix.dll
0x00007ffc32ce0000 - 0x00007ffc32cf8000 	C:\WINDOWS\system32\napinsp.dll
0x00007ffc59bc0000 - 0x00007ffc59d0a000 	C:\WINDOWS\SYSTEM32\DNSAPI.dll
0x00007ffc5a470000 - 0x00007ffc5a47d000 	C:\WINDOWS\SYSTEM32\DSPARSE.dll
0x00007ffc32410000 - 0x00007ffc32423000 	C:\WINDOWS\System32\winrnr.dll
0x00007ffc31c20000 - 0x00007ffc31c42000 	C:\WINDOWS\system32\nlansp_c.dll
0x00007ffc31c00000 - 0x00007ffc31c16000 	C:\WINDOWS\system32\wshbth.dll
0x00007ffc4cce0000 - 0x00007ffc4cceb000 	C:\Windows\System32\rasadhlp.dll
0x00007ffc51a10000 - 0x00007ffc51a96000 	C:\WINDOWS\System32\fwpuclnt.dll

JVMTI agents:
C:\Users\DELL\.gradle\wrapper\dists\gradle-8.14-all\c2qonpi39x1mddn7hk5gh9iqj\gradle-8.14\lib\agents\gradle-instrumentation-agent-8.14.jar path:C:\Users\DELL\.antigravity-ide\extensions\redhat.java-1.54.0-win32-x64\jre\21.0.10-win32-x86_64\bin\instrument.dll, loaded, initialized, instrumentlib options:none

dbghelp: loaded successfully - version: 4.0.5 - missing functions: none
symbol engine: initialized successfully - sym options: 0x614 - pdb path: .;C:\Users\DELL\.antigravity-ide\extensions\redhat.java-1.54.0-win32-x64\jre\21.0.10-win32-x86_64\bin;C:\WINDOWS\SYSTEM32;C:\WINDOWS\WinSxS\amd64_microsoft.windows.common-controls_6595b64144ccf1df_6.0.26100.8521_none_3e08b75ce33403b3;C:\Users\DELL\.antigravity-ide\extensions\redhat.java-1.54.0-win32-x64\jre\21.0.10-win32-x86_64\bin\server;C:\Users\DELL\.gradle\native\1def1411415f61bf3af743bc5b6707747c0891f09f0c88961ee8f79bc544acac\windows-amd64;C:\Users\DELL\.gradle\native\0.2.7\x86_64-windows-gnu

VM Arguments:
jvm_args: --add-opens=java.base/java.lang=ALL-UNNAMED --add-opens=java.base/java.lang.invoke=ALL-UNNAMED --add-opens=java.base/java.util=ALL-UNNAMED --add-opens=java.prefs/java.util.prefs=ALL-UNNAMED --add-exports=jdk.compiler/com.sun.tools.javac.api=ALL-UNNAMED --add-exports=jdk.compiler/com.sun.tools.javac.util=ALL-UNNAMED --add-opens=java.base/java.util=ALL-UNNAMED --add-opens=java.prefs/java.util.prefs=ALL-UNNAMED --add-opens=java.base/java.nio.charset=ALL-UNNAMED --add-opens=java.base/java.net=ALL-UNNAMED --add-opens=java.base/java.util.concurrent.atomic=ALL-UNNAMED --add-opens=java.xml/javax.xml.namespace=ALL-UNNAMED -XX:MaxMetaspaceSize=1G -XX:+HeapDumpOnOutOfMemoryError -Xmx2G -Dfile.encoding=UTF-8 -Duser.country=GB -Duser.language=en -Duser.variant -javaagent:C:\Users\DELL\.gradle\wrapper\dists\gradle-8.14-all\c2qonpi39x1mddn7hk5gh9iqj\gradle-8.14\lib\agents\gradle-instrumentation-agent-8.14.jar 
java_command: org.gradle.launcher.daemon.bootstrap.GradleDaemon 8.14
java_class_path (initial): C:\Users\DELL\.gradle\wrapper\dists\gradle-8.14-all\c2qonpi39x1mddn7hk5gh9iqj\gradle-8.14\lib\gradle-daemon-main-8.14.jar
Launcher Type: SUN_STANDARD

[Global flags]
     intx CICompilerCount                          = 4                                         {product} {ergonomic}
   size_t CompressedClassSpaceSize                 = 872415232                                 {product} {ergonomic}
     uint ConcGCThreads                            = 3                                         {product} {ergonomic}
     uint G1ConcRefinementThreads                  = 10                                        {product} {ergonomic}
   size_t G1HeapRegionSize                         = 1048576                                   {product} {ergonomic}
    uintx GCDrainStackTargetSize                   = 64                                        {product} {ergonomic}
     bool HeapDumpOnOutOfMemoryError               = true                                   {manageable} {command line}
   size_t InitialHeapSize                          = 266338304                                 {product} {ergonomic}
   size_t MarkStackSize                            = 4194304                                   {product} {ergonomic}
   size_t MaxHeapSize                              = 2147483648                                {product} {command line}
   size_t MaxMetaspaceSize                         = 1073741824                                {product} {command line}
   size_t MaxNewSize                               = 1287651328                                {product} {ergonomic}
   size_t MinHeapDeltaBytes                        = 1048576                                   {product} {ergonomic}
   size_t MinHeapSize                              = 8388608                                   {product} {ergonomic}
    uintx NonNMethodCodeHeapSize                   = 5839372                                {pd product} {ergonomic}
    uintx NonProfiledCodeHeapSize                  = 122909434                              {pd product} {ergonomic}
    uintx ProfiledCodeHeapSize                     = 122909434                              {pd product} {ergonomic}
    uintx ReservedCodeCacheSize                    = 251658240                              {pd product} {ergonomic}
     bool SegmentedCodeCache                       = true                                      {product} {ergonomic}
   size_t SoftMaxHeapSize                          = 2147483648                             {manageable} {ergonomic}
     bool UseCompressedOops                        = true                           {product lp64_product} {ergonomic}
     bool UseG1GC                                  = true                                      {product} {ergonomic}
     bool UseLargePagesIndividualAllocation        = false                                  {pd product} {ergonomic}

Logging:
Log output configuration:
 #0: stdout all=warning uptime,level,tags foldmultilines=false
 #1: stderr all=off uptime,level,tags foldmultilines=false

Release file:
JAVA_VERSION="21.0.10" 
MODULES="java.base java.compiler java.datatransfer java.xml java.prefs java.desktop java.instrument java.logging java.management java.security.sasl java.naming java.rmi java.management.rmi java.net.http java.scripting java.security.jgss java.transaction.xa java.sql java.sql.rowset java.xml.crypto java.se java.smartcardio jdk.accessibility jdk.internal.jvmstat jdk.attach jdk.charsets jdk.internal.opt jdk.zipfs jdk.compiler jdk.crypto.ec jdk.crypto.cryptoki jdk.crypto.mscapi jdk.dynalink jdk.internal.ed jdk.editpad jdk.hotspot.agent jdk.httpserver jdk.internal.le jdk.internal.vm.ci jdk.internal.vm.compiler jdk.internal.vm.compiler.management jdk.jartool jdk.javadoc jdk.jcmd jdk.management jdk.management.agent jdk.jconsole jdk.jdeps jdk.jdwp.agent jdk.jdi jdk.jfr jdk.jshell jdk.jsobject jdk.jstatd jdk.localedata jdk.management.jfr jdk.naming.dns jdk.naming.rmi jdk.net jdk.nio.mapmode jdk.random jdk.sctp jdk.security.auth jdk.security.jgss jdk.unsupported jdk.unsupported.desktop jdk.xml.dom" 

Environment Variables:
PATH=C:\Program Files (x86)\VMware\VMware Workstation\bin\;C:\Program Files\Python312\Scripts\;C:\Program Files\Python312\;C:\Program Files\Microsoft MPI\Bin\;C:\WINDOWS\system32;C:\WINDOWS;C:\WINDOWS\System32\Wbem;C:\WINDOWS\System32\WindowsPowerShell\v1.0\;C:\WINDOWS\System32\OpenSSH\;C:\Program Files\Microsoft MPI\Bin;C:\ProgramData\chocolatey\bin;C:\Program Files\Git\cmd;C:\Program Files\PostgreSQL\17\bin;C:\Program Files\Docker\Docker\resources\bin;C:\Program Files\Git\bin;C:\Program Files\nodejs\;D:\jdk-25.0.1+8\bin;C:\Program Files\Kubernetes\Minikube;C:\Program Files\MongoDB\Server\8.2\bin;C:\Program Files\Amazon\AWSCLIV2\;D:\terraform;D:\flutter\bin;D:\android\cmdline-tools\latest\bin;D:\android;C:\Users\DELL\AppData\Local\Microsoft\WindowsApps;C:\Users\DELL\AppData\Local\Programs\Microsoft VS Code\bin;C:\Program Files\Microsoft MPI\Bin;C:\Program Files\nodejs;C:\Program Files\PostgreSQL\17\bin;C:\Program Files\JetBrains\IntelliJ IDEA 2024.3.5\bin;;C:\Users\DELL\AppData\Roaming\Python\Python312\Scripts;C:\NuSMV-2.7.0-win64\bin;C:\Users\DELL\AppData\Roaming\npm;D:\apache-maven-3.9.11\bin;D:\jdk-25.0.1+8\bin;C:\Program Files\mongosh\;C:\Users\DELL\AppData\Local\Programs\Antigravity\bin;D:\cursor\resources\app\bin;c:\users\dell\.local\bin;c:\users\dell\.local\bin;c:\users\dell\appdata\roaming\python\python312\scripts;c:\users\dell\appdata\roaming\python\python312\scripts;c:\users\dell\.local\bin;C:\Users\DELL\AppData\Local\Programs\Antigravity IDE\bin
USERNAME=DELL
OS=Windows_NT
PROCESSOR_IDENTIFIER=Intel64 Family 6 Model 158 Stepping 13, GenuineIntel
TMP=C:\Users\DELL\AppData\Local\Temp
TEMP=C:\Users\DELL\AppData\Local\Temp




Periodic native trim disabled

---------------  S Y S T E M  ---------------

OS:
 Windows 11 , 64 bit Build 26100 (10.0.26100.8521)
OS uptime: 0 days 13:08 hours
Hyper-V role detected

CPU: total 12 (initial active 12) (6 cores per cpu, 2 threads per core) family 6 model 158 stepping 13 microcode 0xde, cx8, cmov, fxsr, ht, mmx, 3dnowpref, sse, sse2, sse3, ssse3, sse4.1, sse4.2, popcnt, lzcnt, tsc, tscinvbit, avx, avx2, aes, erms, clmul, bmi1, bmi2, adx, fma, vzeroupper, clflush, clflushopt, hv, rdtscp, f16c
Processor Information for processor 0
  Max Mhz: 2592, Current Mhz: 2592, Mhz Limit: 2592
Processor Information for processor 1
  Max Mhz: 2592, Current Mhz: 2592, Mhz Limit: 2592
Processor Information for processor 2
  Max Mhz: 2592, Current Mhz: 1495, Mhz Limit: 2592
Processor Information for processor 3
  Max Mhz: 2592, Current Mhz: 2592, Mhz Limit: 2592
Processor Information for processor 4
  Max Mhz: 2592, Current Mhz: 2592, Mhz Limit: 2592
Processor Information for processor 5
  Max Mhz: 2592, Current Mhz: 2592, Mhz Limit: 2592
Processor Information for processor 6
  Max Mhz: 2592, Current Mhz: 2592, Mhz Limit: 2592
Processor Information for processor 7
  Max Mhz: 2592, Current Mhz: 2592, Mhz Limit: 2592
Processor Information for processor 8
  Max Mhz: 2592, Current Mhz: 2592, Mhz Limit: 2592
Processor Information for processor 9
  Max Mhz: 2592, Current Mhz: 2592, Mhz Limit: 2592
Processor Information for processor 10
  Max Mhz: 2592, Current Mhz: 2592, Mhz Limit: 2592
Processor Information for processor 11
  Max Mhz: 2592, Current Mhz: 1495, Mhz Limit: 2592

Memory: 4k page, system-wide physical 16166M (1098M free)
TotalPageFile size 48665M (AvailPageFile size 5M)
current process WorkingSet (physical memory assigned to process): 600M, peak: 601M
current process commit charge ("private bytes"): 638M, peak: 640M

vm_info: OpenJDK 64-Bit Server VM (21.0.10+7-LTS) for windows-amd64 JRE (21.0.10+7-LTS), built on 2026-01-20T00:00:00Z by "admin" with MS VC++ 17.12 (VS2022)

END.
