#
# There is insufficient memory for the Java Runtime Environment to continue.
# Native memory allocation (malloc) failed to allocate 1066336 bytes. Error detail: Chunk::new
# Possible reasons:
#   The system is out of physical RAM or swap space
#   This process is running with CompressedOops enabled, and the Java Heap may be blocking the growth of the native heap
# Possible solutions:
#   Reduce memory load on the system
#   Increase physical memory or swap space
#   Check if swap backing store is full
#   Decrease Java heap size (-Xmx/-Xms)
#   Decrease number of Java threads
#   Decrease Java thread stack sizes (-Xss)
#   Set larger code cache with -XX:ReservedCodeCacheSize=
#   JVM is running with Unscaled Compressed Oops mode in which the Java heap is
#     placed in the first 4GB address space. The Java Heap base address is the
#     maximum limit for the native heap growth. Please use -XX:HeapBaseMinAddress
#     to set the Java Heap base and to place the Java Heap above 4GB virtual address.
# This output file may be truncated or incomplete.
#
#  Out of Memory Error (arena.cpp:168), pid=30144, tid=8272
#
# JRE version: OpenJDK Runtime Environment Temurin-21.0.10+7 (21.0.10+7) (build 21.0.10+7-LTS)
# Java VM: OpenJDK 64-Bit Server VM Temurin-21.0.10+7 (21.0.10+7-LTS, mixed mode, sharing, tiered, compressed oops, compressed class ptrs, g1 gc, windows-amd64)
# No core dump will be written. Minidumps are not enabled by default on client versions of Windows
#

---------------  S U M M A R Y ------------

Command Line: --add-opens=java.base/java.lang=ALL-UNNAMED --add-opens=java.base/java.lang.invoke=ALL-UNNAMED --add-opens=java.base/java.util=ALL-UNNAMED --add-opens=java.prefs/java.util.prefs=ALL-UNNAMED --add-exports=jdk.compiler/com.sun.tools.javac.api=ALL-UNNAMED --add-exports=jdk.compiler/com.sun.tools.javac.util=ALL-UNNAMED --add-opens=java.base/java.util=ALL-UNNAMED --add-opens=java.prefs/java.util.prefs=ALL-UNNAMED --add-opens=java.base/java.nio.charset=ALL-UNNAMED --add-opens=java.base/java.net=ALL-UNNAMED --add-opens=java.base/java.util.concurrent.atomic=ALL-UNNAMED --add-opens=java.xml/javax.xml.namespace=ALL-UNNAMED -XX:MaxMetaspaceSize=1G -XX:+HeapDumpOnOutOfMemoryError -Xmx2G -Dfile.encoding=UTF-8 -Duser.country=GB -Duser.language=en -Duser.variant -javaagent:C:\Users\DELL\.gradle\wrapper\dists\gradle-8.14-all\c2qonpi39x1mddn7hk5gh9iqj\gradle-8.14\lib\agents\gradle-instrumentation-agent-8.14.jar org.gradle.launcher.daemon.bootstrap.GradleDaemon 8.14

Host: Intel(R) Core(TM) i7-9850H CPU @ 2.60GHz, 12 cores, 15G,  Windows 11 , 64 bit Build 26100 (10.0.26100.8521)
Time: Wed Jun  3 23:57:37 2026 W. Central Africa Standard Time elapsed time: 186.477932 seconds (0d 0h 3m 6s)

---------------  T H R E A D  ---------------

Current thread (0x0000025834317980):  JavaThread "C2 CompilerThread0" daemon [_thread_in_native, id=8272, stack(0x0000005f59600000,0x0000005f59700000) (1024K)]


Current CompileTask:
C2:186478 25657       4       org.gradle.api.internal.artifacts.repositories.PatternHelper::substituteTokens (684 bytes)

Stack: [0x0000005f59600000,0x0000005f59700000]
Native frames: (J=compiled Java code, j=interpreted, Vv=VM code, C=native code)
V  [jvm.dll+0x6d7a39]
V  [jvm.dll+0x8b4b26]
V  [jvm.dll+0x8b70de]
V  [jvm.dll+0x8b77c3]
V  [jvm.dll+0x284346]
V  [jvm.dll+0xc66ed]
V  [jvm.dll+0xc6c31]
V  [jvm.dll+0x2fb29e]
V  [jvm.dll+0x5fe884]
V  [jvm.dll+0x255b17]
V  [jvm.dll+0x255edd]
V  [jvm.dll+0x24e500]
V  [jvm.dll+0x24ba42]
V  [jvm.dll+0x1cb34e]
V  [jvm.dll+0x25b85d]
V  [jvm.dll+0x259dea]
V  [jvm.dll+0x3f857e]
V  [jvm.dll+0x85f59d]
V  [jvm.dll+0x6d626d]
C  [ucrtbase.dll+0x2cd30]
C  [KERNEL32.DLL+0x2e957]
C  [ntdll.dll+0x87c1c]


---------------  P R O C E S S  ---------------

Threads class SMR info:
_java_thread_list=0x0000025875303580, length=187, elements={
0x000002581cb626d0, 0x0000025834312430, 0x0000025834314ea0, 0x0000025834315dc0,
0x000002583431ba60, 0x0000025834319300, 0x000002583431ad40, 0x0000025834317980,
0x00000258347f93b0, 0x0000025834319990, 0x000002583431a020, 0x0000025834318c70,
0x000002583431c0f0, 0x000002586fbfb930, 0x000002586fbfe090, 0x000002586fbfbfc0,
0x000002586fbffad0, 0x000002586fbfcce0, 0x000002586fbff440, 0x000002586fbfe720,
0x000002586fbfedb0, 0x000002586fbfd370, 0x000002586fbfc650, 0x000002586fc01510,
0x000002586fc007f0, 0x000002586fc00e80, 0x000002586fc01ba0, 0x000002586fc028c0,
0x000002586fc02f50, 0x000002586fc02230, 0x0000025872147a80, 0x0000025872144600,
0x0000025872146d60, 0x0000025872146040, 0x00000258721466d0, 0x00000258721459b0,
0x000002583431b3d0, 0x00000258734e4b50, 0x00000258734e51e0, 0x00000258734e5f00,
0x00000258734e44c0, 0x00000258734e72b0, 0x00000258734e5870, 0x00000258734e3e30,
0x00000258734e9380, 0x00000258734eadc0, 0x00000258734e7940, 0x00000258734eb450,
0x00000258734e8660, 0x00000258729f9570, 0x00000258729f81c0, 0x00000258729f7b30,
0x00000258729fafb0, 0x00000258729f9c00, 0x00000258729fa290, 0x00000258729f8ee0,
0x00000258729fa920, 0x00000258729fb640, 0x00000258729fbcd0, 0x00000258729f8850,
0x00000258729fc360, 0x00000258729fd080, 0x00000258729feac0, 0x00000258729ff150,
0x00000258729fd710, 0x00000258729fc9f0, 0x00000258729fdda0, 0x0000025871d4c4e0,
0x0000025871d4be50, 0x0000025871d49060, 0x0000025871d4b130, 0x0000025871d4b7c0,
0x0000025871d4a410, 0x0000025871d4cb70, 0x0000025871d496f0, 0x0000025871d4d200,
0x0000025871d49d80, 0x0000025871d4aaa0, 0x0000025871d4d890, 0x0000025871d50680,
0x000002587124d180, 0x0000025874469280, 0x0000025874468bf0, 0x0000025874468560,
0x0000025874469fa0, 0x0000025874469910, 0x0000025874466b20, 0x000002587446dab0,
0x000002587446cd90, 0x000002587446a630, 0x000002587446e140, 0x000002587446b9e0,
0x000002587446c070, 0x000002587446acc0, 0x000002587446e7d0, 0x000002587446d420,
0x000002587446b350, 0x000002587446ee60, 0x000002587446f4f0, 0x000002587446fb80,
0x0000025874470210, 0x00000258744708a0, 0x000002587b193b60, 0x000002587b190d70,
0x000002587b194880, 0x000002587b194f10, 0x000002587b1955a0, 0x000002587124d810,
0x000002587124e530, 0x000002587124b0b0, 0x0000025871251320, 0x000002587c572f60,
0x000002587c5735f0, 0x000002587c573c80, 0x000002587c575030, 0x000002587c5728d0,
0x000002587c576a70, 0x000002587c577790, 0x000002587c5756c0, 0x000002587c577e20,
0x000002587c577100, 0x000002587c575d50, 0x000002587c5749a0, 0x000002587c5784b0,
0x000002587c578b40, 0x000002587c5791d0, 0x000002587c579860, 0x000002587c57d370,
0x000002587c579ef0, 0x000002587c57da00, 0x000002587c57b2a0, 0x000002587c57ac10,
0x000002587c57cce0, 0x000002587c57a580, 0x000002587c57e720, 0x000002587c57e090,
0x000002587c57edb0, 0x000002587c57b930, 0x000002587c57f440, 0x000002587c57bfc0,
0x000002587c57fad0, 0x000002587c580e80, 0x000002587c581510, 0x000002587c580160,
0x000002587c581ba0, 0x000002587c5807f0, 0x000002587c44b520, 0x000002587c448dc0,
0x000002587c44bbb0, 0x000002587c44ae90, 0x000002587c44c240, 0x000002587c449ae0,
0x000002587c44a170, 0x000002587c44a800, 0x000002587c44c8d0, 0x000002587c449450,
0x000002587c44e9a0, 0x000002587c44f6c0, 0x000002587c44fd50, 0x000002587c4503e0,
0x000002587c44d5f0, 0x000002587c44cf60, 0x000002587c450a70, 0x00000258748c6bf0,
0x000002587c451e20, 0x000002587c453ef0, 0x000002587c4531d0, 0x000002587c457370,
0x000002587c457a00, 0x000002587c458090, 0x000002587c455930, 0x000002587b1906e0,
0x000002587b18df80, 0x000002587b192e40, 0x0000025871250c90, 0x000002587124f8e0,
0x00000258744615d0, 0x00000258744671b0, 0x0000025871d4e5b0, 0x0000025871d4fff0,
0x000002587c4552a0, 0x000002583431a6b0, 0x0000025872145320, 0x000002587c574310,
0x00000258716e7bc0, 0x00000258716e88e0, 0x00000258716e6180
}

Java Threads: ( => current thread )
  0x000002581cb626d0 JavaThread "main"                              [_thread_blocked, id=7536, stack(0x0000005f58800000,0x0000005f58900000) (1024K)]
  0x0000025834312430 JavaThread "Reference Handler"          daemon [_thread_blocked, id=30292, stack(0x0000005f59000000,0x0000005f59100000) (1024K)]
  0x0000025834314ea0 JavaThread "Finalizer"                  daemon [_thread_blocked, id=25612, stack(0x0000005f59100000,0x0000005f59200000) (1024K)]
  0x0000025834315dc0 JavaThread "Signal Dispatcher"          daemon [_thread_blocked, id=9292, stack(0x0000005f59200000,0x0000005f59300000) (1024K)]
  0x000002583431ba60 JavaThread "Attach Listener"            daemon [_thread_blocked, id=15028, stack(0x0000005f59300000,0x0000005f59400000) (1024K)]
  0x0000025834319300 JavaThread "Service Thread"             daemon [_thread_blocked, id=32836, stack(0x0000005f59400000,0x0000005f59500000) (1024K)]
  0x000002583431ad40 JavaThread "Monitor Deflation Thread"   daemon [_thread_blocked, id=26836, stack(0x0000005f59500000,0x0000005f59600000) (1024K)]
=>0x0000025834317980 JavaThread "C2 CompilerThread0"         daemon [_thread_in_native, id=8272, stack(0x0000005f59600000,0x0000005f59700000) (1024K)]
  0x00000258347f93b0 JavaThread "C1 CompilerThread0"         daemon [_thread_in_native, id=16220, stack(0x0000005f59700000,0x0000005f59800000) (1024K)]
  0x0000025834319990 JavaThread "Common-Cleaner"             daemon [_thread_blocked, id=14928, stack(0x0000005f59800000,0x0000005f59900000) (1024K)]
  0x000002583431a020 JavaThread "Notification Thread"        daemon [_thread_blocked, id=25688, stack(0x0000005f59900000,0x0000005f59a00000) (1024K)]
  0x0000025834318c70 JavaThread "Daemon health stats"               [_thread_blocked, id=27192, stack(0x0000005f5a100000,0x0000005f5a200000) (1024K)]
  0x000002583431c0f0 JavaThread "Incoming local TCP Connector on port 64547"        [_thread_in_native, id=33084, stack(0x0000005f59a00000,0x0000005f59b00000) (1024K)]
  0x000002586fbfb930 JavaThread "Daemon periodic checks"            [_thread_blocked, id=19836, stack(0x0000005f5a200000,0x0000005f5a300000) (1024K)]
  0x000002586fbfe090 JavaThread "Daemon"                            [_thread_blocked, id=29828, stack(0x0000005f5a300000,0x0000005f5a400000) (1024K)]
  0x000002586fbfbfc0 JavaThread "Handler for socket connection from /127.0.0.1:64547 to /127.0.0.1:64548"        [_thread_in_native, id=23964, stack(0x0000005f5a400000,0x0000005f5a500000) (1024K)]
  0x000002586fbffad0 JavaThread "Cancel handler"                    [_thread_blocked, id=13156, stack(0x0000005f5a500000,0x0000005f5a600000) (1024K)]
  0x000002586fbfcce0 JavaThread "Daemon worker"                     [_thread_in_Java, id=8068, stack(0x0000005f5a600000,0x0000005f5a700000) (1024K)]
  0x000002586fbff440 JavaThread "Asynchronous log dispatcher for DefaultDaemonConnection: socket connection from /127.0.0.1:64547 to /127.0.0.1:64548"        [_thread_blocked, id=26504, stack(0x0000005f5a700000,0x0000005f5a800000) (1024K)]
  0x000002586fbfe720 JavaThread "Stdin handler"                     [_thread_blocked, id=5524, stack(0x0000005f5a800000,0x0000005f5a900000) (1024K)]
  0x000002586fbfedb0 JavaThread "Daemon client event forwarder"        [_thread_blocked, id=25632, stack(0x0000005f5a900000,0x0000005f5aa00000) (1024K)]
  0x000002586fbfd370 JavaThread "Cache worker for journal cache (C:\Users\DELL\.gradle\caches\journal-1)"        [_thread_blocked, id=8280, stack(0x0000005f5aa00000,0x0000005f5ab00000) (1024K)]
  0x000002586fbfc650 JavaThread "File lock request listener"        [_thread_in_native, id=30060, stack(0x0000005f5ab00000,0x0000005f5ac00000) (1024K)]
  0x000002586fc01510 JavaThread "Cache worker for file hash cache (C:\Users\DELL\.gradle\caches\8.14\fileHashes)"        [_thread_blocked, id=31160, stack(0x0000005f5ad00000,0x0000005f5ae00000) (1024K)]
  0x000002586fc007f0 JavaThread "Cache worker for file hash cache (D:\Vibe Coding\TwinPacemaker\mobile_app\android\.gradle\8.14\fileHashes)"        [_thread_blocked, id=33544, stack(0x0000005f5b400000,0x0000005f5b500000) (1024K)]
  0x000002586fc00e80 JavaThread "Cache worker for Build Output Cleanup Cache (D:\Vibe Coding\TwinPacemaker\mobile_app\android\.gradle\buildOutputCleanup)"        [_thread_blocked, id=3908, stack(0x0000005f5b500000,0x0000005f5b600000) (1024K)]
  0x000002586fc01ba0 JavaThread "File watcher server"        daemon [_thread_in_native, id=4424, stack(0x0000005f5b600000,0x0000005f5b700000) (1024K)]
  0x000002586fc028c0 JavaThread "File watcher consumer"      daemon [_thread_blocked, id=16528, stack(0x0000005f5b700000,0x0000005f5b800000) (1024K)]
  0x000002586fc02f50 JavaThread "jar transforms"                    [_thread_blocked, id=31796, stack(0x0000005f5b800000,0x0000005f5b900000) (1024K)]
  0x000002586fc02230 JavaThread "jar transforms Thread 2"           [_thread_blocked, id=9012, stack(0x0000005f5b900000,0x0000005f5ba00000) (1024K)]
  0x0000025872147a80 JavaThread "jar transforms Thread 3"           [_thread_blocked, id=26024, stack(0x0000005f5ba00000,0x0000005f5bb00000) (1024K)]
  0x0000025872144600 JavaThread "jar transforms Thread 4"           [_thread_blocked, id=26740, stack(0x0000005f5bb00000,0x0000005f5bc00000) (1024K)]
  0x0000025872146d60 JavaThread "jar transforms Thread 5"           [_thread_blocked, id=9008, stack(0x0000005f5bc00000,0x0000005f5bd00000) (1024K)]
  0x0000025872146040 JavaThread "Cache worker for checksums cache (D:\Vibe Coding\TwinPacemaker\mobile_app\android\.gradle\8.14\checksums)"        [_thread_blocked, id=22732, stack(0x0000005f5bd00000,0x0000005f5be00000) (1024K)]
  0x00000258721466d0 JavaThread "Cache worker for file content cache (C:\Users\DELL\.gradle\caches\8.14\fileContent)"        [_thread_blocked, id=22836, stack(0x0000005f5be00000,0x0000005f5bf00000) (1024K)]
  0x00000258721459b0 JavaThread "jar transforms Thread 6"           [_thread_blocked, id=23968, stack(0x0000005f5bf00000,0x0000005f5c000000) (1024K)]
  0x000002583431b3d0 JavaThread "jar transforms Thread 7"           [_thread_blocked, id=25648, stack(0x0000005f5c000000,0x0000005f5c100000) (1024K)]
  0x00000258734e4b50 JavaThread "jar transforms Thread 8"           [_thread_blocked, id=8144, stack(0x0000005f5c100000,0x0000005f5c200000) (1024K)]
  0x00000258734e51e0 JavaThread "jar transforms Thread 9"           [_thread_blocked, id=26308, stack(0x0000005f5c200000,0x0000005f5c300000) (1024K)]
  0x00000258734e5f00 JavaThread "jar transforms Thread 10"          [_thread_blocked, id=23624, stack(0x0000005f5c300000,0x0000005f5c400000) (1024K)]
  0x00000258734e44c0 JavaThread "jar transforms Thread 11"          [_thread_blocked, id=21960, stack(0x0000005f5c400000,0x0000005f5c500000) (1024K)]
  0x00000258734e72b0 JavaThread "jar transforms Thread 12"          [_thread_blocked, id=33768, stack(0x0000005f5b300000,0x0000005f5b400000) (1024K)]
  0x00000258734e5870 JavaThread "Cache worker for cache directory md-supplier (C:\Users\DELL\.gradle\caches\8.14\md-supplier)"        [_thread_blocked, id=30852, stack(0x0000005f5c500000,0x0000005f5c600000) (1024K)]
  0x00000258734e3e30 JavaThread "Cache worker for cache directory md-rule (C:\Users\DELL\.gradle\caches\8.14\md-rule)"        [_thread_blocked, id=30440, stack(0x0000005f5ac00000,0x0000005f5ad00000) (1024K)]
  0x00000258734e9380 JavaThread "Cache worker for Build Output Cleanup Cache (D:\flutter\packages\flutter_tools\gradle\.gradle\buildOutputCleanup)"        [_thread_blocked, id=22348, stack(0x0000005f5c600000,0x0000005f5c700000) (1024K)]
  0x00000258734eadc0 JavaThread "Unconstrained build operations"        [_thread_blocked, id=21452, stack(0x0000005f5c900000,0x0000005f5ca00000) (1024K)]
  0x00000258734e7940 JavaThread "Unconstrained build operations Thread 2"        [_thread_blocked, id=24560, stack(0x0000005f5ca00000,0x0000005f5cb00000) (1024K)]
  0x00000258734eb450 JavaThread "Unconstrained build operations Thread 3"        [_thread_blocked, id=32292, stack(0x0000005f5cb00000,0x0000005f5cc00000) (1024K)]
  0x00000258734e8660 JavaThread "Unconstrained build operations Thread 4"        [_thread_blocked, id=30928, stack(0x0000005f5cc00000,0x0000005f5cd00000) (1024K)]
  0x00000258729f9570 JavaThread "Unconstrained build operations Thread 5"        [_thread_blocked, id=22740, stack(0x0000005f5cd00000,0x0000005f5ce00000) (1024K)]
  0x00000258729f81c0 JavaThread "Unconstrained build operations Thread 6"        [_thread_blocked, id=32552, stack(0x0000005f5ce00000,0x0000005f5cf00000) (1024K)]
  0x00000258729f7b30 JavaThread "Unconstrained build operations Thread 7"        [_thread_blocked, id=24608, stack(0x0000005f5cf00000,0x0000005f5d000000) (1024K)]
  0x00000258729fafb0 JavaThread "Unconstrained build operations Thread 8"        [_thread_blocked, id=26108, stack(0x0000005f5d000000,0x0000005f5d100000) (1024K)]
  0x00000258729f9c00 JavaThread "Unconstrained build operations Thread 9"        [_thread_blocked, id=8120, stack(0x0000005f5d100000,0x0000005f5d200000) (1024K)]
  0x00000258729fa290 JavaThread "Unconstrained build operations Thread 10"        [_thread_blocked, id=16796, stack(0x0000005f5d200000,0x0000005f5d300000) (1024K)]
  0x00000258729f8ee0 JavaThread "Unconstrained build operations Thread 11"        [_thread_blocked, id=1560, stack(0x0000005f5d300000,0x0000005f5d400000) (1024K)]
  0x00000258729fa920 JavaThread "Unconstrained build operations Thread 12"        [_thread_blocked, id=18772, stack(0x0000005f5d400000,0x0000005f5d500000) (1024K)]
  0x00000258729fb640 JavaThread "Unconstrained build operations Thread 13"        [_thread_blocked, id=33440, stack(0x0000005f5d500000,0x0000005f5d600000) (1024K)]
  0x00000258729fbcd0 JavaThread "Unconstrained build operations Thread 14"        [_thread_blocked, id=30964, stack(0x0000005f5d600000,0x0000005f5d700000) (1024K)]
  0x00000258729f8850 JavaThread "Unconstrained build operations Thread 15"        [_thread_blocked, id=7372, stack(0x0000005f5d700000,0x0000005f5d800000) (1024K)]
  0x00000258729fc360 JavaThread "Unconstrained build operations Thread 16"        [_thread_blocked, id=24100, stack(0x0000005f5d800000,0x0000005f5d900000) (1024K)]
  0x00000258729fd080 JavaThread "Unconstrained build operations Thread 17"        [_thread_blocked, id=6728, stack(0x0000005f5d900000,0x0000005f5da00000) (1024K)]
  0x00000258729feac0 JavaThread "Unconstrained build operations Thread 18"        [_thread_blocked, id=32684, stack(0x0000005f5da00000,0x0000005f5db00000) (1024K)]
  0x00000258729ff150 JavaThread "Unconstrained build operations Thread 19"        [_thread_blocked, id=24792, stack(0x0000005f5db00000,0x0000005f5dc00000) (1024K)]
  0x00000258729fd710 JavaThread "Unconstrained build operations Thread 20"        [_thread_blocked, id=22212, stack(0x0000005f5dc00000,0x0000005f5dd00000) (1024K)]
  0x00000258729fc9f0 JavaThread "Unconstrained build operations Thread 21"        [_thread_blocked, id=28312, stack(0x0000005f5dd00000,0x0000005f5de00000) (1024K)]
  0x00000258729fdda0 JavaThread "Unconstrained build operations Thread 22"        [_thread_blocked, id=28204, stack(0x0000005f5de00000,0x0000005f5df00000) (1024K)]
  0x0000025871d4c4e0 JavaThread "Unconstrained build operations Thread 23"        [_thread_blocked, id=25732, stack(0x0000005f5df00000,0x0000005f5e000000) (1024K)]
  0x0000025871d4be50 JavaThread "Unconstrained build operations Thread 24"        [_thread_blocked, id=24504, stack(0x0000005f5e000000,0x0000005f5e100000) (1024K)]
  0x0000025871d49060 JavaThread "Unconstrained build operations Thread 25"        [_thread_blocked, id=28488, stack(0x0000005f5e100000,0x0000005f5e200000) (1024K)]
  0x0000025871d4b130 JavaThread "Unconstrained build operations Thread 26"        [_thread_blocked, id=33292, stack(0x0000005f5e200000,0x0000005f5e300000) (1024K)]
  0x0000025871d4b7c0 JavaThread "Unconstrained build operations Thread 27"        [_thread_blocked, id=15228, stack(0x0000005f5e300000,0x0000005f5e400000) (1024K)]
  0x0000025871d4a410 JavaThread "Unconstrained build operations Thread 28"        [_thread_blocked, id=21440, stack(0x0000005f5e400000,0x0000005f5e500000) (1024K)]
  0x0000025871d4cb70 JavaThread "Unconstrained build operations Thread 29"        [_thread_blocked, id=31704, stack(0x0000005f5e500000,0x0000005f5e600000) (1024K)]
  0x0000025871d496f0 JavaThread "Unconstrained build operations Thread 30"        [_thread_blocked, id=21332, stack(0x0000005f5e600000,0x0000005f5e700000) (1024K)]
  0x0000025871d4d200 JavaThread "Unconstrained build operations Thread 31"        [_thread_in_native, id=30212, stack(0x0000005f5e700000,0x0000005f5e800000) (1024K)]
  0x0000025871d49d80 JavaThread "Unconstrained build operations Thread 32"        [_thread_blocked, id=21112, stack(0x0000005f5e800000,0x0000005f5e900000) (1024K)]
  0x0000025871d4aaa0 JavaThread "Unconstrained build operations Thread 33"        [_thread_blocked, id=32180, stack(0x0000005f5e900000,0x0000005f5ea00000) (1024K)]
  0x0000025871d4d890 JavaThread "Memory manager"                    [_thread_blocked, id=16944, stack(0x0000005f5c800000,0x0000005f5c900000) (1024K)]
  0x0000025871d50680 JavaThread "build event listener"              [_thread_blocked, id=19976, stack(0x0000005f5eb00000,0x0000005f5ec00000) (1024K)]
  0x000002587124d180 JavaThread "Kotlin DSL Writer"                 [_thread_blocked, id=19912, stack(0x0000005f5ea00000,0x0000005f5eb00000) (1024K)]
  0x0000025874469280 JavaThread "included builds"                   [_thread_blocked, id=28120, stack(0x0000005f5ed00000,0x0000005f5ee00000) (1024K)]
  0x0000025874468bf0 JavaThread "Execution worker"                  [_thread_blocked, id=13684, stack(0x0000005f5ee00000,0x0000005f5ef00000) (1024K)]
  0x0000025874468560 JavaThread "Execution worker Thread 2"         [_thread_blocked, id=8536, stack(0x0000005f5ef00000,0x0000005f5f000000) (1024K)]
  0x0000025874469fa0 JavaThread "Execution worker Thread 3"         [_thread_blocked, id=29688, stack(0x0000005f5f000000,0x0000005f5f100000) (1024K)]
  0x0000025874469910 JavaThread "Execution worker Thread 4"         [_thread_blocked, id=7444, stack(0x0000005f5f100000,0x0000005f5f200000) (1024K)]
  0x0000025874466b20 JavaThread "Execution worker Thread 5"         [_thread_blocked, id=26396, stack(0x0000005f5f200000,0x0000005f5f300000) (1024K)]
  0x000002587446dab0 JavaThread "Execution worker Thread 6"         [_thread_blocked, id=31092, stack(0x0000005f5f300000,0x0000005f5f400000) (1024K)]
  0x000002587446cd90 JavaThread "Execution worker Thread 7"         [_thread_blocked, id=19520, stack(0x0000005f5f400000,0x0000005f5f500000) (1024K)]
  0x000002587446a630 JavaThread "Execution worker Thread 8"         [_thread_blocked, id=32268, stack(0x0000005f5f500000,0x0000005f5f600000) (1024K)]
  0x000002587446e140 JavaThread "Execution worker Thread 9"         [_thread_blocked, id=23360, stack(0x0000005f5f600000,0x0000005f5f700000) (1024K)]
  0x000002587446b9e0 JavaThread "Execution worker Thread 10"        [_thread_blocked, id=11212, stack(0x0000005f5f700000,0x0000005f5f800000) (1024K)]
  0x000002587446c070 JavaThread "Execution worker Thread 11"        [_thread_blocked, id=29228, stack(0x0000005f5f800000,0x0000005f5f900000) (1024K)]
  0x000002587446acc0 JavaThread "Cache worker for execution history cache (D:\flutter\packages\flutter_tools\gradle\.gradle\8.14\executionHistory)"        [_thread_blocked, id=24720, stack(0x0000005f5f900000,0x0000005f5fa00000) (1024K)]
  0x000002587446e7d0 JavaThread "Unconstrained build operations Thread 34"        [_thread_blocked, id=32676, stack(0x0000005f5ec00000,0x0000005f5ed00000) (1024K)]
  0x000002587446d420 JavaThread "Unconstrained build operations Thread 35"        [_thread_blocked, id=31100, stack(0x0000005f5fa00000,0x0000005f5fb00000) (1024K)]
  0x000002587446b350 JavaThread "Unconstrained build operations Thread 36"        [_thread_blocked, id=27544, stack(0x0000005f5fb00000,0x0000005f5fc00000) (1024K)]
  0x000002587446ee60 JavaThread "Unconstrained build operations Thread 37"        [_thread_blocked, id=26904, stack(0x0000005f5fc00000,0x0000005f5fd00000) (1024K)]
  0x000002587446f4f0 JavaThread "Unconstrained build operations Thread 38"        [_thread_blocked, id=22912, stack(0x0000005f5fd00000,0x0000005f5fe00000) (1024K)]
  0x000002587446fb80 JavaThread "Unconstrained build operations Thread 39"        [_thread_blocked, id=11220, stack(0x0000005f5fe00000,0x0000005f5ff00000) (1024K)]
  0x0000025874470210 JavaThread "Unconstrained build operations Thread 40"        [_thread_blocked, id=29328, stack(0x0000005f60000000,0x0000005f60100000) (1024K)]
  0x00000258744708a0 JavaThread "Unconstrained build operations Thread 41"        [_thread_blocked, id=23528, stack(0x0000005f60100000,0x0000005f60200000) (1024K)]
  0x000002587b193b60 JavaThread "Unconstrained build operations Thread 42"        [_thread_blocked, id=33444, stack(0x0000005f60200000,0x0000005f60300000) (1024K)]
  0x000002587b190d70 JavaThread "Unconstrained build operations Thread 43"        [_thread_blocked, id=17644, stack(0x0000005f58600000,0x0000005f58700000) (1024K)]
  0x000002587b194880 JavaThread "Unconstrained build operations Thread 44"        [_thread_blocked, id=26468, stack(0x0000005f5ff00000,0x0000005f60000000) (1024K)]
  0x000002587b194f10 JavaThread "Unconstrained build operations Thread 45"        [_thread_blocked, id=9392, stack(0x0000005f60300000,0x0000005f60400000) (1024K)]
  0x000002587b1955a0 JavaThread "Unconstrained build operations Thread 46"        [_thread_blocked, id=33108, stack(0x0000005f60400000,0x0000005f60500000) (1024K)]
  0x000002587124d810 JavaThread "Unconstrained build operations Thread 47"        [_thread_blocked, id=31408, stack(0x0000005f60600000,0x0000005f60700000) (1024K)]
  0x000002587124e530 JavaThread "Unconstrained build operations Thread 48"        [_thread_blocked, id=27968, stack(0x0000005f60700000,0x0000005f60800000) (1024K)]
  0x000002587124b0b0 JavaThread "Unconstrained build operations Thread 49"        [_thread_blocked, id=28688, stack(0x0000005f60800000,0x0000005f60900000) (1024K)]
  0x0000025871251320 JavaThread "Unconstrained build operations Thread 50"        [_thread_blocked, id=30980, stack(0x0000005f60900000,0x0000005f60a00000) (1024K)]
  0x000002587c572f60 JavaThread "Unconstrained build operations Thread 51"        [_thread_blocked, id=32936, stack(0x0000005f60a00000,0x0000005f60b00000) (1024K)]
  0x000002587c5735f0 JavaThread "Unconstrained build operations Thread 52"        [_thread_blocked, id=1384, stack(0x0000005f60500000,0x0000005f60600000) (1024K)]
  0x000002587c573c80 JavaThread "Unconstrained build operations Thread 53"        [_thread_blocked, id=20360, stack(0x0000005f60b00000,0x0000005f60c00000) (1024K)]
  0x000002587c575030 JavaThread "Unconstrained build operations Thread 54"        [_thread_blocked, id=24132, stack(0x0000005f60c00000,0x0000005f60d00000) (1024K)]
  0x000002587c5728d0 JavaThread "Unconstrained build operations Thread 55"        [_thread_blocked, id=23332, stack(0x0000005f60d00000,0x0000005f60e00000) (1024K)]
  0x000002587c576a70 JavaThread "Unconstrained build operations Thread 56"        [_thread_blocked, id=5052, stack(0x0000005f60e00000,0x0000005f60f00000) (1024K)]
  0x000002587c577790 JavaThread "Unconstrained build operations Thread 57"        [_thread_blocked, id=29732, stack(0x0000005f60f00000,0x0000005f61000000) (1024K)]
  0x000002587c5756c0 JavaThread "Unconstrained build operations Thread 58"        [_thread_blocked, id=30680, stack(0x0000005f61000000,0x0000005f61100000) (1024K)]
  0x000002587c577e20 JavaThread "Unconstrained build operations Thread 59"        [_thread_blocked, id=10464, stack(0x0000005f61100000,0x0000005f61200000) (1024K)]
  0x000002587c577100 JavaThread "Unconstrained build operations Thread 60"        [_thread_blocked, id=32120, stack(0x0000005f61200000,0x0000005f61300000) (1024K)]
  0x000002587c575d50 JavaThread "Unconstrained build operations Thread 61"        [_thread_blocked, id=9760, stack(0x0000005f61300000,0x0000005f61400000) (1024K)]
  0x000002587c5749a0 JavaThread "Unconstrained build operations Thread 62"        [_thread_blocked, id=22256, stack(0x0000005f61400000,0x0000005f61500000) (1024K)]
  0x000002587c5784b0 JavaThread "Unconstrained build operations Thread 63"        [_thread_blocked, id=6308, stack(0x0000005f61500000,0x0000005f61600000) (1024K)]
  0x000002587c578b40 JavaThread "Unconstrained build operations Thread 64"        [_thread_blocked, id=24856, stack(0x0000005f61600000,0x0000005f61700000) (1024K)]
  0x000002587c5791d0 JavaThread "Unconstrained build operations Thread 65"        [_thread_blocked, id=26388, stack(0x0000005f61700000,0x0000005f61800000) (1024K)]
  0x000002587c579860 JavaThread "Unconstrained build operations Thread 66"        [_thread_blocked, id=18084, stack(0x0000005f61800000,0x0000005f61900000) (1024K)]
  0x000002587c57d370 JavaThread "Unconstrained build operations Thread 67"        [_thread_blocked, id=29084, stack(0x0000005f61900000,0x0000005f61a00000) (1024K)]
  0x000002587c579ef0 JavaThread "Unconstrained build operations Thread 68"        [_thread_blocked, id=19684, stack(0x0000005f61a00000,0x0000005f61b00000) (1024K)]
  0x000002587c57da00 JavaThread "Unconstrained build operations Thread 69"        [_thread_blocked, id=32036, stack(0x0000005f61b00000,0x0000005f61c00000) (1024K)]
  0x000002587c57b2a0 JavaThread "Unconstrained build operations Thread 70"        [_thread_blocked, id=31348, stack(0x0000005f61c00000,0x0000005f61d00000) (1024K)]
  0x000002587c57ac10 JavaThread "Unconstrained build operations Thread 71"        [_thread_blocked, id=25904, stack(0x0000005f61d00000,0x0000005f61e00000) (1024K)]
  0x000002587c57cce0 JavaThread "Unconstrained build operations Thread 72"        [_thread_blocked, id=31176, stack(0x0000005f61f00000,0x0000005f62000000) (1024K)]
  0x000002587c57a580 JavaThread "Unconstrained build operations Thread 73"        [_thread_blocked, id=31928, stack(0x0000005f62000000,0x0000005f62100000) (1024K)]
  0x000002587c57e720 JavaThread "Unconstrained build operations Thread 74"        [_thread_blocked, id=21692, stack(0x0000005f62100000,0x0000005f62200000) (1024K)]
  0x000002587c57e090 JavaThread "Unconstrained build operations Thread 75"        [_thread_blocked, id=9176, stack(0x0000005f62200000,0x0000005f62300000) (1024K)]
  0x000002587c57edb0 JavaThread "Unconstrained build operations Thread 76"        [_thread_blocked, id=26272, stack(0x0000005f62300000,0x0000005f62400000) (1024K)]
  0x000002587c57b930 JavaThread "Unconstrained build operations Thread 77"        [_thread_blocked, id=428, stack(0x0000005f62400000,0x0000005f62500000) (1024K)]
  0x000002587c57f440 JavaThread "Unconstrained build operations Thread 78"        [_thread_blocked, id=13924, stack(0x0000005f62500000,0x0000005f62600000) (1024K)]
  0x000002587c57bfc0 JavaThread "Unconstrained build operations Thread 79"        [_thread_blocked, id=9296, stack(0x0000005f61e00000,0x0000005f61f00000) (1024K)]
  0x000002587c57fad0 JavaThread "Unconstrained build operations Thread 80"        [_thread_blocked, id=9748, stack(0x0000005f62600000,0x0000005f62700000) (1024K)]
  0x000002587c580e80 JavaThread "Unconstrained build operations Thread 81"        [_thread_blocked, id=21056, stack(0x0000005f62700000,0x0000005f62800000) (1024K)]
  0x000002587c581510 JavaThread "Unconstrained build operations Thread 82"        [_thread_blocked, id=6204, stack(0x0000005f62800000,0x0000005f62900000) (1024K)]
  0x000002587c580160 JavaThread "Unconstrained build operations Thread 83"        [_thread_blocked, id=24288, stack(0x0000005f62900000,0x0000005f62a00000) (1024K)]
  0x000002587c581ba0 JavaThread "Unconstrained build operations Thread 84"        [_thread_blocked, id=30524, stack(0x0000005f62a00000,0x0000005f62b00000) (1024K)]
  0x000002587c5807f0 JavaThread "Unconstrained build operations Thread 85"        [_thread_blocked, id=2988, stack(0x0000005f62b00000,0x0000005f62c00000) (1024K)]
  0x000002587c44b520 JavaThread "Unconstrained build operations Thread 86"        [_thread_blocked, id=1828, stack(0x0000005f62c00000,0x0000005f62d00000) (1024K)]
  0x000002587c448dc0 JavaThread "Unconstrained build operations Thread 87"        [_thread_blocked, id=33728, stack(0x0000005f62d00000,0x0000005f62e00000) (1024K)]
  0x000002587c44bbb0 JavaThread "Unconstrained build operations Thread 88"        [_thread_blocked, id=7716, stack(0x0000005f62e00000,0x0000005f62f00000) (1024K)]
  0x000002587c44ae90 JavaThread "Unconstrained build operations Thread 89"        [_thread_blocked, id=29320, stack(0x0000005f62f00000,0x0000005f63000000) (1024K)]
  0x000002587c44c240 JavaThread "Unconstrained build operations Thread 90"        [_thread_blocked, id=21648, stack(0x0000005f63000000,0x0000005f63100000) (1024K)]
  0x000002587c449ae0 JavaThread "Unconstrained build operations Thread 91"        [_thread_blocked, id=21740, stack(0x0000005f63100000,0x0000005f63200000) (1024K)]
  0x000002587c44a170 JavaThread "Unconstrained build operations Thread 92"        [_thread_blocked, id=14912, stack(0x0000005f63200000,0x0000005f63300000) (1024K)]
  0x000002587c44a800 JavaThread "Unconstrained build operations Thread 93"        [_thread_blocked, id=28864, stack(0x0000005f63300000,0x0000005f63400000) (1024K)]
  0x000002587c44c8d0 JavaThread "Unconstrained build operations Thread 94"        [_thread_blocked, id=4456, stack(0x0000005f63400000,0x0000005f63500000) (1024K)]
  0x000002587c449450 JavaThread "Unconstrained build operations Thread 95"        [_thread_blocked, id=29628, stack(0x0000005f63500000,0x0000005f63600000) (1024K)]
  0x000002587c44e9a0 JavaThread "Unconstrained build operations Thread 96"        [_thread_blocked, id=28624, stack(0x0000005f63600000,0x0000005f63700000) (1024K)]
  0x000002587c44f6c0 JavaThread "Unconstrained build operations Thread 97"        [_thread_blocked, id=28748, stack(0x0000005f63700000,0x0000005f63800000) (1024K)]
  0x000002587c44fd50 JavaThread "Unconstrained build operations Thread 98"        [_thread_blocked, id=25148, stack(0x0000005f63800000,0x0000005f63900000) (1024K)]
  0x000002587c4503e0 JavaThread "Unconstrained build operations Thread 99"        [_thread_blocked, id=27248, stack(0x0000005f63900000,0x0000005f63a00000) (1024K)]
  0x000002587c44d5f0 JavaThread "Unconstrained build operations Thread 100"        [_thread_blocked, id=31060, stack(0x0000005f63a00000,0x0000005f63b00000) (1024K)]
  0x000002587c44cf60 JavaThread "Unconstrained build operations Thread 101"        [_thread_blocked, id=31536, stack(0x0000005f63b00000,0x0000005f63c00000) (1024K)]
  0x000002587c450a70 JavaThread "Unconstrained build operations Thread 102"        [_thread_blocked, id=31056, stack(0x0000005f63c00000,0x0000005f63d00000) (1024K)]
  0x00000258748c6bf0 JavaThread "Unconstrained build operations Thread 103"        [_thread_blocked, id=17116, stack(0x0000005f63d00000,0x0000005f63e00000) (1024K)]
  0x000002587c451e20 JavaThread "Unconstrained build operations Thread 104"        [_thread_blocked, id=29332, stack(0x0000005f63e00000,0x0000005f63f00000) (1024K)]
  0x000002587c453ef0 JavaThread "Unconstrained build operations Thread 105"        [_thread_blocked, id=32948, stack(0x0000005f64100000,0x0000005f64200000) (1024K)]
  0x000002587c4531d0 JavaThread "Unconstrained build operations Thread 106"        [_thread_blocked, id=32944, stack(0x0000005f64200000,0x0000005f64300000) (1024K)]
  0x000002587c457370 JavaThread "WorkerExecutor Queue"              [_thread_blocked, id=25972, stack(0x0000005f64400000,0x0000005f64500000) (1024K)]
  0x000002587c457a00 JavaThread "RMI Scheduler(0)"           daemon [_thread_blocked, id=10588, stack(0x0000005f64300000,0x0000005f64400000) (1024K)]
  0x000002587c458090 JavaThread "RMI GC Daemon"              daemon [_thread_blocked, id=21224, stack(0x0000005f64600000,0x0000005f64700000) (1024K)]
  0x000002587c455930 JavaThread "RMI TCP Accept-0"           daemon [_thread_in_native, id=26732, stack(0x0000005f64700000,0x0000005f64800000) (1024K)]
  0x000002587b1906e0 JavaThread "RMI Reaper"                        [_thread_blocked, id=17476, stack(0x0000005f64800000,0x0000005f64900000) (1024K)]
  0x000002587b18df80 JavaThread "RMI TCP Connection(2)-127.0.0.1" daemon [_thread_in_native, id=33608, stack(0x0000005f64900000,0x0000005f64a00000) (1024K)]
  0x000002587b192e40 JavaThread "Unconstrained build operations Thread 107"        [_thread_blocked, id=30080, stack(0x0000005f58700000,0x0000005f58800000) (1024K)]
  0x0000025871250c90 JavaThread "Unconstrained build operations Thread 108"        [_thread_blocked, id=14844, stack(0x0000005f5c700000,0x0000005f5c800000) (1024K)]
  0x000002587124f8e0 JavaThread "Unconstrained build operations Thread 109"        [_thread_blocked, id=26548, stack(0x0000005f64500000,0x0000005f64600000) (1024K)]
  0x00000258744615d0 JavaThread "Unconstrained build operations Thread 110"        [_thread_blocked, id=32840, stack(0x0000005f64a00000,0x0000005f64b00000) (1024K)]
  0x00000258744671b0 JavaThread "Unconstrained build operations Thread 111"        [_thread_blocked, id=32484, stack(0x0000005f64b00000,0x0000005f64c00000) (1024K)]
  0x0000025871d4e5b0 JavaThread "Unconstrained build operations Thread 112"        [_thread_blocked, id=29348, stack(0x0000005f64c00000,0x0000005f64d00000) (1024K)]
  0x0000025871d4fff0 JavaThread "Unconstrained build operations Thread 113"        [_thread_blocked, id=32548, stack(0x0000005f64d00000,0x0000005f64e00000) (1024K)]
  0x000002587c4552a0 JavaThread "Unconstrained build operations Thread 114"        [_thread_blocked, id=16180, stack(0x0000005f64e00000,0x0000005f64f00000) (1024K)]
  0x000002583431a6b0 JavaThread "Unconstrained build operations Thread 115"        [_thread_blocked, id=18708, stack(0x0000005f64f00000,0x0000005f65000000) (1024K)]
  0x0000025872145320 JavaThread "Unconstrained build operations Thread 116"        [_thread_blocked, id=32328, stack(0x0000005f65000000,0x0000005f65100000) (1024K)]
  0x000002587c574310 JavaThread "Unconstrained build operations Thread 117"        [_thread_blocked, id=30564, stack(0x0000005f65100000,0x0000005f65200000) (1024K)]
  0x00000258716e7bc0 JavaThread "Unconstrained build operations Thread 118"        [_thread_blocked, id=16008, stack(0x0000005f65300000,0x0000005f65400000) (1024K)]
  0x00000258716e88e0 JavaThread "Unconstrained build operations Thread 119"        [_thread_blocked, id=29096, stack(0x0000005f65400000,0x0000005f65500000) (1024K)]
  0x00000258716e6180 JavaThread "Unconstrained build operations Thread 120"        [_thread_blocked, id=7096, stack(0x0000005f65500000,0x0000005f65600000) (1024K)]
Total: 187

Other Threads:
  0x00000258342ead90 VMThread "VM Thread"                           [id=24104, stack(0x0000005f58f00000,0x0000005f59000000) (1024K)]
  0x00000258347e10a0 WatcherThread "VM Periodic Task Thread"        [id=30864, stack(0x0000005f58e00000,0x0000005f58f00000) (1024K)]
  0x000002581cbbbb40 WorkerThread "GC Thread#0"                     [id=4136, stack(0x0000005f58900000,0x0000005f58a00000) (1024K)]
  0x0000025834b5ec00 WorkerThread "GC Thread#1"                     [id=30548, stack(0x0000005f59c00000,0x0000005f59d00000) (1024K)]
  0x000002586e061460 WorkerThread "GC Thread#2"                     [id=27024, stack(0x0000005f59d00000,0x0000005f59e00000) (1024K)]
  0x000002586e061810 WorkerThread "GC Thread#3"                     [id=18580, stack(0x0000005f59e00000,0x0000005f59f00000) (1024K)]
  0x000002586e061bc0 WorkerThread "GC Thread#4"                     [id=23952, stack(0x0000005f59f00000,0x0000005f5a000000) (1024K)]
  0x000002586e061f70 WorkerThread "GC Thread#5"                     [id=29596, stack(0x0000005f5a000000,0x0000005f5a100000) (1024K)]
  0x000002586fa067b0 WorkerThread "GC Thread#6"                     [id=11064, stack(0x0000005f59b00000,0x0000005f59c00000) (1024K)]
  0x000002587105d0d0 WorkerThread "GC Thread#7"                     [id=11696, stack(0x0000005f5ae00000,0x0000005f5af00000) (1024K)]
  0x000002587105d480 WorkerThread "GC Thread#8"                     [id=25096, stack(0x0000005f5af00000,0x0000005f5b000000) (1024K)]
  0x000002587105cd20 WorkerThread "GC Thread#9"                     [id=20272, stack(0x0000005f5b000000,0x0000005f5b100000) (1024K)]
  0x000002581cbcdf60 ConcurrentGCThread "G1 Main Marker"            [id=3196, stack(0x0000005f58a00000,0x0000005f58b00000) (1024K)]
  0x000002581cbce880 WorkerThread "G1 Conc#0"                       [id=19220, stack(0x0000005f58b00000,0x0000005f58c00000) (1024K)]
  0x000002587105d830 WorkerThread "G1 Conc#1"                       [id=21048, stack(0x0000005f5b100000,0x0000005f5b200000) (1024K)]
  0x000002587105e6f0 WorkerThread "G1 Conc#2"                       [id=30932, stack(0x0000005f5b200000,0x0000005f5b300000) (1024K)]
  0x000002583422b5d0 ConcurrentGCThread "G1 Refine#0"               [id=10576, stack(0x0000005f58c00000,0x0000005f58d00000) (1024K)]
  0x000002583422be00 ConcurrentGCThread "G1 Service"                [id=11316, stack(0x0000005f58d00000,0x0000005f58e00000) (1024K)]
Total: 18

Threads with active compile tasks:
C2 CompilerThread0  186589 25657       4       org.gradle.api.internal.artifacts.repositories.PatternHelper::substituteTokens (684 bytes)
C2 CompilerThread1  186589 25666       4       com.sun.org.apache.xerces.internal.impl.XMLDocumentFragmentScannerImpl::scanDocument (346 bytes)
C2 CompilerThread2  186590 25667       4       com.sun.org.apache.xerces.internal.impl.XMLEntityScanner::scanContent (295 bytes)
Total: 3

VM state: not at safepoint (normal execution)

VM Mutex/Monitor currently owned by a thread: None

Heap address: 0x0000000080000000, size: 2048 MB, Compressed Oops mode: 32-bit

CDS archive(s) mapped at: [0x0000025835000000-0x0000025835ba0000-0x0000025835ba0000), size 12189696, SharedBaseAddress: 0x0000025835000000, ArchiveRelocationMode: 1.
Compressed class space mapped at: 0x0000025836000000-0x000002586a000000, reserved size: 872415232
Narrow klass base: 0x0000025835000000, Narrow klass shift: 0, Narrow klass range: 0x100000000

GC Precious Log:
 CardTable entry size: 512
 Card Set container configuration: InlinePtr #cards 5 size 8 Array Of Cards #cards 12 size 40 Howl #buckets 4 coarsen threshold 1843 Howl Bitmap #cards 512 size 80 coarsen threshold 460 Card regions per heap region 1 cards per card region 2048
 CPUs: 12 total, 12 available
 Memory: 16166M
 Large Page Support: Disabled
 NUMA Support: Disabled
 Compressed Oops: Enabled (32-bit)
 Heap Region Size: 1M
 Heap Min Capacity: 8M
 Heap Initial Capacity: 254M
 Heap Max Capacity: 2G
 Pre-touch: Disabled
 Parallel Workers: 10
 Concurrent Workers: 3
 Concurrent Refinement Workers: 10
 Periodic GC: Disabled

Heap:
 garbage-first heap   total 608256K, used 333754K [0x0000000080000000, 0x0000000100000000)
  region size 1024K, 152 young (155648K), 26 survivors (26624K)
 Metaspace       used 166832K, committed 169792K, reserved 1048576K
  class space    used 21578K, committed 23040K, reserved 851968K

Heap Regions: E=young(eden), S=young(survivor), O=old, HS=humongous(starts), HC=humongous(continues), CS=collection set, F=free, TAMS=top-at-mark-start, PB=parsable bottom
|   0|0x0000000080000000, 0x0000000080100000, 0x0000000080100000|100%|HS|  |TAMS 0x0000000080000000| PB 0x0000000080000000| Complete 
|   1|0x0000000080100000, 0x0000000080200000, 0x0000000080200000|100%|HC|  |TAMS 0x0000000080100000| PB 0x0000000080100000| Complete 
|   2|0x0000000080200000, 0x0000000080300000, 0x0000000080300000|100%|HC|  |TAMS 0x0000000080200000| PB 0x0000000080200000| Complete 
|   3|0x0000000080300000, 0x0000000080400000, 0x0000000080400000|100%| O|  |TAMS 0x0000000080300000| PB 0x0000000080300000| Untracked 
|   4|0x0000000080400000, 0x0000000080500000, 0x0000000080500000|100%| O|  |TAMS 0x0000000080400000| PB 0x0000000080400000| Untracked 
|   5|0x0000000080500000, 0x0000000080600000, 0x0000000080600000|100%| O|  |TAMS 0x0000000080500000| PB 0x0000000080500000| Untracked 
|   6|0x0000000080600000, 0x0000000080700000, 0x0000000080700000|100%|HS|  |TAMS 0x0000000080600000| PB 0x0000000080600000| Complete 
|   7|0x0000000080700000, 0x0000000080800000, 0x0000000080800000|100%| O|  |TAMS 0x0000000080700000| PB 0x0000000080700000| Untracked 
|   8|0x0000000080800000, 0x0000000080900000, 0x0000000080900000|100%| O|  |TAMS 0x0000000080800000| PB 0x0000000080800000| Untracked 
|   9|0x0000000080900000, 0x0000000080a00000, 0x0000000080a00000|100%| O|  |TAMS 0x0000000080900000| PB 0x0000000080900000| Untracked 
|  10|0x0000000080a00000, 0x0000000080b00000, 0x0000000080b00000|100%| O|  |TAMS 0x0000000080a00000| PB 0x0000000080a00000| Untracked 
|  11|0x0000000080b00000, 0x0000000080c00000, 0x0000000080c00000|100%| O|  |TAMS 0x0000000080b00000| PB 0x0000000080b00000| Untracked 
|  12|0x0000000080c00000, 0x0000000080d00000, 0x0000000080d00000|100%| O|  |TAMS 0x0000000080c00000| PB 0x0000000080c00000| Untracked 
|  13|0x0000000080d00000, 0x0000000080e00000, 0x0000000080e00000|100%| O|  |TAMS 0x0000000080d00000| PB 0x0000000080d00000| Untracked 
|  14|0x0000000080e00000, 0x0000000080f00000, 0x0000000080f00000|100%| O|  |TAMS 0x0000000080e00000| PB 0x0000000080e00000| Untracked 
|  15|0x0000000080f00000, 0x0000000081000000, 0x0000000081000000|100%| O|  |TAMS 0x0000000080f00000| PB 0x0000000080f00000| Untracked 
|  16|0x0000000081000000, 0x0000000081100000, 0x0000000081100000|100%| O|  |TAMS 0x0000000081000000| PB 0x0000000081000000| Untracked 
|  17|0x0000000081100000, 0x0000000081200000, 0x0000000081200000|100%| O|  |TAMS 0x0000000081100000| PB 0x0000000081100000| Untracked 
|  18|0x0000000081200000, 0x0000000081300000, 0x0000000081300000|100%| O|  |TAMS 0x0000000081200000| PB 0x0000000081200000| Untracked 
|  19|0x0000000081300000, 0x0000000081400000, 0x0000000081400000|100%| O|  |TAMS 0x0000000081300000| PB 0x0000000081300000| Untracked 
|  20|0x0000000081400000, 0x0000000081500000, 0x0000000081500000|100%| O|  |TAMS 0x0000000081400000| PB 0x0000000081400000| Untracked 
|  21|0x0000000081500000, 0x0000000081600000, 0x0000000081600000|100%| O|  |TAMS 0x0000000081500000| PB 0x0000000081500000| Untracked 
|  22|0x0000000081600000, 0x0000000081700000, 0x0000000081700000|100%| O|  |TAMS 0x0000000081600000| PB 0x0000000081600000| Untracked 
|  23|0x0000000081700000, 0x0000000081800000, 0x0000000081800000|100%| O|  |TAMS 0x0000000081700000| PB 0x0000000081700000| Untracked 
|  24|0x0000000081800000, 0x0000000081900000, 0x0000000081900000|100%| O|  |TAMS 0x0000000081800000| PB 0x0000000081800000| Untracked 
|  25|0x0000000081900000, 0x0000000081a00000, 0x0000000081a00000|100%| O|  |TAMS 0x0000000081900000| PB 0x0000000081900000| Untracked 
|  26|0x0000000081a00000, 0x0000000081b00000, 0x0000000081b00000|100%| O|  |TAMS 0x0000000081a00000| PB 0x0000000081a00000| Untracked 
|  27|0x0000000081b00000, 0x0000000081c00000, 0x0000000081c00000|100%| O|  |TAMS 0x0000000081b00000| PB 0x0000000081b00000| Untracked 
|  28|0x0000000081c00000, 0x0000000081d00000, 0x0000000081d00000|100%| O|  |TAMS 0x0000000081c00000| PB 0x0000000081c00000| Untracked 
|  29|0x0000000081d00000, 0x0000000081e00000, 0x0000000081e00000|100%|HS|  |TAMS 0x0000000081d00000| PB 0x0000000081d00000| Complete 
|  30|0x0000000081e00000, 0x0000000081f00000, 0x0000000081f00000|100%| O|  |TAMS 0x0000000081e00000| PB 0x0000000081e00000| Untracked 
|  31|0x0000000081f00000, 0x0000000082000000, 0x0000000082000000|100%| O|  |TAMS 0x0000000081f00000| PB 0x0000000081f00000| Untracked 
|  32|0x0000000082000000, 0x0000000082100000, 0x0000000082100000|100%| O|  |TAMS 0x0000000082000000| PB 0x0000000082000000| Untracked 
|  33|0x0000000082100000, 0x0000000082200000, 0x0000000082200000|100%| O|  |TAMS 0x0000000082100000| PB 0x0000000082100000| Untracked 
|  34|0x0000000082200000, 0x0000000082300000, 0x0000000082300000|100%| O|  |TAMS 0x0000000082200000| PB 0x0000000082200000| Untracked 
|  35|0x0000000082300000, 0x0000000082400000, 0x0000000082400000|100%| O|  |TAMS 0x0000000082300000| PB 0x0000000082300000| Untracked 
|  36|0x0000000082400000, 0x0000000082500000, 0x0000000082500000|100%| O|  |TAMS 0x0000000082400000| PB 0x0000000082400000| Untracked 
|  37|0x0000000082500000, 0x0000000082600000, 0x0000000082600000|100%| O|  |TAMS 0x0000000082500000| PB 0x0000000082500000| Untracked 
|  38|0x0000000082600000, 0x0000000082700000, 0x0000000082700000|100%| O|  |TAMS 0x0000000082600000| PB 0x0000000082600000| Untracked 
|  39|0x0000000082700000, 0x0000000082800000, 0x0000000082800000|100%| O|  |TAMS 0x0000000082700000| PB 0x0000000082700000| Untracked 
|  40|0x0000000082800000, 0x0000000082900000, 0x0000000082900000|100%| O|  |TAMS 0x0000000082800000| PB 0x0000000082800000| Untracked 
|  41|0x0000000082900000, 0x0000000082a00000, 0x0000000082a00000|100%| O|  |TAMS 0x0000000082900000| PB 0x0000000082900000| Untracked 
|  42|0x0000000082a00000, 0x0000000082b00000, 0x0000000082b00000|100%| O|  |TAMS 0x0000000082a00000| PB 0x0000000082a00000| Untracked 
|  43|0x0000000082b00000, 0x0000000082c00000, 0x0000000082c00000|100%| O|  |TAMS 0x0000000082b00000| PB 0x0000000082b00000| Untracked 
|  44|0x0000000082c00000, 0x0000000082d00000, 0x0000000082d00000|100%| O|  |TAMS 0x0000000082c00000| PB 0x0000000082c00000| Untracked 
|  45|0x0000000082d00000, 0x0000000082e00000, 0x0000000082e00000|100%| O|  |TAMS 0x0000000082d00000| PB 0x0000000082d00000| Untracked 
|  46|0x0000000082e00000, 0x0000000082f00000, 0x0000000082f00000|100%| O|  |TAMS 0x0000000082e00000| PB 0x0000000082e00000| Untracked 
|  47|0x0000000082f00000, 0x0000000083000000, 0x0000000083000000|100%| O|  |TAMS 0x0000000082f00000| PB 0x0000000082f00000| Untracked 
|  48|0x0000000083000000, 0x0000000083100000, 0x0000000083100000|100%| O|  |TAMS 0x0000000083000000| PB 0x0000000083000000| Untracked 
|  49|0x0000000083100000, 0x0000000083200000, 0x0000000083200000|100%| O|  |TAMS 0x0000000083100000| PB 0x0000000083100000| Untracked 
|  50|0x0000000083200000, 0x0000000083300000, 0x0000000083300000|100%| O|  |TAMS 0x0000000083200000| PB 0x0000000083200000| Untracked 
|  51|0x0000000083300000, 0x0000000083400000, 0x0000000083400000|100%| O|  |TAMS 0x0000000083300000| PB 0x0000000083300000| Untracked 
|  52|0x0000000083400000, 0x0000000083500000, 0x0000000083500000|100%| O|  |TAMS 0x0000000083400000| PB 0x0000000083400000| Untracked 
|  53|0x0000000083500000, 0x0000000083600000, 0x0000000083600000|100%| O|  |TAMS 0x0000000083500000| PB 0x0000000083500000| Untracked 
|  54|0x0000000083600000, 0x0000000083700000, 0x0000000083700000|100%|HS|  |TAMS 0x0000000083600000| PB 0x0000000083600000| Complete 
|  55|0x0000000083700000, 0x0000000083800000, 0x0000000083800000|100%|HC|  |TAMS 0x0000000083700000| PB 0x0000000083700000| Complete 
|  56|0x0000000083800000, 0x0000000083900000, 0x0000000083900000|100%|HS|  |TAMS 0x0000000083800000| PB 0x0000000083800000| Complete 
|  57|0x0000000083900000, 0x0000000083a00000, 0x0000000083a00000|100%|HC|  |TAMS 0x0000000083900000| PB 0x0000000083900000| Complete 
|  58|0x0000000083a00000, 0x0000000083b00000, 0x0000000083b00000|100%| O|  |TAMS 0x0000000083a00000| PB 0x0000000083a00000| Untracked 
|  59|0x0000000083b00000, 0x0000000083c00000, 0x0000000083c00000|100%| O|  |TAMS 0x0000000083b00000| PB 0x0000000083b00000| Untracked 
|  60|0x0000000083c00000, 0x0000000083d00000, 0x0000000083d00000|100%| O|  |TAMS 0x0000000083c00000| PB 0x0000000083c00000| Untracked 
|  61|0x0000000083d00000, 0x0000000083e00000, 0x0000000083e00000|100%| O|  |TAMS 0x0000000083d00000| PB 0x0000000083d00000| Untracked 
|  62|0x0000000083e00000, 0x0000000083f00000, 0x0000000083f00000|100%| O|  |TAMS 0x0000000083e00000| PB 0x0000000083e00000| Untracked 
|  63|0x0000000083f00000, 0x0000000084000000, 0x0000000084000000|100%| O|  |TAMS 0x0000000083f00000| PB 0x0000000083f00000| Untracked 
|  64|0x0000000084000000, 0x0000000084100000, 0x0000000084100000|100%|HS|  |TAMS 0x0000000084000000| PB 0x0000000084000000| Complete 
|  65|0x0000000084100000, 0x0000000084200000, 0x0000000084200000|100%|HC|  |TAMS 0x0000000084100000| PB 0x0000000084100000| Complete 
|  66|0x0000000084200000, 0x0000000084300000, 0x0000000084300000|100%|HC|  |TAMS 0x0000000084200000| PB 0x0000000084200000| Complete 
|  67|0x0000000084300000, 0x0000000084400000, 0x0000000084400000|100%|HS|  |TAMS 0x0000000084300000| PB 0x0000000084300000| Complete 
|  68|0x0000000084400000, 0x0000000084500000, 0x0000000084500000|100%|HC|  |TAMS 0x0000000084400000| PB 0x0000000084400000| Complete 
|  69|0x0000000084500000, 0x0000000084600000, 0x0000000084600000|100%|HC|  |TAMS 0x0000000084500000| PB 0x0000000084500000| Complete 
|  70|0x0000000084600000, 0x0000000084700000, 0x0000000084700000|100%| O|  |TAMS 0x0000000084600000| PB 0x0000000084600000| Untracked 
|  71|0x0000000084700000, 0x0000000084800000, 0x0000000084800000|100%| O|  |TAMS 0x0000000084700000| PB 0x0000000084700000| Untracked 
|  72|0x0000000084800000, 0x0000000084900000, 0x0000000084900000|100%| O|  |TAMS 0x0000000084800000| PB 0x0000000084800000| Untracked 
|  73|0x0000000084900000, 0x0000000084a00000, 0x0000000084a00000|100%| O|  |TAMS 0x0000000084900000| PB 0x0000000084900000| Untracked 
|  74|0x0000000084a00000, 0x0000000084b00000, 0x0000000084b00000|100%| O|  |TAMS 0x0000000084a00000| PB 0x0000000084a00000| Untracked 
|  75|0x0000000084b00000, 0x0000000084c00000, 0x0000000084c00000|100%| O|  |TAMS 0x0000000084b00000| PB 0x0000000084b00000| Untracked 
|  76|0x0000000084c00000, 0x0000000084d00000, 0x0000000084d00000|100%| O|  |TAMS 0x0000000084c00000| PB 0x0000000084c00000| Untracked 
|  77|0x0000000084d00000, 0x0000000084e00000, 0x0000000084e00000|100%| O|  |TAMS 0x0000000084d00000| PB 0x0000000084d00000| Untracked 
|  78|0x0000000084e00000, 0x0000000084f00000, 0x0000000084f00000|100%| O|  |TAMS 0x0000000084e00000| PB 0x0000000084e00000| Untracked 
|  79|0x0000000084f00000, 0x0000000085000000, 0x0000000085000000|100%| O|  |TAMS 0x0000000084f00000| PB 0x0000000084f00000| Untracked 
|  80|0x0000000085000000, 0x0000000085100000, 0x0000000085100000|100%| O|  |TAMS 0x0000000085000000| PB 0x0000000085000000| Untracked 
|  81|0x0000000085100000, 0x0000000085200000, 0x0000000085200000|100%| O|  |TAMS 0x0000000085100000| PB 0x0000000085100000| Untracked 
|  82|0x0000000085200000, 0x0000000085300000, 0x0000000085300000|100%| O|  |TAMS 0x0000000085200000| PB 0x0000000085200000| Untracked 
|  83|0x0000000085300000, 0x0000000085400000, 0x0000000085400000|100%| O|  |TAMS 0x0000000085300000| PB 0x0000000085300000| Untracked 
|  84|0x0000000085400000, 0x0000000085500000, 0x0000000085500000|100%| O|  |TAMS 0x0000000085400000| PB 0x0000000085400000| Untracked 
|  85|0x0000000085500000, 0x0000000085600000, 0x0000000085600000|100%| O|  |TAMS 0x0000000085500000| PB 0x0000000085500000| Untracked 
|  86|0x0000000085600000, 0x0000000085700000, 0x0000000085700000|100%| O|  |TAMS 0x0000000085600000| PB 0x0000000085600000| Untracked 
|  87|0x0000000085700000, 0x0000000085800000, 0x0000000085800000|100%| O|  |TAMS 0x0000000085700000| PB 0x0000000085700000| Untracked 
|  88|0x0000000085800000, 0x0000000085900000, 0x0000000085900000|100%| O|  |TAMS 0x0000000085800000| PB 0x0000000085800000| Untracked 
|  89|0x0000000085900000, 0x0000000085a00000, 0x0000000085a00000|100%| O|  |TAMS 0x0000000085900000| PB 0x0000000085900000| Untracked 
|  90|0x0000000085a00000, 0x0000000085b00000, 0x0000000085b00000|100%| O|  |TAMS 0x0000000085a00000| PB 0x0000000085a00000| Untracked 
|  91|0x0000000085b00000, 0x0000000085c00000, 0x0000000085c00000|100%| O|  |TAMS 0x0000000085b00000| PB 0x0000000085b00000| Untracked 
|  92|0x0000000085c00000, 0x0000000085d00000, 0x0000000085d00000|100%| O|  |TAMS 0x0000000085c00000| PB 0x0000000085c00000| Untracked 
|  93|0x0000000085d00000, 0x0000000085e00000, 0x0000000085e00000|100%| O|  |TAMS 0x0000000085d00000| PB 0x0000000085d00000| Untracked 
|  94|0x0000000085e00000, 0x0000000085f00000, 0x0000000085f00000|100%| O|  |TAMS 0x0000000085e00000| PB 0x0000000085e00000| Untracked 
|  95|0x0000000085f00000, 0x0000000086000000, 0x0000000086000000|100%| O|  |TAMS 0x0000000085f00000| PB 0x0000000085f00000| Untracked 
|  96|0x0000000086000000, 0x0000000086100000, 0x0000000086100000|100%| O|  |TAMS 0x0000000086000000| PB 0x0000000086000000| Untracked 
|  97|0x0000000086100000, 0x0000000086200000, 0x0000000086200000|100%| O|  |TAMS 0x0000000086100000| PB 0x0000000086100000| Untracked 
|  98|0x0000000086200000, 0x0000000086300000, 0x0000000086300000|100%| O|  |TAMS 0x0000000086200000| PB 0x0000000086200000| Untracked 
|  99|0x0000000086300000, 0x0000000086400000, 0x0000000086400000|100%| O|  |TAMS 0x0000000086300000| PB 0x0000000086300000| Untracked 
| 100|0x0000000086400000, 0x0000000086500000, 0x0000000086500000|100%| O|  |TAMS 0x0000000086400000| PB 0x0000000086400000| Untracked 
| 101|0x0000000086500000, 0x0000000086600000, 0x0000000086600000|100%| O|  |TAMS 0x0000000086500000| PB 0x0000000086500000| Untracked 
| 102|0x0000000086600000, 0x0000000086700000, 0x0000000086700000|100%| O|  |TAMS 0x0000000086600000| PB 0x0000000086600000| Untracked 
| 103|0x0000000086700000, 0x0000000086800000, 0x0000000086800000|100%| O|  |TAMS 0x0000000086700000| PB 0x0000000086700000| Untracked 
| 104|0x0000000086800000, 0x0000000086900000, 0x0000000086900000|100%| O|  |TAMS 0x0000000086800000| PB 0x0000000086800000| Untracked 
| 105|0x0000000086900000, 0x0000000086a00000, 0x0000000086a00000|100%| O|  |TAMS 0x0000000086900000| PB 0x0000000086900000| Untracked 
| 106|0x0000000086a00000, 0x0000000086b00000, 0x0000000086b00000|100%| O|  |TAMS 0x0000000086a00000| PB 0x0000000086a00000| Untracked 
| 107|0x0000000086b00000, 0x0000000086c00000, 0x0000000086c00000|100%| O|  |TAMS 0x0000000086b00000| PB 0x0000000086b00000| Untracked 
| 108|0x0000000086c00000, 0x0000000086d00000, 0x0000000086d00000|100%| O|  |TAMS 0x0000000086c00000| PB 0x0000000086c00000| Untracked 
| 109|0x0000000086d00000, 0x0000000086e00000, 0x0000000086e00000|100%| O|  |TAMS 0x0000000086d00000| PB 0x0000000086d00000| Untracked 
| 110|0x0000000086e00000, 0x0000000086f00000, 0x0000000086f00000|100%| O|  |TAMS 0x0000000086e00000| PB 0x0000000086e00000| Untracked 
| 111|0x0000000086f00000, 0x0000000087000000, 0x0000000087000000|100%| O|  |TAMS 0x0000000086f00000| PB 0x0000000086f00000| Untracked 
| 112|0x0000000087000000, 0x0000000087100000, 0x0000000087100000|100%| O|  |TAMS 0x0000000087000000| PB 0x0000000087000000| Untracked 
| 113|0x0000000087100000, 0x0000000087200000, 0x0000000087200000|100%| O|  |TAMS 0x0000000087100000| PB 0x0000000087100000| Untracked 
| 114|0x0000000087200000, 0x0000000087300000, 0x0000000087300000|100%| O|  |TAMS 0x0000000087200000| PB 0x0000000087200000| Untracked 
| 115|0x0000000087300000, 0x0000000087400000, 0x0000000087400000|100%| O|  |TAMS 0x0000000087300000| PB 0x0000000087300000| Untracked 
| 116|0x0000000087400000, 0x0000000087500000, 0x0000000087500000|100%| O|  |TAMS 0x0000000087400000| PB 0x0000000087400000| Untracked 
| 117|0x0000000087500000, 0x0000000087600000, 0x0000000087600000|100%| O|  |TAMS 0x0000000087500000| PB 0x0000000087500000| Untracked 
| 118|0x0000000087600000, 0x0000000087700000, 0x0000000087700000|100%| O|  |TAMS 0x0000000087600000| PB 0x0000000087600000| Untracked 
| 119|0x0000000087700000, 0x0000000087800000, 0x0000000087800000|100%| O|  |TAMS 0x0000000087700000| PB 0x0000000087700000| Untracked 
| 120|0x0000000087800000, 0x0000000087900000, 0x0000000087900000|100%| O|  |TAMS 0x0000000087800000| PB 0x0000000087800000| Untracked 
| 121|0x0000000087900000, 0x0000000087a00000, 0x0000000087a00000|100%| O|  |TAMS 0x0000000087900000| PB 0x0000000087900000| Untracked 
| 122|0x0000000087a00000, 0x0000000087b00000, 0x0000000087b00000|100%| O|  |TAMS 0x0000000087a00000| PB 0x0000000087a00000| Untracked 
| 123|0x0000000087b00000, 0x0000000087c00000, 0x0000000087c00000|100%| O|  |TAMS 0x0000000087b00000| PB 0x0000000087b00000| Untracked 
| 124|0x0000000087c00000, 0x0000000087d00000, 0x0000000087d00000|100%| O|  |TAMS 0x0000000087c00000| PB 0x0000000087c00000| Untracked 
| 125|0x0000000087d00000, 0x0000000087e00000, 0x0000000087e00000|100%| O|  |TAMS 0x0000000087d00000| PB 0x0000000087d00000| Untracked 
| 126|0x0000000087e00000, 0x0000000087e6e840, 0x0000000087f00000| 43%| O|  |TAMS 0x0000000087e00000| PB 0x0000000087e00000| Untracked 
| 127|0x0000000087f00000, 0x0000000087f00000, 0x0000000088000000|  0%| F|  |TAMS 0x0000000087f00000| PB 0x0000000087f00000| Untracked 
| 128|0x0000000088000000, 0x0000000088000000, 0x0000000088100000|  0%| F|  |TAMS 0x0000000088000000| PB 0x0000000088000000| Untracked 
| 129|0x0000000088100000, 0x0000000088100000, 0x0000000088200000|  0%| F|  |TAMS 0x0000000088100000| PB 0x0000000088100000| Untracked 
| 130|0x0000000088200000, 0x0000000088300000, 0x0000000088300000|100%| O|  |TAMS 0x0000000088200000| PB 0x0000000088200000| Untracked 
| 131|0x0000000088300000, 0x0000000088400000, 0x0000000088400000|100%| O|  |TAMS 0x0000000088300000| PB 0x0000000088300000| Untracked 
| 132|0x0000000088400000, 0x0000000088400000, 0x0000000088500000|  0%| F|  |TAMS 0x0000000088400000| PB 0x0000000088400000| Untracked 
| 133|0x0000000088500000, 0x0000000088600000, 0x0000000088600000|100%| O|  |TAMS 0x0000000088500000| PB 0x0000000088500000| Untracked 
| 134|0x0000000088600000, 0x0000000088600000, 0x0000000088700000|  0%| F|  |TAMS 0x0000000088600000| PB 0x0000000088600000| Untracked 
| 135|0x0000000088700000, 0x0000000088700000, 0x0000000088800000|  0%| F|  |TAMS 0x0000000088700000| PB 0x0000000088700000| Untracked 
| 136|0x0000000088800000, 0x0000000088800000, 0x0000000088900000|  0%| F|  |TAMS 0x0000000088800000| PB 0x0000000088800000| Untracked 
| 137|0x0000000088900000, 0x0000000088900000, 0x0000000088a00000|  0%| F|  |TAMS 0x0000000088900000| PB 0x0000000088900000| Untracked 
| 138|0x0000000088a00000, 0x0000000088a00000, 0x0000000088b00000|  0%| F|  |TAMS 0x0000000088a00000| PB 0x0000000088a00000| Untracked 
| 139|0x0000000088b00000, 0x0000000088b00000, 0x0000000088c00000|  0%| F|  |TAMS 0x0000000088b00000| PB 0x0000000088b00000| Untracked 
| 140|0x0000000088c00000, 0x0000000088c00000, 0x0000000088d00000|  0%| F|  |TAMS 0x0000000088c00000| PB 0x0000000088c00000| Untracked 
| 141|0x0000000088d00000, 0x0000000088d00000, 0x0000000088e00000|  0%| F|  |TAMS 0x0000000088d00000| PB 0x0000000088d00000| Untracked 
| 142|0x0000000088e00000, 0x0000000088e00000, 0x0000000088f00000|  0%| F|  |TAMS 0x0000000088e00000| PB 0x0000000088e00000| Untracked 
| 143|0x0000000088f00000, 0x0000000088f00000, 0x0000000089000000|  0%| F|  |TAMS 0x0000000088f00000| PB 0x0000000088f00000| Untracked 
| 144|0x0000000089000000, 0x0000000089100000, 0x0000000089100000|100%| O|  |TAMS 0x0000000089000000| PB 0x0000000089000000| Untracked 
| 145|0x0000000089100000, 0x0000000089100000, 0x0000000089200000|  0%| F|  |TAMS 0x0000000089100000| PB 0x0000000089100000| Untracked 
| 146|0x0000000089200000, 0x0000000089300000, 0x0000000089300000|100%| O|  |TAMS 0x0000000089200000| PB 0x0000000089200000| Untracked 
| 147|0x0000000089300000, 0x0000000089400000, 0x0000000089400000|100%| O|  |TAMS 0x0000000089300000| PB 0x0000000089300000| Untracked 
| 148|0x0000000089400000, 0x0000000089500000, 0x0000000089500000|100%| O|  |TAMS 0x0000000089400000| PB 0x0000000089400000| Untracked 
| 149|0x0000000089500000, 0x0000000089600000, 0x0000000089600000|100%| O|  |TAMS 0x0000000089500000| PB 0x0000000089500000| Untracked 
| 150|0x0000000089600000, 0x0000000089700000, 0x0000000089700000|100%| O|  |TAMS 0x0000000089600000| PB 0x0000000089600000| Untracked 
| 151|0x0000000089700000, 0x0000000089700000, 0x0000000089800000|  0%| F|  |TAMS 0x0000000089700000| PB 0x0000000089700000| Untracked 
| 152|0x0000000089800000, 0x0000000089900000, 0x0000000089900000|100%| O|  |TAMS 0x0000000089800000| PB 0x0000000089800000| Untracked 
| 153|0x0000000089900000, 0x0000000089a00000, 0x0000000089a00000|100%| O|  |TAMS 0x0000000089900000| PB 0x0000000089900000| Untracked 
| 154|0x0000000089a00000, 0x0000000089b00000, 0x0000000089b00000|100%| O|  |TAMS 0x0000000089a00000| PB 0x0000000089a00000| Untracked 
| 155|0x0000000089b00000, 0x0000000089c00000, 0x0000000089c00000|100%| O|  |TAMS 0x0000000089b00000| PB 0x0000000089b00000| Untracked 
| 156|0x0000000089c00000, 0x0000000089d00000, 0x0000000089d00000|100%| O|  |TAMS 0x0000000089c00000| PB 0x0000000089c00000| Untracked 
| 157|0x0000000089d00000, 0x0000000089e00000, 0x0000000089e00000|100%| O|  |TAMS 0x0000000089d00000| PB 0x0000000089d00000| Untracked 
| 158|0x0000000089e00000, 0x0000000089f00000, 0x0000000089f00000|100%| O|  |TAMS 0x0000000089e00000| PB 0x0000000089e00000| Untracked 
| 159|0x0000000089f00000, 0x0000000089f00000, 0x000000008a000000|  0%| F|  |TAMS 0x0000000089f00000| PB 0x0000000089f00000| Untracked 
| 160|0x000000008a000000, 0x000000008a000000, 0x000000008a100000|  0%| F|  |TAMS 0x000000008a000000| PB 0x000000008a000000| Untracked 
| 161|0x000000008a100000, 0x000000008a100000, 0x000000008a200000|  0%| F|  |TAMS 0x000000008a100000| PB 0x000000008a100000| Untracked 
| 162|0x000000008a200000, 0x000000008a200000, 0x000000008a300000|  0%| F|  |TAMS 0x000000008a200000| PB 0x000000008a200000| Untracked 
| 163|0x000000008a300000, 0x000000008a300000, 0x000000008a400000|  0%| F|  |TAMS 0x000000008a300000| PB 0x000000008a300000| Untracked 
| 164|0x000000008a400000, 0x000000008a400000, 0x000000008a500000|  0%| F|  |TAMS 0x000000008a400000| PB 0x000000008a400000| Untracked 
| 165|0x000000008a500000, 0x000000008a500000, 0x000000008a600000|  0%| F|  |TAMS 0x000000008a500000| PB 0x000000008a500000| Untracked 
| 166|0x000000008a600000, 0x000000008a600000, 0x000000008a700000|  0%| F|  |TAMS 0x000000008a600000| PB 0x000000008a600000| Untracked 
| 167|0x000000008a700000, 0x000000008a700000, 0x000000008a800000|  0%| F|  |TAMS 0x000000008a700000| PB 0x000000008a700000| Untracked 
| 168|0x000000008a800000, 0x000000008a800000, 0x000000008a900000|  0%| F|  |TAMS 0x000000008a800000| PB 0x000000008a800000| Untracked 
| 169|0x000000008a900000, 0x000000008a900000, 0x000000008aa00000|  0%| F|  |TAMS 0x000000008a900000| PB 0x000000008a900000| Untracked 
| 170|0x000000008aa00000, 0x000000008aa00000, 0x000000008ab00000|  0%| F|  |TAMS 0x000000008aa00000| PB 0x000000008aa00000| Untracked 
| 171|0x000000008ab00000, 0x000000008ab00000, 0x000000008ac00000|  0%| F|  |TAMS 0x000000008ab00000| PB 0x000000008ab00000| Untracked 
| 172|0x000000008ac00000, 0x000000008ac00000, 0x000000008ad00000|  0%| F|  |TAMS 0x000000008ac00000| PB 0x000000008ac00000| Untracked 
| 173|0x000000008ad00000, 0x000000008ad00000, 0x000000008ae00000|  0%| F|  |TAMS 0x000000008ad00000| PB 0x000000008ad00000| Untracked 
| 174|0x000000008ae00000, 0x000000008ae00000, 0x000000008af00000|  0%| F|  |TAMS 0x000000008ae00000| PB 0x000000008ae00000| Untracked 
| 175|0x000000008af00000, 0x000000008af00000, 0x000000008b000000|  0%| F|  |TAMS 0x000000008af00000| PB 0x000000008af00000| Untracked 
| 176|0x000000008b000000, 0x000000008b000000, 0x000000008b100000|  0%| F|  |TAMS 0x000000008b000000| PB 0x000000008b000000| Untracked 
| 177|0x000000008b100000, 0x000000008b100000, 0x000000008b200000|  0%| F|  |TAMS 0x000000008b100000| PB 0x000000008b100000| Untracked 
| 178|0x000000008b200000, 0x000000008b200000, 0x000000008b300000|  0%| F|  |TAMS 0x000000008b200000| PB 0x000000008b200000| Untracked 
| 179|0x000000008b300000, 0x000000008b300000, 0x000000008b400000|  0%| F|  |TAMS 0x000000008b300000| PB 0x000000008b300000| Untracked 
| 180|0x000000008b400000, 0x000000008b400000, 0x000000008b500000|  0%| F|  |TAMS 0x000000008b400000| PB 0x000000008b400000| Untracked 
| 181|0x000000008b500000, 0x000000008b500000, 0x000000008b600000|  0%| F|  |TAMS 0x000000008b500000| PB 0x000000008b500000| Untracked 
| 182|0x000000008b600000, 0x000000008b680000, 0x000000008b700000| 50%| S|CS|TAMS 0x000000008b600000| PB 0x000000008b600000| Complete 
| 183|0x000000008b700000, 0x000000008b700000, 0x000000008b800000|  0%| F|  |TAMS 0x000000008b700000| PB 0x000000008b700000| Untracked 
| 184|0x000000008b800000, 0x000000008b800000, 0x000000008b900000|  0%| F|  |TAMS 0x000000008b800000| PB 0x000000008b800000| Untracked 
| 185|0x000000008b900000, 0x000000008b900000, 0x000000008ba00000|  0%| F|  |TAMS 0x000000008b900000| PB 0x000000008b900000| Untracked 
| 186|0x000000008ba00000, 0x000000008ba00000, 0x000000008bb00000|  0%| F|  |TAMS 0x000000008ba00000| PB 0x000000008ba00000| Untracked 
| 187|0x000000008bb00000, 0x000000008bb00000, 0x000000008bc00000|  0%| F|  |TAMS 0x000000008bb00000| PB 0x000000008bb00000| Untracked 
| 188|0x000000008bc00000, 0x000000008bc00000, 0x000000008bd00000|  0%| F|  |TAMS 0x000000008bc00000| PB 0x000000008bc00000| Untracked 
| 189|0x000000008bd00000, 0x000000008bd00000, 0x000000008be00000|  0%| F|  |TAMS 0x000000008bd00000| PB 0x000000008bd00000| Untracked 
| 190|0x000000008be00000, 0x000000008be00000, 0x000000008bf00000|  0%| F|  |TAMS 0x000000008be00000| PB 0x000000008be00000| Untracked 
| 191|0x000000008bf00000, 0x000000008c000000, 0x000000008c000000|100%| S|CS|TAMS 0x000000008bf00000| PB 0x000000008bf00000| Complete 
| 192|0x000000008c000000, 0x000000008c100000, 0x000000008c100000|100%| S|CS|TAMS 0x000000008c000000| PB 0x000000008c000000| Complete 
| 193|0x000000008c100000, 0x000000008c200000, 0x000000008c200000|100%| S|CS|TAMS 0x000000008c100000| PB 0x000000008c100000| Complete 
| 194|0x000000008c200000, 0x000000008c300000, 0x000000008c300000|100%| S|CS|TAMS 0x000000008c200000| PB 0x000000008c200000| Complete 
| 195|0x000000008c300000, 0x000000008c400000, 0x000000008c400000|100%| S|CS|TAMS 0x000000008c300000| PB 0x000000008c300000| Complete 
| 196|0x000000008c400000, 0x000000008c500000, 0x000000008c500000|100%| S|CS|TAMS 0x000000008c400000| PB 0x000000008c400000| Complete 
| 197|0x000000008c500000, 0x000000008c600000, 0x000000008c600000|100%| S|CS|TAMS 0x000000008c500000| PB 0x000000008c500000| Complete 
| 198|0x000000008c600000, 0x000000008c600000, 0x000000008c700000|  0%| F|  |TAMS 0x000000008c600000| PB 0x000000008c600000| Untracked 
| 199|0x000000008c700000, 0x000000008c700000, 0x000000008c800000|  0%| F|  |TAMS 0x000000008c700000| PB 0x000000008c700000| Untracked 
| 200|0x000000008c800000, 0x000000008c800000, 0x000000008c900000|  0%| F|  |TAMS 0x000000008c800000| PB 0x000000008c800000| Untracked 
| 201|0x000000008c900000, 0x000000008c900000, 0x000000008ca00000|  0%| F|  |TAMS 0x000000008c900000| PB 0x000000008c900000| Untracked 
| 202|0x000000008ca00000, 0x000000008ca00000, 0x000000008cb00000|  0%| F|  |TAMS 0x000000008ca00000| PB 0x000000008ca00000| Untracked 
| 203|0x000000008cb00000, 0x000000008cb00000, 0x000000008cc00000|  0%| F|  |TAMS 0x000000008cb00000| PB 0x000000008cb00000| Untracked 
| 204|0x000000008cc00000, 0x000000008cc00000, 0x000000008cd00000|  0%| F|  |TAMS 0x000000008cc00000| PB 0x000000008cc00000| Untracked 
| 205|0x000000008cd00000, 0x000000008cd00000, 0x000000008ce00000|  0%| F|  |TAMS 0x000000008cd00000| PB 0x000000008cd00000| Untracked 
| 206|0x000000008ce00000, 0x000000008ce00000, 0x000000008cf00000|  0%| F|  |TAMS 0x000000008ce00000| PB 0x000000008ce00000| Untracked 
| 207|0x000000008cf00000, 0x000000008cf00000, 0x000000008d000000|  0%| F|  |TAMS 0x000000008cf00000| PB 0x000000008cf00000| Untracked 
| 208|0x000000008d000000, 0x000000008d000000, 0x000000008d100000|  0%| F|  |TAMS 0x000000008d000000| PB 0x000000008d000000| Untracked 
| 209|0x000000008d100000, 0x000000008d200000, 0x000000008d200000|100%| S|CS|TAMS 0x000000008d100000| PB 0x000000008d100000| Complete 
| 210|0x000000008d200000, 0x000000008d300000, 0x000000008d300000|100%| S|CS|TAMS 0x000000008d200000| PB 0x000000008d200000| Complete 
| 211|0x000000008d300000, 0x000000008d400000, 0x000000008d400000|100%| S|CS|TAMS 0x000000008d300000| PB 0x000000008d300000| Complete 
| 212|0x000000008d400000, 0x000000008d500000, 0x000000008d500000|100%| S|CS|TAMS 0x000000008d400000| PB 0x000000008d400000| Complete 
| 213|0x000000008d500000, 0x000000008d600000, 0x000000008d600000|100%| S|CS|TAMS 0x000000008d500000| PB 0x000000008d500000| Complete 
| 214|0x000000008d600000, 0x000000008d700000, 0x000000008d700000|100%| S|CS|TAMS 0x000000008d600000| PB 0x000000008d600000| Complete 
| 215|0x000000008d700000, 0x000000008d700000, 0x000000008d800000|  0%| F|  |TAMS 0x000000008d700000| PB 0x000000008d700000| Untracked 
| 216|0x000000008d800000, 0x000000008d800000, 0x000000008d900000|  0%| F|  |TAMS 0x000000008d800000| PB 0x000000008d800000| Untracked 
| 217|0x000000008d900000, 0x000000008da00000, 0x000000008da00000|100%| S|CS|TAMS 0x000000008d900000| PB 0x000000008d900000| Complete 
| 218|0x000000008da00000, 0x000000008db00000, 0x000000008db00000|100%| S|CS|TAMS 0x000000008da00000| PB 0x000000008da00000| Complete 
| 219|0x000000008db00000, 0x000000008dc00000, 0x000000008dc00000|100%| S|CS|TAMS 0x000000008db00000| PB 0x000000008db00000| Complete 
| 220|0x000000008dc00000, 0x000000008dd00000, 0x000000008dd00000|100%| S|CS|TAMS 0x000000008dc00000| PB 0x000000008dc00000| Complete 
| 221|0x000000008dd00000, 0x000000008de00000, 0x000000008de00000|100%| S|CS|TAMS 0x000000008dd00000| PB 0x000000008dd00000| Complete 
| 222|0x000000008de00000, 0x000000008df00000, 0x000000008df00000|100%| S|CS|TAMS 0x000000008de00000| PB 0x000000008de00000| Complete 
| 223|0x000000008df00000, 0x000000008e000000, 0x000000008e000000|100%| S|CS|TAMS 0x000000008df00000| PB 0x000000008df00000| Complete 
| 224|0x000000008e000000, 0x000000008e100000, 0x000000008e100000|100%| S|CS|TAMS 0x000000008e000000| PB 0x000000008e000000| Complete 
| 225|0x000000008e100000, 0x000000008e100000, 0x000000008e200000|  0%| F|  |TAMS 0x000000008e100000| PB 0x000000008e100000| Untracked 
| 226|0x000000008e200000, 0x000000008e200000, 0x000000008e300000|  0%| F|  |TAMS 0x000000008e200000| PB 0x000000008e200000| Untracked 
| 227|0x000000008e300000, 0x000000008e300000, 0x000000008e400000|  0%| F|  |TAMS 0x000000008e300000| PB 0x000000008e300000| Untracked 
| 228|0x000000008e400000, 0x000000008e400000, 0x000000008e500000|  0%| F|  |TAMS 0x000000008e400000| PB 0x000000008e400000| Untracked 
| 229|0x000000008e500000, 0x000000008e500000, 0x000000008e600000|  0%| F|  |TAMS 0x000000008e500000| PB 0x000000008e500000| Untracked 
| 230|0x000000008e600000, 0x000000008e700000, 0x000000008e700000|100%| S|CS|TAMS 0x000000008e600000| PB 0x000000008e600000| Complete 
| 231|0x000000008e700000, 0x000000008e800000, 0x000000008e800000|100%| S|CS|TAMS 0x000000008e700000| PB 0x000000008e700000| Complete 
| 232|0x000000008e800000, 0x000000008e900000, 0x000000008e900000|100%| S|CS|TAMS 0x000000008e800000| PB 0x000000008e800000| Complete 
| 233|0x000000008e900000, 0x000000008ea00000, 0x000000008ea00000|100%| S|CS|TAMS 0x000000008e900000| PB 0x000000008e900000| Complete 
| 234|0x000000008ea00000, 0x000000008ea00000, 0x000000008eb00000|  0%| F|  |TAMS 0x000000008ea00000| PB 0x000000008ea00000| Untracked 
| 235|0x000000008eb00000, 0x000000008eb00000, 0x000000008ec00000|  0%| F|  |TAMS 0x000000008eb00000| PB 0x000000008eb00000| Untracked 
| 236|0x000000008ec00000, 0x000000008ec00000, 0x000000008ed00000|  0%| F|  |TAMS 0x000000008ec00000| PB 0x000000008ec00000| Untracked 
| 237|0x000000008ed00000, 0x000000008ed00000, 0x000000008ee00000|  0%| F|  |TAMS 0x000000008ed00000| PB 0x000000008ed00000| Untracked 
| 238|0x000000008ee00000, 0x000000008ee00000, 0x000000008ef00000|  0%| F|  |TAMS 0x000000008ee00000| PB 0x000000008ee00000| Untracked 
| 239|0x000000008ef00000, 0x000000008ef00000, 0x000000008f000000|  0%| F|  |TAMS 0x000000008ef00000| PB 0x000000008ef00000| Untracked 
| 240|0x000000008f000000, 0x000000008f000000, 0x000000008f100000|  0%| F|  |TAMS 0x000000008f000000| PB 0x000000008f000000| Untracked 
| 241|0x000000008f100000, 0x000000008f100000, 0x000000008f200000|  0%| F|  |TAMS 0x000000008f100000| PB 0x000000008f100000| Untracked 
| 242|0x000000008f200000, 0x000000008f200000, 0x000000008f300000|  0%| F|  |TAMS 0x000000008f200000| PB 0x000000008f200000| Untracked 
| 243|0x000000008f300000, 0x000000008f300000, 0x000000008f400000|  0%| F|  |TAMS 0x000000008f300000| PB 0x000000008f300000| Untracked 
| 244|0x000000008f400000, 0x000000008f400000, 0x000000008f500000|  0%| F|  |TAMS 0x000000008f400000| PB 0x000000008f400000| Untracked 
| 245|0x000000008f500000, 0x000000008f500000, 0x000000008f600000|  0%| F|  |TAMS 0x000000008f500000| PB 0x000000008f500000| Untracked 
| 246|0x000000008f600000, 0x000000008f600000, 0x000000008f700000|  0%| F|  |TAMS 0x000000008f600000| PB 0x000000008f600000| Untracked 
| 247|0x000000008f700000, 0x000000008f700000, 0x000000008f800000|  0%| F|  |TAMS 0x000000008f700000| PB 0x000000008f700000| Untracked 
| 248|0x000000008f800000, 0x000000008f800000, 0x000000008f900000|  0%| F|  |TAMS 0x000000008f800000| PB 0x000000008f800000| Untracked 
| 249|0x000000008f900000, 0x000000008f900000, 0x000000008fa00000|  0%| F|  |TAMS 0x000000008f900000| PB 0x000000008f900000| Untracked 
| 250|0x000000008fa00000, 0x000000008fa00000, 0x000000008fb00000|  0%| F|  |TAMS 0x000000008fa00000| PB 0x000000008fa00000| Untracked 
| 251|0x000000008fb00000, 0x000000008fb00000, 0x000000008fc00000|  0%| F|  |TAMS 0x000000008fb00000| PB 0x000000008fb00000| Untracked 
| 252|0x000000008fc00000, 0x000000008fc00000, 0x000000008fd00000|  0%| F|  |TAMS 0x000000008fc00000| PB 0x000000008fc00000| Untracked 
| 253|0x000000008fd00000, 0x000000008fd00000, 0x000000008fe00000|  0%| F|  |TAMS 0x000000008fd00000| PB 0x000000008fd00000| Untracked 
| 254|0x000000008fe00000, 0x000000008fe00000, 0x000000008ff00000|  0%| F|  |TAMS 0x000000008fe00000| PB 0x000000008fe00000| Untracked 
| 255|0x000000008ff00000, 0x000000008ff00000, 0x0000000090000000|  0%| F|  |TAMS 0x000000008ff00000| PB 0x000000008ff00000| Untracked 
| 256|0x0000000090000000, 0x0000000090000000, 0x0000000090100000|  0%| F|  |TAMS 0x0000000090000000| PB 0x0000000090000000| Untracked 
| 257|0x0000000090100000, 0x0000000090100000, 0x0000000090200000|  0%| F|  |TAMS 0x0000000090100000| PB 0x0000000090100000| Untracked 
| 258|0x0000000090200000, 0x0000000090200000, 0x0000000090300000|  0%| F|  |TAMS 0x0000000090200000| PB 0x0000000090200000| Untracked 
| 259|0x0000000090300000, 0x0000000090300000, 0x0000000090400000|  0%| F|  |TAMS 0x0000000090300000| PB 0x0000000090300000| Untracked 
| 260|0x0000000090400000, 0x0000000090400000, 0x0000000090500000|  0%| F|  |TAMS 0x0000000090400000| PB 0x0000000090400000| Untracked 
| 261|0x0000000090500000, 0x0000000090500000, 0x0000000090600000|  0%| F|  |TAMS 0x0000000090500000| PB 0x0000000090500000| Untracked 
| 262|0x0000000090600000, 0x0000000090600000, 0x0000000090700000|  0%| F|  |TAMS 0x0000000090600000| PB 0x0000000090600000| Untracked 
| 263|0x0000000090700000, 0x0000000090700000, 0x0000000090800000|  0%| F|  |TAMS 0x0000000090700000| PB 0x0000000090700000| Untracked 
| 264|0x0000000090800000, 0x0000000090800000, 0x0000000090900000|  0%| F|  |TAMS 0x0000000090800000| PB 0x0000000090800000| Untracked 
| 265|0x0000000090900000, 0x0000000090900000, 0x0000000090a00000|  0%| F|  |TAMS 0x0000000090900000| PB 0x0000000090900000| Untracked 
| 266|0x0000000090a00000, 0x0000000090a00000, 0x0000000090b00000|  0%| F|  |TAMS 0x0000000090a00000| PB 0x0000000090a00000| Untracked 
| 267|0x0000000090b00000, 0x0000000090b00000, 0x0000000090c00000|  0%| F|  |TAMS 0x0000000090b00000| PB 0x0000000090b00000| Untracked 
| 268|0x0000000090c00000, 0x0000000090c00000, 0x0000000090d00000|  0%| F|  |TAMS 0x0000000090c00000| PB 0x0000000090c00000| Untracked 
| 269|0x0000000090d00000, 0x0000000090d00000, 0x0000000090e00000|  0%| F|  |TAMS 0x0000000090d00000| PB 0x0000000090d00000| Untracked 
| 270|0x0000000090e00000, 0x0000000090e00000, 0x0000000090f00000|  0%| F|  |TAMS 0x0000000090e00000| PB 0x0000000090e00000| Untracked 
| 271|0x0000000090f00000, 0x0000000090f00000, 0x0000000091000000|  0%| F|  |TAMS 0x0000000090f00000| PB 0x0000000090f00000| Untracked 
| 272|0x0000000091000000, 0x0000000091000000, 0x0000000091100000|  0%| F|  |TAMS 0x0000000091000000| PB 0x0000000091000000| Untracked 
| 273|0x0000000091100000, 0x0000000091100000, 0x0000000091200000|  0%| F|  |TAMS 0x0000000091100000| PB 0x0000000091100000| Untracked 
| 274|0x0000000091200000, 0x0000000091200000, 0x0000000091300000|  0%| F|  |TAMS 0x0000000091200000| PB 0x0000000091200000| Untracked 
| 275|0x0000000091300000, 0x0000000091300000, 0x0000000091400000|  0%| F|  |TAMS 0x0000000091300000| PB 0x0000000091300000| Untracked 
| 276|0x0000000091400000, 0x0000000091400000, 0x0000000091500000|  0%| F|  |TAMS 0x0000000091400000| PB 0x0000000091400000| Untracked 
| 277|0x0000000091500000, 0x0000000091500000, 0x0000000091600000|  0%| F|  |TAMS 0x0000000091500000| PB 0x0000000091500000| Untracked 
| 278|0x0000000091600000, 0x0000000091600000, 0x0000000091700000|  0%| F|  |TAMS 0x0000000091600000| PB 0x0000000091600000| Untracked 
| 279|0x0000000091700000, 0x0000000091700000, 0x0000000091800000|  0%| F|  |TAMS 0x0000000091700000| PB 0x0000000091700000| Untracked 
| 280|0x0000000091800000, 0x0000000091800000, 0x0000000091900000|  0%| F|  |TAMS 0x0000000091800000| PB 0x0000000091800000| Untracked 
| 281|0x0000000091900000, 0x0000000091900000, 0x0000000091a00000|  0%| F|  |TAMS 0x0000000091900000| PB 0x0000000091900000| Untracked 
| 282|0x0000000091a00000, 0x0000000091a00000, 0x0000000091b00000|  0%| F|  |TAMS 0x0000000091a00000| PB 0x0000000091a00000| Untracked 
| 283|0x0000000091b00000, 0x0000000091b00000, 0x0000000091c00000|  0%| F|  |TAMS 0x0000000091b00000| PB 0x0000000091b00000| Untracked 
| 284|0x0000000091c00000, 0x0000000091c00000, 0x0000000091d00000|  0%| F|  |TAMS 0x0000000091c00000| PB 0x0000000091c00000| Untracked 
| 285|0x0000000091d00000, 0x0000000091d00000, 0x0000000091e00000|  0%| F|  |TAMS 0x0000000091d00000| PB 0x0000000091d00000| Untracked 
| 286|0x0000000091e00000, 0x0000000091e00000, 0x0000000091f00000|  0%| F|  |TAMS 0x0000000091e00000| PB 0x0000000091e00000| Untracked 
| 287|0x0000000091f00000, 0x0000000091f00000, 0x0000000092000000|  0%| F|  |TAMS 0x0000000091f00000| PB 0x0000000091f00000| Untracked 
| 288|0x0000000092000000, 0x0000000092000000, 0x0000000092100000|  0%| F|  |TAMS 0x0000000092000000| PB 0x0000000092000000| Untracked 
| 289|0x0000000092100000, 0x0000000092100000, 0x0000000092200000|  0%| F|  |TAMS 0x0000000092100000| PB 0x0000000092100000| Untracked 
| 290|0x0000000092200000, 0x0000000092200000, 0x0000000092300000|  0%| F|  |TAMS 0x0000000092200000| PB 0x0000000092200000| Untracked 
| 291|0x0000000092300000, 0x0000000092300000, 0x0000000092400000|  0%| F|  |TAMS 0x0000000092300000| PB 0x0000000092300000| Untracked 
| 292|0x0000000092400000, 0x0000000092400000, 0x0000000092500000|  0%| F|  |TAMS 0x0000000092400000| PB 0x0000000092400000| Untracked 
| 293|0x0000000092500000, 0x0000000092500000, 0x0000000092600000|  0%| F|  |TAMS 0x0000000092500000| PB 0x0000000092500000| Untracked 
| 294|0x0000000092600000, 0x0000000092600000, 0x0000000092700000|  0%| F|  |TAMS 0x0000000092600000| PB 0x0000000092600000| Untracked 
| 295|0x0000000092700000, 0x0000000092700000, 0x0000000092800000|  0%| F|  |TAMS 0x0000000092700000| PB 0x0000000092700000| Untracked 
| 296|0x0000000092800000, 0x0000000092800000, 0x0000000092900000|  0%| F|  |TAMS 0x0000000092800000| PB 0x0000000092800000| Untracked 
| 297|0x0000000092900000, 0x0000000092900000, 0x0000000092a00000|  0%| F|  |TAMS 0x0000000092900000| PB 0x0000000092900000| Untracked 
| 298|0x0000000092a00000, 0x0000000092a00000, 0x0000000092b00000|  0%| F|  |TAMS 0x0000000092a00000| PB 0x0000000092a00000| Untracked 
| 299|0x0000000092b00000, 0x0000000092b00000, 0x0000000092c00000|  0%| F|  |TAMS 0x0000000092b00000| PB 0x0000000092b00000| Untracked 
| 300|0x0000000092c00000, 0x0000000092c00000, 0x0000000092d00000|  0%| F|  |TAMS 0x0000000092c00000| PB 0x0000000092c00000| Untracked 
| 301|0x0000000092d00000, 0x0000000092d00000, 0x0000000092e00000|  0%| F|  |TAMS 0x0000000092d00000| PB 0x0000000092d00000| Untracked 
| 302|0x0000000092e00000, 0x0000000092e00000, 0x0000000092f00000|  0%| F|  |TAMS 0x0000000092e00000| PB 0x0000000092e00000| Untracked 
| 303|0x0000000092f00000, 0x0000000092f00000, 0x0000000093000000|  0%| F|  |TAMS 0x0000000092f00000| PB 0x0000000092f00000| Untracked 
| 304|0x0000000093000000, 0x0000000093000000, 0x0000000093100000|  0%| F|  |TAMS 0x0000000093000000| PB 0x0000000093000000| Untracked 
| 305|0x0000000093100000, 0x0000000093100000, 0x0000000093200000|  0%| F|  |TAMS 0x0000000093100000| PB 0x0000000093100000| Untracked 
| 306|0x0000000093200000, 0x0000000093200000, 0x0000000093300000|  0%| F|  |TAMS 0x0000000093200000| PB 0x0000000093200000| Untracked 
| 307|0x0000000093300000, 0x0000000093300000, 0x0000000093400000|  0%| F|  |TAMS 0x0000000093300000| PB 0x0000000093300000| Untracked 
| 308|0x0000000093400000, 0x0000000093400000, 0x0000000093500000|  0%| F|  |TAMS 0x0000000093400000| PB 0x0000000093400000| Untracked 
| 309|0x0000000093500000, 0x0000000093500000, 0x0000000093600000|  0%| F|  |TAMS 0x0000000093500000| PB 0x0000000093500000| Untracked 
| 310|0x0000000093600000, 0x0000000093600000, 0x0000000093700000|  0%| F|  |TAMS 0x0000000093600000| PB 0x0000000093600000| Untracked 
| 311|0x0000000093700000, 0x0000000093700000, 0x0000000093800000|  0%| F|  |TAMS 0x0000000093700000| PB 0x0000000093700000| Untracked 
| 312|0x0000000093800000, 0x0000000093800000, 0x0000000093900000|  0%| F|  |TAMS 0x0000000093800000| PB 0x0000000093800000| Untracked 
| 313|0x0000000093900000, 0x0000000093900000, 0x0000000093a00000|  0%| F|  |TAMS 0x0000000093900000| PB 0x0000000093900000| Untracked 
| 314|0x0000000093a00000, 0x0000000093a00000, 0x0000000093b00000|  0%| F|  |TAMS 0x0000000093a00000| PB 0x0000000093a00000| Untracked 
| 315|0x0000000093b00000, 0x0000000093b00000, 0x0000000093c00000|  0%| F|  |TAMS 0x0000000093b00000| PB 0x0000000093b00000| Untracked 
| 316|0x0000000093c00000, 0x0000000093c00000, 0x0000000093d00000|  0%| F|  |TAMS 0x0000000093c00000| PB 0x0000000093c00000| Untracked 
| 317|0x0000000093d00000, 0x0000000093d00000, 0x0000000093e00000|  0%| F|  |TAMS 0x0000000093d00000| PB 0x0000000093d00000| Untracked 
| 318|0x0000000093e00000, 0x0000000093e00000, 0x0000000093f00000|  0%| F|  |TAMS 0x0000000093e00000| PB 0x0000000093e00000| Untracked 
| 319|0x0000000093f00000, 0x0000000093f00000, 0x0000000094000000|  0%| F|  |TAMS 0x0000000093f00000| PB 0x0000000093f00000| Untracked 
| 320|0x0000000094000000, 0x0000000094000000, 0x0000000094100000|  0%| F|  |TAMS 0x0000000094000000| PB 0x0000000094000000| Untracked 
| 321|0x0000000094100000, 0x0000000094100000, 0x0000000094200000|  0%| F|  |TAMS 0x0000000094100000| PB 0x0000000094100000| Untracked 
| 322|0x0000000094200000, 0x0000000094200000, 0x0000000094300000|  0%| F|  |TAMS 0x0000000094200000| PB 0x0000000094200000| Untracked 
| 323|0x0000000094300000, 0x0000000094300000, 0x0000000094400000|  0%| F|  |TAMS 0x0000000094300000| PB 0x0000000094300000| Untracked 
| 324|0x0000000094400000, 0x0000000094400000, 0x0000000094500000|  0%| F|  |TAMS 0x0000000094400000| PB 0x0000000094400000| Untracked 
| 325|0x0000000094500000, 0x0000000094500000, 0x0000000094600000|  0%| F|  |TAMS 0x0000000094500000| PB 0x0000000094500000| Untracked 
| 326|0x0000000094600000, 0x0000000094600000, 0x0000000094700000|  0%| F|  |TAMS 0x0000000094600000| PB 0x0000000094600000| Untracked 
| 327|0x0000000094700000, 0x0000000094700000, 0x0000000094800000|  0%| F|  |TAMS 0x0000000094700000| PB 0x0000000094700000| Untracked 
| 328|0x0000000094800000, 0x0000000094800000, 0x0000000094900000|  0%| F|  |TAMS 0x0000000094800000| PB 0x0000000094800000| Untracked 
| 329|0x0000000094900000, 0x0000000094900000, 0x0000000094a00000|  0%| F|  |TAMS 0x0000000094900000| PB 0x0000000094900000| Untracked 
| 330|0x0000000094a00000, 0x0000000094a00000, 0x0000000094b00000|  0%| F|  |TAMS 0x0000000094a00000| PB 0x0000000094a00000| Untracked 
| 331|0x0000000094b00000, 0x0000000094b00000, 0x0000000094c00000|  0%| F|  |TAMS 0x0000000094b00000| PB 0x0000000094b00000| Untracked 
| 332|0x0000000094c00000, 0x0000000094c00000, 0x0000000094d00000|  0%| F|  |TAMS 0x0000000094c00000| PB 0x0000000094c00000| Untracked 
| 333|0x0000000094d00000, 0x0000000094d00000, 0x0000000094e00000|  0%| F|  |TAMS 0x0000000094d00000| PB 0x0000000094d00000| Untracked 
| 334|0x0000000094e00000, 0x0000000094e00000, 0x0000000094f00000|  0%| F|  |TAMS 0x0000000094e00000| PB 0x0000000094e00000| Untracked 
| 335|0x0000000094f00000, 0x0000000094f00000, 0x0000000095000000|  0%| F|  |TAMS 0x0000000094f00000| PB 0x0000000094f00000| Untracked 
| 336|0x0000000095000000, 0x0000000095000000, 0x0000000095100000|  0%| F|  |TAMS 0x0000000095000000| PB 0x0000000095000000| Untracked 
| 337|0x0000000095100000, 0x0000000095100000, 0x0000000095200000|  0%| F|  |TAMS 0x0000000095100000| PB 0x0000000095100000| Untracked 
| 338|0x0000000095200000, 0x0000000095200000, 0x0000000095300000|  0%| F|  |TAMS 0x0000000095200000| PB 0x0000000095200000| Untracked 
| 339|0x0000000095300000, 0x0000000095300000, 0x0000000095400000|  0%| F|  |TAMS 0x0000000095300000| PB 0x0000000095300000| Untracked 
| 340|0x0000000095400000, 0x0000000095400000, 0x0000000095500000|  0%| F|  |TAMS 0x0000000095400000| PB 0x0000000095400000| Untracked 
| 341|0x0000000095500000, 0x0000000095500000, 0x0000000095600000|  0%| F|  |TAMS 0x0000000095500000| PB 0x0000000095500000| Untracked 
| 342|0x0000000095600000, 0x0000000095600000, 0x0000000095700000|  0%| F|  |TAMS 0x0000000095600000| PB 0x0000000095600000| Untracked 
| 343|0x0000000095700000, 0x0000000095700000, 0x0000000095800000|  0%| F|  |TAMS 0x0000000095700000| PB 0x0000000095700000| Untracked 
| 344|0x0000000095800000, 0x0000000095800000, 0x0000000095900000|  0%| F|  |TAMS 0x0000000095800000| PB 0x0000000095800000| Untracked 
| 345|0x0000000095900000, 0x0000000095900000, 0x0000000095a00000|  0%| F|  |TAMS 0x0000000095900000| PB 0x0000000095900000| Untracked 
| 346|0x0000000095a00000, 0x0000000095a00000, 0x0000000095b00000|  0%| F|  |TAMS 0x0000000095a00000| PB 0x0000000095a00000| Untracked 
| 347|0x0000000095b00000, 0x0000000095b00000, 0x0000000095c00000|  0%| F|  |TAMS 0x0000000095b00000| PB 0x0000000095b00000| Untracked 
| 348|0x0000000095c00000, 0x0000000095c00000, 0x0000000095d00000|  0%| F|  |TAMS 0x0000000095c00000| PB 0x0000000095c00000| Untracked 
| 349|0x0000000095d00000, 0x0000000095d00000, 0x0000000095e00000|  0%| F|  |TAMS 0x0000000095d00000| PB 0x0000000095d00000| Untracked 
| 350|0x0000000095e00000, 0x0000000095e00000, 0x0000000095f00000|  0%| F|  |TAMS 0x0000000095e00000| PB 0x0000000095e00000| Untracked 
| 351|0x0000000095f00000, 0x0000000095f00000, 0x0000000096000000|  0%| F|  |TAMS 0x0000000095f00000| PB 0x0000000095f00000| Untracked 
| 352|0x0000000096000000, 0x0000000096000000, 0x0000000096100000|  0%| F|  |TAMS 0x0000000096000000| PB 0x0000000096000000| Untracked 
| 353|0x0000000096100000, 0x0000000096100000, 0x0000000096200000|  0%| F|  |TAMS 0x0000000096100000| PB 0x0000000096100000| Untracked 
| 354|0x0000000096200000, 0x0000000096200000, 0x0000000096300000|  0%| F|  |TAMS 0x0000000096200000| PB 0x0000000096200000| Untracked 
| 355|0x0000000096300000, 0x0000000096300000, 0x0000000096400000|  0%| F|  |TAMS 0x0000000096300000| PB 0x0000000096300000| Untracked 
| 356|0x0000000096400000, 0x0000000096400000, 0x0000000096500000|  0%| F|  |TAMS 0x0000000096400000| PB 0x0000000096400000| Untracked 
| 357|0x0000000096500000, 0x0000000096500000, 0x0000000096600000|  0%| F|  |TAMS 0x0000000096500000| PB 0x0000000096500000| Untracked 
| 358|0x0000000096600000, 0x0000000096600000, 0x0000000096700000|  0%| F|  |TAMS 0x0000000096600000| PB 0x0000000096600000| Untracked 
| 359|0x0000000096700000, 0x0000000096700000, 0x0000000096800000|  0%| F|  |TAMS 0x0000000096700000| PB 0x0000000096700000| Untracked 
| 360|0x0000000096800000, 0x0000000096800000, 0x0000000096900000|  0%| F|  |TAMS 0x0000000096800000| PB 0x0000000096800000| Untracked 
| 361|0x0000000096900000, 0x0000000096900000, 0x0000000096a00000|  0%| F|  |TAMS 0x0000000096900000| PB 0x0000000096900000| Untracked 
| 362|0x0000000096a00000, 0x0000000096a00000, 0x0000000096b00000|  0%| F|  |TAMS 0x0000000096a00000| PB 0x0000000096a00000| Untracked 
| 363|0x0000000096b00000, 0x0000000096b00000, 0x0000000096c00000|  0%| F|  |TAMS 0x0000000096b00000| PB 0x0000000096b00000| Untracked 
| 364|0x0000000096c00000, 0x0000000096c00000, 0x0000000096d00000|  0%| F|  |TAMS 0x0000000096c00000| PB 0x0000000096c00000| Untracked 
| 365|0x0000000096d00000, 0x0000000096d00000, 0x0000000096e00000|  0%| F|  |TAMS 0x0000000096d00000| PB 0x0000000096d00000| Untracked 
| 366|0x0000000096e00000, 0x0000000096e00000, 0x0000000096f00000|  0%| F|  |TAMS 0x0000000096e00000| PB 0x0000000096e00000| Untracked 
| 367|0x0000000096f00000, 0x0000000096f00000, 0x0000000097000000|  0%| F|  |TAMS 0x0000000096f00000| PB 0x0000000096f00000| Untracked 
| 368|0x0000000097000000, 0x0000000097000000, 0x0000000097100000|  0%| F|  |TAMS 0x0000000097000000| PB 0x0000000097000000| Untracked 
| 369|0x0000000097100000, 0x0000000097100000, 0x0000000097200000|  0%| F|  |TAMS 0x0000000097100000| PB 0x0000000097100000| Untracked 
| 370|0x0000000097200000, 0x0000000097200000, 0x0000000097300000|  0%| F|  |TAMS 0x0000000097200000| PB 0x0000000097200000| Untracked 
| 371|0x0000000097300000, 0x0000000097300000, 0x0000000097400000|  0%| F|  |TAMS 0x0000000097300000| PB 0x0000000097300000| Untracked 
| 372|0x0000000097400000, 0x0000000097400000, 0x0000000097500000|  0%| F|  |TAMS 0x0000000097400000| PB 0x0000000097400000| Untracked 
| 373|0x0000000097500000, 0x0000000097500000, 0x0000000097600000|  0%| F|  |TAMS 0x0000000097500000| PB 0x0000000097500000| Untracked 
| 374|0x0000000097600000, 0x0000000097600000, 0x0000000097700000|  0%| F|  |TAMS 0x0000000097600000| PB 0x0000000097600000| Untracked 
| 375|0x0000000097700000, 0x0000000097700000, 0x0000000097800000|  0%| F|  |TAMS 0x0000000097700000| PB 0x0000000097700000| Untracked 
| 376|0x0000000097800000, 0x0000000097800000, 0x0000000097900000|  0%| F|  |TAMS 0x0000000097800000| PB 0x0000000097800000| Untracked 
| 377|0x0000000097900000, 0x0000000097900000, 0x0000000097a00000|  0%| F|  |TAMS 0x0000000097900000| PB 0x0000000097900000| Untracked 
| 378|0x0000000097a00000, 0x0000000097a00000, 0x0000000097b00000|  0%| F|  |TAMS 0x0000000097a00000| PB 0x0000000097a00000| Untracked 
| 379|0x0000000097b00000, 0x0000000097b00000, 0x0000000097c00000|  0%| F|  |TAMS 0x0000000097b00000| PB 0x0000000097b00000| Untracked 
| 380|0x0000000097c00000, 0x0000000097c00000, 0x0000000097d00000|  0%| F|  |TAMS 0x0000000097c00000| PB 0x0000000097c00000| Untracked 
| 381|0x0000000097d00000, 0x0000000097d00000, 0x0000000097e00000|  0%| F|  |TAMS 0x0000000097d00000| PB 0x0000000097d00000| Untracked 
| 382|0x0000000097e00000, 0x0000000097e00000, 0x0000000097f00000|  0%| F|  |TAMS 0x0000000097e00000| PB 0x0000000097e00000| Untracked 
| 383|0x0000000097f00000, 0x0000000097f00000, 0x0000000098000000|  0%| F|  |TAMS 0x0000000097f00000| PB 0x0000000097f00000| Untracked 
| 384|0x0000000098000000, 0x0000000098000000, 0x0000000098100000|  0%| F|  |TAMS 0x0000000098000000| PB 0x0000000098000000| Untracked 
| 385|0x0000000098100000, 0x0000000098100000, 0x0000000098200000|  0%| F|  |TAMS 0x0000000098100000| PB 0x0000000098100000| Untracked 
| 386|0x0000000098200000, 0x0000000098200000, 0x0000000098300000|  0%| F|  |TAMS 0x0000000098200000| PB 0x0000000098200000| Untracked 
| 387|0x0000000098300000, 0x0000000098300000, 0x0000000098400000|  0%| F|  |TAMS 0x0000000098300000| PB 0x0000000098300000| Untracked 
| 388|0x0000000098400000, 0x0000000098400000, 0x0000000098500000|  0%| F|  |TAMS 0x0000000098400000| PB 0x0000000098400000| Untracked 
| 389|0x0000000098500000, 0x0000000098500000, 0x0000000098600000|  0%| F|  |TAMS 0x0000000098500000| PB 0x0000000098500000| Untracked 
| 390|0x0000000098600000, 0x0000000098600000, 0x0000000098700000|  0%| F|  |TAMS 0x0000000098600000| PB 0x0000000098600000| Untracked 
| 391|0x0000000098700000, 0x0000000098700000, 0x0000000098800000|  0%| F|  |TAMS 0x0000000098700000| PB 0x0000000098700000| Untracked 
| 392|0x0000000098800000, 0x0000000098800000, 0x0000000098900000|  0%| F|  |TAMS 0x0000000098800000| PB 0x0000000098800000| Untracked 
| 393|0x0000000098900000, 0x0000000098900000, 0x0000000098a00000|  0%| F|  |TAMS 0x0000000098900000| PB 0x0000000098900000| Untracked 
| 394|0x0000000098a00000, 0x0000000098a00000, 0x0000000098b00000|  0%| F|  |TAMS 0x0000000098a00000| PB 0x0000000098a00000| Untracked 
| 395|0x0000000098b00000, 0x0000000098b00000, 0x0000000098c00000|  0%| F|  |TAMS 0x0000000098b00000| PB 0x0000000098b00000| Untracked 
| 396|0x0000000098c00000, 0x0000000098c00000, 0x0000000098d00000|  0%| F|  |TAMS 0x0000000098c00000| PB 0x0000000098c00000| Untracked 
| 397|0x0000000098d00000, 0x0000000098d00000, 0x0000000098e00000|  0%| F|  |TAMS 0x0000000098d00000| PB 0x0000000098d00000| Untracked 
| 398|0x0000000098e00000, 0x0000000098e00000, 0x0000000098f00000|  0%| F|  |TAMS 0x0000000098e00000| PB 0x0000000098e00000| Untracked 
| 399|0x0000000098f00000, 0x0000000098f00000, 0x0000000099000000|  0%| F|  |TAMS 0x0000000098f00000| PB 0x0000000098f00000| Untracked 
| 400|0x0000000099000000, 0x0000000099000000, 0x0000000099100000|  0%| F|  |TAMS 0x0000000099000000| PB 0x0000000099000000| Untracked 
| 401|0x0000000099100000, 0x0000000099100000, 0x0000000099200000|  0%| F|  |TAMS 0x0000000099100000| PB 0x0000000099100000| Untracked 
| 402|0x0000000099200000, 0x0000000099200000, 0x0000000099300000|  0%| F|  |TAMS 0x0000000099200000| PB 0x0000000099200000| Untracked 
| 403|0x0000000099300000, 0x0000000099300000, 0x0000000099400000|  0%| F|  |TAMS 0x0000000099300000| PB 0x0000000099300000| Untracked 
| 404|0x0000000099400000, 0x0000000099400000, 0x0000000099500000|  0%| F|  |TAMS 0x0000000099400000| PB 0x0000000099400000| Untracked 
| 405|0x0000000099500000, 0x0000000099500000, 0x0000000099600000|  0%| F|  |TAMS 0x0000000099500000| PB 0x0000000099500000| Untracked 
| 406|0x0000000099600000, 0x0000000099600000, 0x0000000099700000|  0%| F|  |TAMS 0x0000000099600000| PB 0x0000000099600000| Untracked 
| 407|0x0000000099700000, 0x0000000099700000, 0x0000000099800000|  0%| F|  |TAMS 0x0000000099700000| PB 0x0000000099700000| Untracked 
| 408|0x0000000099800000, 0x0000000099800000, 0x0000000099900000|  0%| F|  |TAMS 0x0000000099800000| PB 0x0000000099800000| Untracked 
| 409|0x0000000099900000, 0x0000000099900000, 0x0000000099a00000|  0%| F|  |TAMS 0x0000000099900000| PB 0x0000000099900000| Untracked 
| 410|0x0000000099a00000, 0x0000000099a00000, 0x0000000099b00000|  0%| F|  |TAMS 0x0000000099a00000| PB 0x0000000099a00000| Untracked 
| 411|0x0000000099b00000, 0x0000000099b00000, 0x0000000099c00000|  0%| F|  |TAMS 0x0000000099b00000| PB 0x0000000099b00000| Untracked 
| 412|0x0000000099c00000, 0x0000000099c00000, 0x0000000099d00000|  0%| F|  |TAMS 0x0000000099c00000| PB 0x0000000099c00000| Untracked 
| 413|0x0000000099d00000, 0x0000000099d00000, 0x0000000099e00000|  0%| F|  |TAMS 0x0000000099d00000| PB 0x0000000099d00000| Untracked 
| 414|0x0000000099e00000, 0x0000000099e00000, 0x0000000099f00000|  0%| F|  |TAMS 0x0000000099e00000| PB 0x0000000099e00000| Untracked 
| 415|0x0000000099f00000, 0x0000000099f00000, 0x000000009a000000|  0%| F|  |TAMS 0x0000000099f00000| PB 0x0000000099f00000| Untracked 
| 416|0x000000009a000000, 0x000000009a000000, 0x000000009a100000|  0%| F|  |TAMS 0x000000009a000000| PB 0x000000009a000000| Untracked 
| 417|0x000000009a100000, 0x000000009a100000, 0x000000009a200000|  0%| F|  |TAMS 0x000000009a100000| PB 0x000000009a100000| Untracked 
| 418|0x000000009a200000, 0x000000009a200000, 0x000000009a300000|  0%| F|  |TAMS 0x000000009a200000| PB 0x000000009a200000| Untracked 
| 419|0x000000009a300000, 0x000000009a300000, 0x000000009a400000|  0%| F|  |TAMS 0x000000009a300000| PB 0x000000009a300000| Untracked 
| 420|0x000000009a400000, 0x000000009a400000, 0x000000009a500000|  0%| F|  |TAMS 0x000000009a400000| PB 0x000000009a400000| Untracked 
| 421|0x000000009a500000, 0x000000009a500000, 0x000000009a600000|  0%| F|  |TAMS 0x000000009a500000| PB 0x000000009a500000| Untracked 
| 422|0x000000009a600000, 0x000000009a600000, 0x000000009a700000|  0%| F|  |TAMS 0x000000009a600000| PB 0x000000009a600000| Untracked 
| 423|0x000000009a700000, 0x000000009a700000, 0x000000009a800000|  0%| F|  |TAMS 0x000000009a700000| PB 0x000000009a700000| Untracked 
| 424|0x000000009a800000, 0x000000009a800000, 0x000000009a900000|  0%| F|  |TAMS 0x000000009a800000| PB 0x000000009a800000| Untracked 
| 425|0x000000009a900000, 0x000000009a900000, 0x000000009aa00000|  0%| F|  |TAMS 0x000000009a900000| PB 0x000000009a900000| Untracked 
| 426|0x000000009aa00000, 0x000000009aa00000, 0x000000009ab00000|  0%| F|  |TAMS 0x000000009aa00000| PB 0x000000009aa00000| Untracked 
| 427|0x000000009ab00000, 0x000000009ab00000, 0x000000009ac00000|  0%| F|  |TAMS 0x000000009ab00000| PB 0x000000009ab00000| Untracked 
| 428|0x000000009ac00000, 0x000000009ac00000, 0x000000009ad00000|  0%| F|  |TAMS 0x000000009ac00000| PB 0x000000009ac00000| Untracked 
| 429|0x000000009ad00000, 0x000000009ad00000, 0x000000009ae00000|  0%| F|  |TAMS 0x000000009ad00000| PB 0x000000009ad00000| Untracked 
| 430|0x000000009ae00000, 0x000000009ae00000, 0x000000009af00000|  0%| F|  |TAMS 0x000000009ae00000| PB 0x000000009ae00000| Untracked 
| 431|0x000000009af00000, 0x000000009af00000, 0x000000009b000000|  0%| F|  |TAMS 0x000000009af00000| PB 0x000000009af00000| Untracked 
| 432|0x000000009b000000, 0x000000009b000000, 0x000000009b100000|  0%| F|  |TAMS 0x000000009b000000| PB 0x000000009b000000| Untracked 
| 433|0x000000009b100000, 0x000000009b1017b8, 0x000000009b200000|  0%| E|  |TAMS 0x000000009b100000| PB 0x000000009b100000| Complete 
| 434|0x000000009b200000, 0x000000009b300000, 0x000000009b300000|100%| E|CS|TAMS 0x000000009b200000| PB 0x000000009b200000| Complete 
| 435|0x000000009b300000, 0x000000009b400000, 0x000000009b400000|100%| E|CS|TAMS 0x000000009b300000| PB 0x000000009b300000| Complete 
| 436|0x000000009b400000, 0x000000009b500000, 0x000000009b500000|100%| E|CS|TAMS 0x000000009b400000| PB 0x000000009b400000| Complete 
| 437|0x000000009b500000, 0x000000009b600000, 0x000000009b600000|100%| E|CS|TAMS 0x000000009b500000| PB 0x000000009b500000| Complete 
| 438|0x000000009b600000, 0x000000009b700000, 0x000000009b700000|100%| E|CS|TAMS 0x000000009b600000| PB 0x000000009b600000| Complete 
| 439|0x000000009b700000, 0x000000009b800000, 0x000000009b800000|100%| E|CS|TAMS 0x000000009b700000| PB 0x000000009b700000| Complete 
| 440|0x000000009b800000, 0x000000009b900000, 0x000000009b900000|100%| E|CS|TAMS 0x000000009b800000| PB 0x000000009b800000| Complete 
| 441|0x000000009b900000, 0x000000009ba00000, 0x000000009ba00000|100%| E|CS|TAMS 0x000000009b900000| PB 0x000000009b900000| Complete 
| 442|0x000000009ba00000, 0x000000009bb00000, 0x000000009bb00000|100%| E|CS|TAMS 0x000000009ba00000| PB 0x000000009ba00000| Complete 
| 443|0x000000009bb00000, 0x000000009bc00000, 0x000000009bc00000|100%| E|CS|TAMS 0x000000009bb00000| PB 0x000000009bb00000| Complete 
| 444|0x000000009bc00000, 0x000000009bd00000, 0x000000009bd00000|100%| E|CS|TAMS 0x000000009bc00000| PB 0x000000009bc00000| Complete 
| 445|0x000000009bd00000, 0x000000009be00000, 0x000000009be00000|100%| E|CS|TAMS 0x000000009bd00000| PB 0x000000009bd00000| Complete 
| 446|0x000000009be00000, 0x000000009bf00000, 0x000000009bf00000|100%| E|CS|TAMS 0x000000009be00000| PB 0x000000009be00000| Complete 
| 447|0x000000009bf00000, 0x000000009c000000, 0x000000009c000000|100%| E|CS|TAMS 0x000000009bf00000| PB 0x000000009bf00000| Complete 
| 448|0x000000009c000000, 0x000000009c100000, 0x000000009c100000|100%| E|CS|TAMS 0x000000009c000000| PB 0x000000009c000000| Complete 
| 449|0x000000009c100000, 0x000000009c200000, 0x000000009c200000|100%| E|CS|TAMS 0x000000009c100000| PB 0x000000009c100000| Complete 
| 450|0x000000009c200000, 0x000000009c300000, 0x000000009c300000|100%| E|CS|TAMS 0x000000009c200000| PB 0x000000009c200000| Complete 
| 451|0x000000009c300000, 0x000000009c400000, 0x000000009c400000|100%| E|CS|TAMS 0x000000009c300000| PB 0x000000009c300000| Complete 
| 452|0x000000009c400000, 0x000000009c500000, 0x000000009c500000|100%| E|CS|TAMS 0x000000009c400000| PB 0x000000009c400000| Complete 
| 453|0x000000009c500000, 0x000000009c600000, 0x000000009c600000|100%| E|CS|TAMS 0x000000009c500000| PB 0x000000009c500000| Complete 
| 454|0x000000009c600000, 0x000000009c700000, 0x000000009c700000|100%| E|CS|TAMS 0x000000009c600000| PB 0x000000009c600000| Complete 
| 455|0x000000009c700000, 0x000000009c800000, 0x000000009c800000|100%| E|CS|TAMS 0x000000009c700000| PB 0x000000009c700000| Complete 
| 456|0x000000009c800000, 0x000000009c900000, 0x000000009c900000|100%| E|CS|TAMS 0x000000009c800000| PB 0x000000009c800000| Complete 
| 457|0x000000009c900000, 0x000000009ca00000, 0x000000009ca00000|100%| E|CS|TAMS 0x000000009c900000| PB 0x000000009c900000| Complete 
| 458|0x000000009ca00000, 0x000000009cb00000, 0x000000009cb00000|100%| E|CS|TAMS 0x000000009ca00000| PB 0x000000009ca00000| Complete 
| 459|0x000000009cb00000, 0x000000009cc00000, 0x000000009cc00000|100%| E|CS|TAMS 0x000000009cb00000| PB 0x000000009cb00000| Complete 
| 460|0x000000009cc00000, 0x000000009cd00000, 0x000000009cd00000|100%| E|CS|TAMS 0x000000009cc00000| PB 0x000000009cc00000| Complete 
| 461|0x000000009cd00000, 0x000000009ce00000, 0x000000009ce00000|100%| E|CS|TAMS 0x000000009cd00000| PB 0x000000009cd00000| Complete 
| 462|0x000000009ce00000, 0x000000009cf00000, 0x000000009cf00000|100%| E|CS|TAMS 0x000000009ce00000| PB 0x000000009ce00000| Complete 
| 463|0x000000009cf00000, 0x000000009d000000, 0x000000009d000000|100%| E|CS|TAMS 0x000000009cf00000| PB 0x000000009cf00000| Complete 
| 464|0x000000009d000000, 0x000000009d100000, 0x000000009d100000|100%| E|CS|TAMS 0x000000009d000000| PB 0x000000009d000000| Complete 
| 465|0x000000009d100000, 0x000000009d200000, 0x000000009d200000|100%| E|CS|TAMS 0x000000009d100000| PB 0x000000009d100000| Complete 
| 466|0x000000009d200000, 0x000000009d300000, 0x000000009d300000|100%| E|CS|TAMS 0x000000009d200000| PB 0x000000009d200000| Complete 
| 467|0x000000009d300000, 0x000000009d400000, 0x000000009d400000|100%| E|CS|TAMS 0x000000009d300000| PB 0x000000009d300000| Complete 
| 468|0x000000009d400000, 0x000000009d500000, 0x000000009d500000|100%| E|CS|TAMS 0x000000009d400000| PB 0x000000009d400000| Complete 
| 469|0x000000009d500000, 0x000000009d600000, 0x000000009d600000|100%| E|CS|TAMS 0x000000009d500000| PB 0x000000009d500000| Complete 
| 470|0x000000009d600000, 0x000000009d700000, 0x000000009d700000|100%| E|CS|TAMS 0x000000009d600000| PB 0x000000009d600000| Complete 
| 471|0x000000009d700000, 0x000000009d800000, 0x000000009d800000|100%| E|CS|TAMS 0x000000009d700000| PB 0x000000009d700000| Complete 
| 472|0x000000009d800000, 0x000000009d900000, 0x000000009d900000|100%| E|CS|TAMS 0x000000009d800000| PB 0x000000009d800000| Complete 
| 473|0x000000009d900000, 0x000000009da00000, 0x000000009da00000|100%| E|CS|TAMS 0x000000009d900000| PB 0x000000009d900000| Complete 
| 474|0x000000009da00000, 0x000000009db00000, 0x000000009db00000|100%| E|CS|TAMS 0x000000009da00000| PB 0x000000009da00000| Complete 
| 475|0x000000009db00000, 0x000000009dc00000, 0x000000009dc00000|100%| E|CS|TAMS 0x000000009db00000| PB 0x000000009db00000| Complete 
| 476|0x000000009dc00000, 0x000000009dd00000, 0x000000009dd00000|100%| E|CS|TAMS 0x000000009dc00000| PB 0x000000009dc00000| Complete 
| 477|0x000000009dd00000, 0x000000009de00000, 0x000000009de00000|100%| E|CS|TAMS 0x000000009dd00000| PB 0x000000009dd00000| Complete 
| 478|0x000000009de00000, 0x000000009df00000, 0x000000009df00000|100%| E|CS|TAMS 0x000000009de00000| PB 0x000000009de00000| Complete 
| 479|0x000000009df00000, 0x000000009e000000, 0x000000009e000000|100%| E|CS|TAMS 0x000000009df00000| PB 0x000000009df00000| Complete 
| 480|0x000000009e000000, 0x000000009e100000, 0x000000009e100000|100%| E|CS|TAMS 0x000000009e000000| PB 0x000000009e000000| Complete 
| 481|0x000000009e100000, 0x000000009e200000, 0x000000009e200000|100%| E|CS|TAMS 0x000000009e100000| PB 0x000000009e100000| Complete 
| 482|0x000000009e200000, 0x000000009e300000, 0x000000009e300000|100%| E|CS|TAMS 0x000000009e200000| PB 0x000000009e200000| Complete 
| 483|0x000000009e300000, 0x000000009e400000, 0x000000009e400000|100%| E|CS|TAMS 0x000000009e300000| PB 0x000000009e300000| Complete 
| 484|0x000000009e400000, 0x000000009e500000, 0x000000009e500000|100%| E|CS|TAMS 0x000000009e400000| PB 0x000000009e400000| Complete 
| 485|0x000000009e500000, 0x000000009e600000, 0x000000009e600000|100%| E|CS|TAMS 0x000000009e500000| PB 0x000000009e500000| Complete 
| 486|0x000000009e600000, 0x000000009e700000, 0x000000009e700000|100%| E|CS|TAMS 0x000000009e600000| PB 0x000000009e600000| Complete 
| 487|0x000000009e700000, 0x000000009e800000, 0x000000009e800000|100%| E|CS|TAMS 0x000000009e700000| PB 0x000000009e700000| Complete 
| 488|0x000000009e800000, 0x000000009e900000, 0x000000009e900000|100%| E|CS|TAMS 0x000000009e800000| PB 0x000000009e800000| Complete 
| 489|0x000000009e900000, 0x000000009ea00000, 0x000000009ea00000|100%| E|CS|TAMS 0x000000009e900000| PB 0x000000009e900000| Complete 
| 490|0x000000009ea00000, 0x000000009eb00000, 0x000000009eb00000|100%| E|CS|TAMS 0x000000009ea00000| PB 0x000000009ea00000| Complete 
| 491|0x000000009eb00000, 0x000000009ec00000, 0x000000009ec00000|100%| E|CS|TAMS 0x000000009eb00000| PB 0x000000009eb00000| Complete 
| 492|0x000000009ec00000, 0x000000009ed00000, 0x000000009ed00000|100%| E|CS|TAMS 0x000000009ec00000| PB 0x000000009ec00000| Complete 
| 493|0x000000009ed00000, 0x000000009ee00000, 0x000000009ee00000|100%| E|CS|TAMS 0x000000009ed00000| PB 0x000000009ed00000| Complete 
| 494|0x000000009ee00000, 0x000000009ef00000, 0x000000009ef00000|100%| E|CS|TAMS 0x000000009ee00000| PB 0x000000009ee00000| Complete 
| 495|0x000000009ef00000, 0x000000009f000000, 0x000000009f000000|100%| E|CS|TAMS 0x000000009ef00000| PB 0x000000009ef00000| Complete 
| 496|0x000000009f000000, 0x000000009f100000, 0x000000009f100000|100%| E|CS|TAMS 0x000000009f000000| PB 0x000000009f000000| Complete 
| 497|0x000000009f100000, 0x000000009f200000, 0x000000009f200000|100%| E|CS|TAMS 0x000000009f100000| PB 0x000000009f100000| Complete 
| 498|0x000000009f200000, 0x000000009f300000, 0x000000009f300000|100%| E|CS|TAMS 0x000000009f200000| PB 0x000000009f200000| Complete 
| 499|0x000000009f300000, 0x000000009f400000, 0x000000009f400000|100%| E|CS|TAMS 0x000000009f300000| PB 0x000000009f300000| Complete 
| 500|0x000000009f400000, 0x000000009f500000, 0x000000009f500000|100%| E|CS|TAMS 0x000000009f400000| PB 0x000000009f400000| Complete 
| 501|0x000000009f500000, 0x000000009f600000, 0x000000009f600000|100%| E|CS|TAMS 0x000000009f500000| PB 0x000000009f500000| Complete 
| 502|0x000000009f600000, 0x000000009f700000, 0x000000009f700000|100%| E|CS|TAMS 0x000000009f600000| PB 0x000000009f600000| Complete 
| 503|0x000000009f700000, 0x000000009f800000, 0x000000009f800000|100%| E|CS|TAMS 0x000000009f700000| PB 0x000000009f700000| Complete 
| 504|0x000000009f800000, 0x000000009f900000, 0x000000009f900000|100%| E|CS|TAMS 0x000000009f800000| PB 0x000000009f800000| Complete 
| 505|0x000000009f900000, 0x000000009fa00000, 0x000000009fa00000|100%| E|CS|TAMS 0x000000009f900000| PB 0x000000009f900000| Complete 
| 506|0x000000009fa00000, 0x000000009fb00000, 0x000000009fb00000|100%| E|CS|TAMS 0x000000009fa00000| PB 0x000000009fa00000| Complete 
| 507|0x000000009fb00000, 0x000000009fc00000, 0x000000009fc00000|100%| E|CS|TAMS 0x000000009fb00000| PB 0x000000009fb00000| Complete 
| 508|0x000000009fc00000, 0x000000009fd00000, 0x000000009fd00000|100%| E|CS|TAMS 0x000000009fc00000| PB 0x000000009fc00000| Complete 
| 509|0x000000009fd00000, 0x000000009fe00000, 0x000000009fe00000|100%| E|CS|TAMS 0x000000009fd00000| PB 0x000000009fd00000| Complete 
| 510|0x000000009fe00000, 0x000000009ff00000, 0x000000009ff00000|100%| E|CS|TAMS 0x000000009fe00000| PB 0x000000009fe00000| Complete 
| 511|0x000000009ff00000, 0x00000000a0000000, 0x00000000a0000000|100%| E|CS|TAMS 0x000000009ff00000| PB 0x000000009ff00000| Complete 
| 512|0x00000000a0000000, 0x00000000a0100000, 0x00000000a0100000|100%| E|CS|TAMS 0x00000000a0000000| PB 0x00000000a0000000| Complete 
| 513|0x00000000a0100000, 0x00000000a0200000, 0x00000000a0200000|100%| E|CS|TAMS 0x00000000a0100000| PB 0x00000000a0100000| Complete 
| 514|0x00000000a0200000, 0x00000000a0300000, 0x00000000a0300000|100%| E|CS|TAMS 0x00000000a0200000| PB 0x00000000a0200000| Complete 
| 515|0x00000000a0300000, 0x00000000a0400000, 0x00000000a0400000|100%| E|CS|TAMS 0x00000000a0300000| PB 0x00000000a0300000| Complete 
| 516|0x00000000a0400000, 0x00000000a0500000, 0x00000000a0500000|100%| E|CS|TAMS 0x00000000a0400000| PB 0x00000000a0400000| Complete 
| 517|0x00000000a0500000, 0x00000000a0600000, 0x00000000a0600000|100%| E|CS|TAMS 0x00000000a0500000| PB 0x00000000a0500000| Complete 
| 518|0x00000000a0600000, 0x00000000a0700000, 0x00000000a0700000|100%| E|CS|TAMS 0x00000000a0600000| PB 0x00000000a0600000| Complete 
| 519|0x00000000a0700000, 0x00000000a0800000, 0x00000000a0800000|100%| E|CS|TAMS 0x00000000a0700000| PB 0x00000000a0700000| Complete 
| 520|0x00000000a0800000, 0x00000000a0900000, 0x00000000a0900000|100%| E|CS|TAMS 0x00000000a0800000| PB 0x00000000a0800000| Complete 
| 521|0x00000000a0900000, 0x00000000a0a00000, 0x00000000a0a00000|100%| E|CS|TAMS 0x00000000a0900000| PB 0x00000000a0900000| Complete 
| 522|0x00000000a0a00000, 0x00000000a0b00000, 0x00000000a0b00000|100%| E|CS|TAMS 0x00000000a0a00000| PB 0x00000000a0a00000| Complete 
| 523|0x00000000a0b00000, 0x00000000a0c00000, 0x00000000a0c00000|100%| E|CS|TAMS 0x00000000a0b00000| PB 0x00000000a0b00000| Complete 
| 524|0x00000000a0c00000, 0x00000000a0d00000, 0x00000000a0d00000|100%| E|CS|TAMS 0x00000000a0c00000| PB 0x00000000a0c00000| Complete 
| 525|0x00000000a0d00000, 0x00000000a0e00000, 0x00000000a0e00000|100%| E|CS|TAMS 0x00000000a0d00000| PB 0x00000000a0d00000| Complete 
| 526|0x00000000a0e00000, 0x00000000a0f00000, 0x00000000a0f00000|100%| E|  |TAMS 0x00000000a0e00000| PB 0x00000000a0e00000| Complete 
| 527|0x00000000a0f00000, 0x00000000a1000000, 0x00000000a1000000|100%| E|CS|TAMS 0x00000000a0f00000| PB 0x00000000a0f00000| Complete 
| 528|0x00000000a1000000, 0x00000000a1100000, 0x00000000a1100000|100%| E|CS|TAMS 0x00000000a1000000| PB 0x00000000a1000000| Complete 
| 529|0x00000000a1100000, 0x00000000a1200000, 0x00000000a1200000|100%| E|CS|TAMS 0x00000000a1100000| PB 0x00000000a1100000| Complete 
| 530|0x00000000a1200000, 0x00000000a1300000, 0x00000000a1300000|100%| E|CS|TAMS 0x00000000a1200000| PB 0x00000000a1200000| Complete 
| 531|0x00000000a1300000, 0x00000000a1400000, 0x00000000a1400000|100%| E|CS|TAMS 0x00000000a1300000| PB 0x00000000a1300000| Complete 
| 532|0x00000000a1400000, 0x00000000a1500000, 0x00000000a1500000|100%| E|CS|TAMS 0x00000000a1400000| PB 0x00000000a1400000| Complete 
| 533|0x00000000a1500000, 0x00000000a1600000, 0x00000000a1600000|100%| E|CS|TAMS 0x00000000a1500000| PB 0x00000000a1500000| Complete 
| 534|0x00000000a1600000, 0x00000000a1700000, 0x00000000a1700000|100%| E|CS|TAMS 0x00000000a1600000| PB 0x00000000a1600000| Complete 
| 535|0x00000000a1700000, 0x00000000a1800000, 0x00000000a1800000|100%| E|CS|TAMS 0x00000000a1700000| PB 0x00000000a1700000| Complete 
| 536|0x00000000a1800000, 0x00000000a1900000, 0x00000000a1900000|100%| E|CS|TAMS 0x00000000a1800000| PB 0x00000000a1800000| Complete 
| 537|0x00000000a1900000, 0x00000000a1a00000, 0x00000000a1a00000|100%| E|CS|TAMS 0x00000000a1900000| PB 0x00000000a1900000| Complete 
| 538|0x00000000a1a00000, 0x00000000a1b00000, 0x00000000a1b00000|100%| E|CS|TAMS 0x00000000a1a00000| PB 0x00000000a1a00000| Complete 
| 539|0x00000000a1b00000, 0x00000000a1c00000, 0x00000000a1c00000|100%| E|CS|TAMS 0x00000000a1b00000| PB 0x00000000a1b00000| Complete 
| 540|0x00000000a1c00000, 0x00000000a1d00000, 0x00000000a1d00000|100%| E|CS|TAMS 0x00000000a1c00000| PB 0x00000000a1c00000| Complete 
| 541|0x00000000a1d00000, 0x00000000a1e00000, 0x00000000a1e00000|100%| E|CS|TAMS 0x00000000a1d00000| PB 0x00000000a1d00000| Complete 
| 542|0x00000000a1e00000, 0x00000000a1f00000, 0x00000000a1f00000|100%| E|CS|TAMS 0x00000000a1e00000| PB 0x00000000a1e00000| Complete 
| 543|0x00000000a1f00000, 0x00000000a2000000, 0x00000000a2000000|100%| E|CS|TAMS 0x00000000a1f00000| PB 0x00000000a1f00000| Complete 
| 544|0x00000000a2000000, 0x00000000a2100000, 0x00000000a2100000|100%| E|CS|TAMS 0x00000000a2000000| PB 0x00000000a2000000| Complete 
| 545|0x00000000a2100000, 0x00000000a2200000, 0x00000000a2200000|100%| E|CS|TAMS 0x00000000a2100000| PB 0x00000000a2100000| Complete 
| 546|0x00000000a2200000, 0x00000000a2300000, 0x00000000a2300000|100%| E|CS|TAMS 0x00000000a2200000| PB 0x00000000a2200000| Complete 
| 547|0x00000000a2300000, 0x00000000a2400000, 0x00000000a2400000|100%| E|CS|TAMS 0x00000000a2300000| PB 0x00000000a2300000| Complete 
| 548|0x00000000a2400000, 0x00000000a2500000, 0x00000000a2500000|100%| E|CS|TAMS 0x00000000a2400000| PB 0x00000000a2400000| Complete 
| 549|0x00000000a2500000, 0x00000000a2600000, 0x00000000a2600000|100%| E|CS|TAMS 0x00000000a2500000| PB 0x00000000a2500000| Complete 
| 550|0x00000000a2600000, 0x00000000a2700000, 0x00000000a2700000|100%| E|CS|TAMS 0x00000000a2600000| PB 0x00000000a2600000| Complete 
| 551|0x00000000a2700000, 0x00000000a2800000, 0x00000000a2800000|100%| E|CS|TAMS 0x00000000a2700000| PB 0x00000000a2700000| Complete 
| 552|0x00000000a2800000, 0x00000000a2900000, 0x00000000a2900000|100%| E|CS|TAMS 0x00000000a2800000| PB 0x00000000a2800000| Complete 
| 553|0x00000000a2900000, 0x00000000a2a00000, 0x00000000a2a00000|100%| E|CS|TAMS 0x00000000a2900000| PB 0x00000000a2900000| Complete 
| 554|0x00000000a2a00000, 0x00000000a2b00000, 0x00000000a2b00000|100%| E|CS|TAMS 0x00000000a2a00000| PB 0x00000000a2a00000| Complete 
|2009|0x00000000fd900000, 0x00000000fda00000, 0x00000000fda00000|100%| O|  |TAMS 0x00000000fd900000| PB 0x00000000fd900000| Untracked 
|2010|0x00000000fda00000, 0x00000000fdb00000, 0x00000000fdb00000|100%| E|CS|TAMS 0x00000000fda00000| PB 0x00000000fda00000| Complete 
|2011|0x00000000fdb00000, 0x00000000fdc00000, 0x00000000fdc00000|100%| O|  |TAMS 0x00000000fdb00000| PB 0x00000000fdb00000| Untracked 
|2012|0x00000000fdc00000, 0x00000000fdd00000, 0x00000000fdd00000|100%| O|  |TAMS 0x00000000fdc00000| PB 0x00000000fdc00000| Untracked 
|2013|0x00000000fdd00000, 0x00000000fde00000, 0x00000000fde00000|100%| O|  |TAMS 0x00000000fdd00000| PB 0x00000000fdd00000| Untracked 
|2014|0x00000000fde00000, 0x00000000fdf00000, 0x00000000fdf00000|100%| O|  |TAMS 0x00000000fde00000| PB 0x00000000fde00000| Untracked 
|2015|0x00000000fdf00000, 0x00000000fe000000, 0x00000000fe000000|100%| O|  |TAMS 0x00000000fdf00000| PB 0x00000000fdf00000| Untracked 
|2016|0x00000000fe000000, 0x00000000fe100000, 0x00000000fe100000|100%| O|  |TAMS 0x00000000fe000000| PB 0x00000000fe000000| Untracked 
|2017|0x00000000fe100000, 0x00000000fe200000, 0x00000000fe200000|100%| O|  |TAMS 0x00000000fe100000| PB 0x00000000fe100000| Untracked 
|2018|0x00000000fe200000, 0x00000000fe300000, 0x00000000fe300000|100%| O|  |TAMS 0x00000000fe200000| PB 0x00000000fe200000| Untracked 
|2019|0x00000000fe300000, 0x00000000fe400000, 0x00000000fe400000|100%| O|  |TAMS 0x00000000fe300000| PB 0x00000000fe300000| Untracked 
|2020|0x00000000fe400000, 0x00000000fe500000, 0x00000000fe500000|100%| O|  |TAMS 0x00000000fe400000| PB 0x00000000fe400000| Untracked 
|2021|0x00000000fe500000, 0x00000000fe600000, 0x00000000fe600000|100%| O|  |TAMS 0x00000000fe500000| PB 0x00000000fe500000| Untracked 
|2022|0x00000000fe600000, 0x00000000fe700000, 0x00000000fe700000|100%| O|  |TAMS 0x00000000fe600000| PB 0x00000000fe600000| Untracked 
|2023|0x00000000fe700000, 0x00000000fe800000, 0x00000000fe800000|100%| O|  |TAMS 0x00000000fe700000| PB 0x00000000fe700000| Untracked 
|2024|0x00000000fe800000, 0x00000000fe900000, 0x00000000fe900000|100%| O|  |TAMS 0x00000000fe800000| PB 0x00000000fe800000| Untracked 
|2025|0x00000000fe900000, 0x00000000fea00000, 0x00000000fea00000|100%| O|  |TAMS 0x00000000fe900000| PB 0x00000000fe900000| Untracked 
|2026|0x00000000fea00000, 0x00000000feb00000, 0x00000000feb00000|100%| O|  |TAMS 0x00000000fea00000| PB 0x00000000fea00000| Untracked 
|2027|0x00000000feb00000, 0x00000000fec00000, 0x00000000fec00000|100%| O|  |TAMS 0x00000000feb00000| PB 0x00000000feb00000| Untracked 
|2028|0x00000000fec00000, 0x00000000fed00000, 0x00000000fed00000|100%| E|CS|TAMS 0x00000000fec00000| PB 0x00000000fec00000| Complete 
|2029|0x00000000fed00000, 0x00000000fee00000, 0x00000000fee00000|100%| O|  |TAMS 0x00000000fed00000| PB 0x00000000fed00000| Untracked 
|2030|0x00000000fee00000, 0x00000000fef00000, 0x00000000fef00000|100%| O|  |TAMS 0x00000000fee00000| PB 0x00000000fee00000| Untracked 
|2031|0x00000000fef00000, 0x00000000ff000000, 0x00000000ff000000|100%| E|CS|TAMS 0x00000000fef00000| PB 0x00000000fef00000| Complete 
|2032|0x00000000ff000000, 0x00000000ff100000, 0x00000000ff100000|100%| O|  |TAMS 0x00000000ff000000| PB 0x00000000ff000000| Untracked 
|2033|0x00000000ff100000, 0x00000000ff200000, 0x00000000ff200000|100%| O|  |TAMS 0x00000000ff100000| PB 0x00000000ff100000| Untracked 
|2034|0x00000000ff200000, 0x00000000ff300000, 0x00000000ff300000|100%| O|  |TAMS 0x00000000ff200000| PB 0x00000000ff200000| Untracked 
|2035|0x00000000ff300000, 0x00000000ff400000, 0x00000000ff400000|100%| O|  |TAMS 0x00000000ff300000| PB 0x00000000ff300000| Untracked 
|2036|0x00000000ff400000, 0x00000000ff500000, 0x00000000ff500000|100%| O|  |TAMS 0x00000000ff400000| PB 0x00000000ff400000| Untracked 
|2037|0x00000000ff500000, 0x00000000ff600000, 0x00000000ff600000|100%| O|  |TAMS 0x00000000ff500000| PB 0x00000000ff500000| Untracked 
|2038|0x00000000ff600000, 0x00000000ff700000, 0x00000000ff700000|100%| O|  |TAMS 0x00000000ff600000| PB 0x00000000ff600000| Untracked 
|2039|0x00000000ff700000, 0x00000000ff800000, 0x00000000ff800000|100%| O|  |TAMS 0x00000000ff700000| PB 0x00000000ff700000| Untracked 
|2040|0x00000000ff800000, 0x00000000ff900000, 0x00000000ff900000|100%| E|CS|TAMS 0x00000000ff800000| PB 0x00000000ff800000| Complete 
|2041|0x00000000ff900000, 0x00000000ffa00000, 0x00000000ffa00000|100%| O|  |TAMS 0x00000000ff900000| PB 0x00000000ff900000| Untracked 
|2042|0x00000000ffa00000, 0x00000000ffb00000, 0x00000000ffb00000|100%| O|  |TAMS 0x00000000ffa00000| PB 0x00000000ffa00000| Untracked 
|2043|0x00000000ffb00000, 0x00000000ffc00000, 0x00000000ffc00000|100%| E|CS|TAMS 0x00000000ffb00000| PB 0x00000000ffb00000| Complete 
|2044|0x00000000ffc00000, 0x00000000ffd00000, 0x00000000ffd00000|100%| O|  |TAMS 0x00000000ffc00000| PB 0x00000000ffc00000| Untracked 
|2045|0x00000000ffd00000, 0x00000000ffe00000, 0x00000000ffe00000|100%| O|  |TAMS 0x00000000ffd00000| PB 0x00000000ffd00000| Untracked 
|2046|0x00000000ffe00000, 0x00000000fff00000, 0x00000000fff00000|100%| O|  |TAMS 0x00000000ffe00000| PB 0x00000000ffe00000| Untracked 
|2047|0x00000000fff00000, 0x0000000100000000, 0x0000000100000000|100%| O|  |TAMS 0x00000000fff00000| PB 0x00000000fff00000| Untracked 

Card table byte_map: [0x000002582f6c0000,0x000002582fac0000] _byte_map_base: 0x000002582f2c0000

Marking Bits: (CMBitMap*) 0x000002581cbbc060
 Bits: [0x000002582fac0000, 0x0000025831ac0000)

Polling page: 0x000002581a960000

Metaspace:

Usage:
  Non-class:    141.85 MB used.
      Class:     21.07 MB used.
       Both:    162.93 MB used.

Virtual space:
  Non-class space:      192.00 MB reserved,     143.31 MB ( 75%) committed,  3 nodes.
      Class space:      832.00 MB reserved,      22.50 MB (  3%) committed,  1 nodes.
             Both:        1.00 GB reserved,     165.81 MB ( 16%) committed. 

Chunk freelists:
   Non-Class:  15.94 MB
       Class:  9.47 MB
        Both:  25.41 MB

MaxMetaspaceSize: 1.00 GB
CompressedClassSpaceSize: 832.00 MB
Initial GC threshold: 21.00 MB
Current GC threshold: 266.25 MB
CDS: on
 - commit_granule_bytes: 65536.
 - commit_granule_words: 8192.
 - virtual_space_node_default_size: 8388608.
 - enlarge_chunks_in_place: 1.
 - use_allocation_guard: 0.


Internal statistics:

num_allocs_failed_limit: 9.
num_arena_births: 5314.
num_arena_deaths: 34.
num_vsnodes_births: 4.
num_vsnodes_deaths: 0.
num_space_committed: 2651.
num_space_uncommitted: 0.
num_chunks_returned_to_freelist: 71.
num_chunks_taken_from_freelist: 12443.
num_chunk_merges: 25.
num_chunk_splits: 8492.
num_chunks_enlarged: 5731.
num_inconsistent_stats: 0.

CodeHeap 'non-profiled nmethods': size=120000Kb used=14558Kb max_used=14558Kb free=105441Kb
 bounds [0x0000025827830000, 0x0000025828670000, 0x000002582ed60000]
CodeHeap 'profiled nmethods': size=120000Kb used=42044Kb max_used=42044Kb free=77955Kb
 bounds [0x000002581fd60000, 0x0000025822680000, 0x0000025827290000]
CodeHeap 'non-nmethods': size=5760Kb used=3025Kb max_used=3106Kb free=2734Kb
 bounds [0x0000025827290000, 0x00000258275a0000, 0x0000025827830000]
CodeCache: size=245760Kb, used=59627Kb, max_used=59708Kb, free=186130Kb
 total_blobs=19842, nmethods=18596, adapters=1145, full_count=0
Compilation: enabled, stopped_count=0, restarted_count=0

Compilation events (20 events):
Event: 185.260 Thread 0x00000258347f93b0 25648       3       com.sun.org.apache.xerces.internal.impl.XMLEntityScanner::peekChar (63 bytes)
Event: 185.262 Thread 0x00000258347f93b0 nmethod 25648 0x0000025822659390 code [0x0000025822659560, 0x00000258226597e0]
Event: 185.265 Thread 0x00000258347f93b0 25650       3       org.gradle.internal.resource.local.LocallyAvailableResourceFinderSearchableFileStoreAdapter$$Lambda/0x00000258373eba48::create (12 bytes)
Event: 185.268 Thread 0x00000258347f93b0 nmethod 25650 0x0000025822659910 code [0x0000025822659b40, 0x000002582265a2a8]
Event: 185.268 Thread 0x00000258347f93b0 25651       3       org.gradle.internal.resource.local.LocallyAvailableResourceFinderSearchableFileStoreAdapter::lambda$new$0 (34 bytes)
Event: 185.269 Thread 0x00000258347f93b0 nmethod 25651 0x000002582265a490 code [0x000002582265a6c0, 0x000002582265ada8]
Event: 185.269 Thread 0x00000258347f93b0 25652       3       org.gradle.internal.resource.local.ivy.LocallyAvailableResourceFinderFactory$$Lambda/0x000002583673e9b8::search (12 bytes)
Event: 185.270 Thread 0x00000258347f93b0 nmethod 25652 0x000002582265af90 code [0x000002582265b160, 0x000002582265b588]
Event: 185.270 Thread 0x00000258347f93b0 25653       3       org.gradle.internal.resource.local.ivy.LocallyAvailableResourceFinderFactory::lambda$create$1 (16 bytes)
Event: 185.270 Thread 0x00000258347f93b0 nmethod 25653 0x000002582265b710 code [0x000002582265b8e0, 0x000002582265bb90]
Event: 185.270 Thread 0x00000258347f93b0 25654       3       org.gradle.internal.resource.local.GroupedAndNamedUniqueFileStore::search (17 bytes)
Event: 185.272 Thread 0x00000258347f93b0 nmethod 25654 0x000002582265bc90 code [0x000002582265be60, 0x000002582265c198]
Event: 185.272 Thread 0x00000258347f93b0 25655       3       org.gradle.internal.resource.local.DefaultPathKeyFileStore::search (9 bytes)
Event: 185.272 Thread 0x00000258347f93b0 nmethod 25655 0x000002582265c310 code [0x000002582265c4c0, 0x000002582265c770]
Event: 185.301 Thread 0x00000258347f93b0 25656       3       org.gradle.internal.component.external.model.DefaultConfigurationMetadata$DependencyFilter::forcing (58 bytes)
Event: 185.302 Thread 0x00000258347f93b0 nmethod 25656 0x000002582265c890 code [0x000002582265ca60, 0x000002582265ccc8]
Event: 185.375 Thread 0x0000025834317980 nmethod 25645 0x0000025828660410 code [0x0000025828660900, 0x0000025828663658]
Event: 185.375 Thread 0x0000025834317980 25657       4       org.gradle.api.internal.artifacts.repositories.PatternHelper::substituteTokens (684 bytes)
Event: 185.510 Thread 0x00000258347f93b0 25658   !   3       org.gradle.api.internal.file.temp.DefaultTemporaryFileProvider::createTemporaryFile (33 bytes)
Event: 185.510 Thread 0x00000258347f93b0 nmethod 25658 0x000002582265cd90 code [0x000002582265cf80, 0x000002582265d2c8]

GC Heap History (20 events):
Event: 104.648 GC heap before
{Heap before GC invocations=82 (full 0):
 garbage-first heap   total 608256K, used 540809K [0x0000000080000000, 0x0000000100000000)
  region size 1024K, 356 young (364544K), 20 survivors (20480K)
 Metaspace       used 160732K, committed 163520K, reserved 1048576K
  class space    used 20847K, committed 22208K, reserved 851968K
}
Event: 104.672 GC heap after
{Heap after GC invocations=83 (full 0):
 garbage-first heap   total 608256K, used 200358K [0x0000000080000000, 0x0000000100000000)
  region size 1024K, 23 young (23552K), 23 survivors (23552K)
 Metaspace       used 160732K, committed 163520K, reserved 1048576K
  class space    used 20847K, committed 22208K, reserved 851968K
}
Event: 105.214 GC heap before
{Heap before GC invocations=83 (full 0):
 garbage-first heap   total 608256K, used 542374K [0x0000000080000000, 0x0000000100000000)
  region size 1024K, 356 young (364544K), 23 survivors (23552K)
 Metaspace       used 160771K, committed 163584K, reserved 1048576K
  class space    used 20848K, committed 22208K, reserved 851968K
}
Event: 105.242 GC heap after
{Heap after GC invocations=84 (full 0):
 garbage-first heap   total 608256K, used 207174K [0x0000000080000000, 0x0000000100000000)
  region size 1024K, 29 young (29696K), 29 survivors (29696K)
 Metaspace       used 160771K, committed 163584K, reserved 1048576K
  class space    used 20848K, committed 22208K, reserved 851968K
}
Event: 105.629 GC heap before
{Heap before GC invocations=84 (full 0):
 garbage-first heap   total 608256K, used 542022K [0x0000000080000000, 0x0000000100000000)
  region size 1024K, 356 young (364544K), 29 survivors (29696K)
 Metaspace       used 160773K, committed 163584K, reserved 1048576K
  class space    used 20848K, committed 22208K, reserved 851968K
}
Event: 105.652 GC heap after
{Heap after GC invocations=85 (full 0):
 garbage-first heap   total 608256K, used 211136K [0x0000000080000000, 0x0000000100000000)
  region size 1024K, 23 young (23552K), 23 survivors (23552K)
 Metaspace       used 160773K, committed 163584K, reserved 1048576K
  class space    used 20848K, committed 22208K, reserved 851968K
}
Event: 106.228 GC heap before
{Heap before GC invocations=85 (full 0):
 garbage-first heap   total 608256K, used 551104K [0x0000000080000000, 0x0000000100000000)
  region size 1024K, 356 young (364544K), 23 survivors (23552K)
 Metaspace       used 160775K, committed 163584K, reserved 1048576K
  class space    used 20848K, committed 22208K, reserved 851968K
}
Event: 106.245 GC heap after
{Heap after GC invocations=86 (full 0):
 garbage-first heap   total 608256K, used 204993K [0x0000000080000000, 0x0000000100000000)
  region size 1024K, 19 young (19456K), 19 survivors (19456K)
 Metaspace       used 160775K, committed 163584K, reserved 1048576K
  class space    used 20848K, committed 22208K, reserved 851968K
}
Event: 107.048 GC heap before
{Heap before GC invocations=86 (full 0):
 garbage-first heap   total 608256K, used 550081K [0x0000000080000000, 0x0000000100000000)
  region size 1024K, 356 young (364544K), 19 survivors (19456K)
 Metaspace       used 160783K, committed 163584K, reserved 1048576K
  class space    used 20849K, committed 22208K, reserved 851968K
}
Event: 107.067 GC heap after
{Heap after GC invocations=87 (full 0):
 garbage-first heap   total 608256K, used 207411K [0x0000000080000000, 0x0000000100000000)
  region size 1024K, 22 young (22528K), 22 survivors (22528K)
 Metaspace       used 160783K, committed 163584K, reserved 1048576K
  class space    used 20849K, committed 22208K, reserved 851968K
}
Event: 108.536 GC heap before
{Heap before GC invocations=88 (full 0):
 garbage-first heap   total 608256K, used 548210K [0x0000000080000000, 0x0000000100000000)
  region size 1024K, 356 young (364544K), 22 survivors (22528K)
 Metaspace       used 160791K, committed 163584K, reserved 1048576K
  class space    used 20849K, committed 22208K, reserved 851968K
}
Event: 108.550 GC heap after
{Heap after GC invocations=89 (full 0):
 garbage-first heap   total 608256K, used 198416K [0x0000000080000000, 0x0000000100000000)
  region size 1024K, 16 young (16384K), 16 survivors (16384K)
 Metaspace       used 160791K, committed 163584K, reserved 1048576K
  class space    used 20849K, committed 22208K, reserved 851968K
}
Event: 109.732 GC heap before
{Heap before GC invocations=89 (full 0):
 garbage-first heap   total 608256K, used 546576K [0x0000000080000000, 0x0000000100000000)
  region size 1024K, 356 young (364544K), 16 survivors (16384K)
 Metaspace       used 160792K, committed 163584K, reserved 1048576K
  class space    used 20849K, committed 22208K, reserved 851968K
}
Event: 109.755 GC heap after
{Heap after GC invocations=90 (full 0):
 garbage-first heap   total 608256K, used 201014K [0x0000000080000000, 0x0000000100000000)
  region size 1024K, 21 young (21504K), 21 survivors (21504K)
 Metaspace       used 160792K, committed 163584K, reserved 1048576K
  class space    used 20849K, committed 22208K, reserved 851968K
}
Event: 110.901 GC heap before
{Heap before GC invocations=90 (full 0):
 garbage-first heap   total 608256K, used 544054K [0x0000000080000000, 0x0000000100000000)
  region size 1024K, 356 young (364544K), 21 survivors (21504K)
 Metaspace       used 160798K, committed 163584K, reserved 1048576K
  class space    used 20849K, committed 22208K, reserved 851968K
}
Event: 110.930 GC heap after
{Heap after GC invocations=91 (full 0):
 garbage-first heap   total 608256K, used 205622K [0x0000000080000000, 0x0000000100000000)
  region size 1024K, 26 young (26624K), 26 survivors (26624K)
 Metaspace       used 160798K, committed 163584K, reserved 1048576K
  class space    used 20849K, committed 22208K, reserved 851968K
}
Event: 113.511 GC heap before
{Heap before GC invocations=91 (full 0):
 garbage-first heap   total 608256K, used 542518K [0x0000000080000000, 0x0000000100000000)
  region size 1024K, 356 young (364544K), 26 survivors (26624K)
 Metaspace       used 160832K, committed 163648K, reserved 1048576K
  class space    used 20853K, committed 22208K, reserved 851968K
}
Event: 113.541 GC heap after
{Heap after GC invocations=92 (full 0):
 garbage-first heap   total 608256K, used 204374K [0x0000000080000000, 0x0000000100000000)
  region size 1024K, 30 young (30720K), 30 survivors (30720K)
 Metaspace       used 160832K, committed 163648K, reserved 1048576K
  class space    used 20853K, committed 22208K, reserved 851968K
}
Event: 171.305 GC heap before
{Heap before GC invocations=92 (full 0):
 garbage-first heap   total 608256K, used 538198K [0x0000000080000000, 0x0000000100000000)
  region size 1024K, 356 young (364544K), 30 survivors (30720K)
 Metaspace       used 165497K, committed 168448K, reserved 1048576K
  class space    used 21509K, committed 22912K, reserved 851968K
}
Event: 171.326 GC heap after
{Heap after GC invocations=93 (full 0):
 garbage-first heap   total 608256K, used 206778K [0x0000000080000000, 0x0000000100000000)
  region size 1024K, 26 young (26624K), 26 survivors (26624K)
 Metaspace       used 165497K, committed 168448K, reserved 1048576K
  class space    used 21509K, committed 22912K, reserved 851968K
}

Dll operation events (15 events):
Event: 0.017 Loaded shared library C:\Users\DELL\.antigravity-ide\extensions\redhat.java-1.54.0-win32-x64\jre\21.0.10-win32-x86_64\bin\java.dll
Event: 0.099 Loaded shared library C:\Users\DELL\.antigravity-ide\extensions\redhat.java-1.54.0-win32-x64\jre\21.0.10-win32-x86_64\bin\zip.dll
Event: 0.122 Loaded shared library C:\Users\DELL\.antigravity-ide\extensions\redhat.java-1.54.0-win32-x64\jre\21.0.10-win32-x86_64\bin\instrument.dll
Event: 0.128 Loaded shared library C:\Users\DELL\.antigravity-ide\extensions\redhat.java-1.54.0-win32-x64\jre\21.0.10-win32-x86_64\bin\net.dll
Event: 0.131 Loaded shared library C:\Users\DELL\.antigravity-ide\extensions\redhat.java-1.54.0-win32-x64\jre\21.0.10-win32-x86_64\bin\nio.dll
Event: 0.135 Loaded shared library C:\Users\DELL\.antigravity-ide\extensions\redhat.java-1.54.0-win32-x64\jre\21.0.10-win32-x86_64\bin\zip.dll
Event: 0.701 Loaded shared library C:\Users\DELL\.antigravity-ide\extensions\redhat.java-1.54.0-win32-x64\jre\21.0.10-win32-x86_64\bin\jimage.dll
Event: 0.879 Loaded shared library C:\Users\DELL\.antigravity-ide\extensions\redhat.java-1.54.0-win32-x64\jre\21.0.10-win32-x86_64\bin\verify.dll
Event: 1.002 Loaded shared library C:\Users\DELL\.gradle\native\1def1411415f61bf3af743bc5b6707747c0891f09f0c88961ee8f79bc544acac\windows-amd64\native-platform.dll
Event: 1.016 Loaded shared library C:\Users\DELL\.gradle\native\0.2.7\x86_64-windows-gnu\gradle-fileevents.dll
Event: 3.244 Loaded shared library C:\Users\DELL\.antigravity-ide\extensions\redhat.java-1.54.0-win32-x64\jre\21.0.10-win32-x86_64\bin\management.dll
Event: 3.252 Loaded shared library C:\Users\DELL\.antigravity-ide\extensions\redhat.java-1.54.0-win32-x64\jre\21.0.10-win32-x86_64\bin\management_ext.dll
Event: 3.737 Loaded shared library C:\Users\DELL\.antigravity-ide\extensions\redhat.java-1.54.0-win32-x64\jre\21.0.10-win32-x86_64\bin\extnet.dll
Event: 4.115 Loaded shared library C:\Users\DELL\.antigravity-ide\extensions\redhat.java-1.54.0-win32-x64\jre\21.0.10-win32-x86_64\bin\sunmscapi.dll
Event: 119.397 Loaded shared library C:\Users\DELL\.antigravity-ide\extensions\redhat.java-1.54.0-win32-x64\jre\21.0.10-win32-x86_64\bin\rmi.dll

Deoptimization events (20 events):
Event: 184.883 Thread 0x0000025871d4be50 Uncommon trap: trap_request=0xffffff45 fr.pc=0x00000258285b92bc relative=0x000000000000115c
Event: 184.883 Thread 0x0000025871d4be50 Uncommon trap: reason=unstable_if action=reinterpret pc=0x00000258285b92bc method=org.gradle.internal.resource.ExternalResourceName.encode(Ljava/lang/String;Z)Ljava/lang/String; @ 95 c2
Event: 184.884 Thread 0x0000025871d4be50 DEOPT PACKING pc=0x00000258285b92bc sp=0x0000005f5e0fd690
Event: 184.884 Thread 0x0000025871d4be50 DEOPT UNPACKING pc=0x00000258272e4422 sp=0x0000005f5e0fd660 mode 2
Event: 185.218 Thread 0x0000025871d4d200 Uncommon trap: trap_request=0xffffff45 fr.pc=0x00000258286061cc relative=0x00000000000011cc
Event: 185.218 Thread 0x0000025871d4d200 Uncommon trap: reason=unstable_if action=reinterpret pc=0x00000258286061cc method=com.sun.org.apache.xerces.internal.impl.XMLEntityScanner.peekChar()I @ 51 c2
Event: 185.218 Thread 0x0000025871d4d200 DEOPT PACKING pc=0x00000258286061cc sp=0x0000005f5e7fcd70
Event: 185.218 Thread 0x0000025871d4d200 DEOPT UNPACKING pc=0x00000258272e4422 sp=0x0000005f5e7fccd0 mode 2
Event: 185.219 Thread 0x0000025871d4d200 Uncommon trap: trap_request=0xffffff45 fr.pc=0x00000258283491dc relative=0x000000000000011c
Event: 185.219 Thread 0x0000025871d4d200 Uncommon trap: reason=unstable_if action=reinterpret pc=0x00000258283491dc method=com.sun.org.apache.xerces.internal.impl.XMLEntityScanner.peekChar()I @ 51 c2
Event: 185.219 Thread 0x0000025871d4d200 DEOPT PACKING pc=0x00000258283491dc sp=0x0000005f5e7fcd30
Event: 185.219 Thread 0x0000025871d4d200 DEOPT UNPACKING pc=0x00000258272e4422 sp=0x0000005f5e7fccc0 mode 2
Event: 185.220 Thread 0x0000025871d4d200 Uncommon trap: trap_request=0xffffff45 fr.pc=0x000002582856f6dc relative=0x000000000000053c
Event: 185.220 Thread 0x0000025871d4d200 Uncommon trap: reason=unstable_if action=reinterpret pc=0x000002582856f6dc method=com.sun.org.apache.xerces.internal.impl.XMLEntityScanner.scanContent(Lcom/sun/org/apache/xerces/internal/xni/XMLString;)I @ 275 c2
Event: 185.220 Thread 0x0000025871d4d200 DEOPT PACKING pc=0x000002582856f6dc sp=0x0000005f5e7fccf0
Event: 185.220 Thread 0x0000025871d4d200 DEOPT UNPACKING pc=0x00000258272e4422 sp=0x0000005f5e7fccb8 mode 2
Event: 185.263 Thread 0x0000025871d4be50 DEOPT PACKING pc=0x0000025822644470 sp=0x0000005f5e0fc150
Event: 185.263 Thread 0x0000025871d4be50 DEOPT UNPACKING pc=0x00000258272e4bc2 sp=0x0000005f5e0fb660 mode 0
Event: 185.326 Thread 0x0000025871d4be50 DEOPT PACKING pc=0x0000025822363e94 sp=0x0000005f5e0fbfd0
Event: 185.326 Thread 0x0000025871d4be50 DEOPT UNPACKING pc=0x00000258272e4bc2 sp=0x0000005f5e0fb590 mode 0

Classes loaded (20 events):
Event: 119.572 Loading class sun/rmi/transport/Transport$1
Event: 119.572 Loading class sun/rmi/transport/Transport$1 done
Event: 119.574 Loading class sun/rmi/transport/DGCImpl$LeaseInfo
Event: 119.574 Loading class sun/rmi/transport/DGCImpl$LeaseInfo done
Event: 119.574 Loading class sun/rmi/transport/DGCImpl$1
Event: 119.574 Loading class sun/rmi/transport/DGCImpl$1 done
Event: 119.574 Loading class sun/rmi/transport/SequenceEntry
Event: 119.574 Loading class sun/rmi/transport/SequenceEntry done
Event: 171.328 Loading class sun/rmi/transport/DGCClient$EndpointEntry$CleanRequest
Event: 171.328 Loading class sun/rmi/transport/DGCClient$EndpointEntry$CleanRequest done
Event: 171.805 Loading class java/util/zip/Deflater
Event: 171.806 Loading class java/util/zip/Deflater done
Event: 171.809 Loading class java/util/zip/Deflater$DeflaterZStreamRef
Event: 171.809 Loading class java/util/zip/Deflater$DeflaterZStreamRef done
Event: 172.015 Loading class java/util/concurrent/ConcurrentLinkedQueue$Itr
Event: 172.015 Loading class java/util/concurrent/ConcurrentLinkedQueue$Itr done
Event: 178.534 Loading class com/sun/org/apache/xerces/internal/util/EncodingMap
Event: 178.535 Loading class com/sun/org/apache/xerces/internal/util/EncodingMap done
Event: 178.536 Loading class sun/nio/cs/ISO_8859_1$Decoder
Event: 178.537 Loading class sun/nio/cs/ISO_8859_1$Decoder done

Classes unloaded (20 events):
Event: 23.324 Thread 0x00000258342ead90 Unloading class 0x00000258365fc000 '_BuildScript_'
Event: 30.050 Thread 0x00000258342ead90 Unloading class 0x00000258366db800 '_BuildScript_'
Event: 30.050 Thread 0x00000258342ead90 Unloading class 0x00000258366d83f0 '_BuildScript_$_run_closure1$_closure2'
Event: 30.050 Thread 0x00000258342ead90 Unloading class 0x00000258366d8000 '_BuildScript_$_run_closure1'
Event: 30.050 Thread 0x00000258342ead90 Unloading class 0x00000258366d7800 '_BuildScript_'
Event: 30.050 Thread 0x00000258342ead90 Unloading class 0x00000258366d63f0 '_BuildScript_$_run_closure1$_closure2$_closure3$_closure4'
Event: 30.050 Thread 0x00000258342ead90 Unloading class 0x00000258366d6000 '_BuildScript_$_run_closure1$_closure2$_closure3'
Event: 30.050 Thread 0x00000258342ead90 Unloading class 0x00000258366d5928 '_BuildScript_$_run_closure1$_closure2'
Event: 30.050 Thread 0x00000258342ead90 Unloading class 0x00000258366d5538 '_BuildScript_$_run_closure1'
Event: 30.050 Thread 0x00000258342ead90 Unloading class 0x00000258366d5000 '_BuildScript_'
Event: 100.122 Thread 0x00000258342ead90 Unloading class 0x000002583757e800 'java/lang/invoke/LambdaForm$DMH+0x000002583757e800'
Event: 100.122 Thread 0x00000258342ead90 Unloading class 0x000002583757e400 'java/lang/invoke/LambdaForm$DMH+0x000002583757e400'
Event: 100.122 Thread 0x00000258342ead90 Unloading class 0x000002583757e000 'java/lang/invoke/LambdaForm$DMH+0x000002583757e000'
Event: 100.122 Thread 0x00000258342ead90 Unloading class 0x000002583757dc00 'java/lang/invoke/LambdaForm$DMH+0x000002583757dc00'
Event: 100.122 Thread 0x00000258342ead90 Unloading class 0x000002583757d800 'java/lang/invoke/LambdaForm$DMH+0x000002583757d800'
Event: 100.122 Thread 0x00000258342ead90 Unloading class 0x000002583757d400 'java/lang/invoke/LambdaForm$DMH+0x000002583757d400'
Event: 100.122 Thread 0x00000258342ead90 Unloading class 0x000002583757d000 'java/lang/invoke/LambdaForm$DMH+0x000002583757d000'
Event: 100.122 Thread 0x00000258342ead90 Unloading class 0x000002583757c800 'java/lang/invoke/LambdaForm$DMH+0x000002583757c800'
Event: 100.122 Thread 0x00000258342ead90 Unloading class 0x000002583757cc00 'java/lang/invoke/LambdaForm$DMH+0x000002583757cc00'
Event: 100.122 Thread 0x00000258342ead90 Unloading class 0x000002583757c000 'java/lang/invoke/LambdaForm$DMH+0x000002583757c000'

Classes redefined (0 events):
No events

Internal exceptions (20 events):
Event: 119.378 Thread 0x000002587c457370 Exception <a 'java/lang/NoSuchMethodError'{0x000000008f4a6ca8}: static Lorg/jetbrains/kotlin/daemon/common/LoopbackNetworkInterface$ClientLoopbackSocketFactory;.<clinit>()V> (0x000000008f4a6ca8) 
thrown [s\src\hotspot\share\prims\jni.cpp, line 1111]
Event: 119.403 Thread 0x000002587c457370 Exception <a 'java/lang/NoSuchMethodError'{0x000000008f390ec8}: static [Ljava/rmi/server/ObjID;.<clinit>()V> (0x000000008f390ec8) 
thrown [s\src\hotspot\share\prims\jni.cpp, line 1111]
Event: 119.407 Thread 0x000002587c457370 Exception <a 'java/lang/NoSuchMethodError'{0x000000008f3b51d8}: static [B.<clinit>()V> (0x000000008f3b51d8) 
thrown [s\src\hotspot\share\prims\jni.cpp, line 1111]
Event: 119.421 Thread 0x000002587c4552a0 Exception <a 'java/lang/NoSuchMethodError'{0x000000008f201540}: 'java.lang.Object java.lang.invoke.DirectMethodHandle$Holder.invokeSpecial(java.lang.Object, java.lang.Object, int, java.lang.Object, long)'> (0x000000008f201540) 
thrown [s\src\hotspot\share\interpreter\linkResolver.cpp, line 773]
Event: 119.422 Thread 0x000002587c4552a0 Exception <a 'java/lang/NoSuchMethodError'{0x000000008f207f08}: 'java.lang.Object java.lang.invoke.DirectMethodHandle$Holder.newInvokeSpecial(java.lang.Object, java.lang.Object, int, java.lang.Object, long)'> (0x000000008f207f08) 
thrown [s\src\hotspot\share\interpreter\linkResolver.cpp, line 773]
Event: 119.447 Thread 0x000002587c457370 Exception <a 'java/lang/NoSuchMethodError'{0x000000008f3eb708}: static Lorg/jetbrains/kotlin/daemon/common/CompileService$CallResult;.<clinit>()V> (0x000000008f3eb708) 
thrown [s\src\hotspot\share\prims\jni.cpp, line 1111]
Event: 119.448 Thread 0x000002587c457370 Exception <a 'java/lang/NoSuchMethodError'{0x000000008f3f7720}: static Lorg/jetbrains/kotlin/daemon/common/CompileService$CallResult$Good;.<clinit>()V> (0x000000008f3f7720) 
thrown [s\src\hotspot\share\prims\jni.cpp, line 1111]
Event: 119.448 Thread 0x000002587c457370 Exception <a 'java/lang/NoSuchMethodError'{0x000000008f104a30}: static Lorg/jetbrains/kotlin/daemon/common/DaemonJVMOptions;.<clinit>()V> (0x000000008f104a30) 
thrown [s\src\hotspot\share\prims\jni.cpp, line 1111]
Event: 119.458 Thread 0x000002587c457370 Exception <a 'java/lang/NoSuchMethodError'{0x000000008f11e198}: static Lorg/jetbrains/kotlin/daemon/common/CompileService$CallResult$Ok;.<clinit>()V> (0x000000008f11e198) 
thrown [s\src\hotspot\share\prims\jni.cpp, line 1111]
Event: 119.501 Thread 0x000002587c457370 Exception <a 'java/lang/NoSuchMethodError'{0x000000008ef42950}: static [Ljava/lang/Integer;.<clinit>()V> (0x000000008ef42950) 
thrown [s\src\hotspot\share\prims\jni.cpp, line 1111]
Event: 167.794 Thread 0x000002587b18df80 Exception <a 'java/lang/NoSuchMethodError'{0x000000008ee50900}: 'void java.lang.invoke.DirectMethodHandle$Holder.invokeInterface(java.lang.Object, java.lang.Object, int, java.lang.Object)'> (0x000000008ee50900) 
thrown [s\src\hotspot\share\interpreter\linkResolver.cpp, line 773]
Event: 167.795 Thread 0x000002587b18df80 Exception <a 'java/lang/NoSuchMethodError'{0x000000008ee53f70}: 'void java.lang.invoke.DelegatingMethodHandle$Holder.reinvoke_L(java.lang.Object, java.lang.Object, int, java.lang.Object)'> (0x000000008ee53f70) 
thrown [s\src\hotspot\share\interpreter\linkResolver.cpp, line 773]
Event: 167.805 Thread 0x000002587b18df80 Exception <a 'java/lang/NoSuchMethodError'{0x000000008ee71498}: 'void java.lang.invoke.DelegatingMethodHandle$Holder.reinvoke_L(java.lang.Object, java.lang.Object, int, int, java.lang.Object, java.lang.Object)'> (0x000000008ee71498) 
thrown [s\src\hotspot\share\interpreter\linkResolver.cpp, line 773]
Event: 171.722 Thread 0x0000025874469280 Exception <a 'sun/nio/fs/WindowsException'{0x00000000ffb7b3d8}> (0x00000000ffb7b3d8) 
thrown [s\src\hotspot\share\prims\jni.cpp, line 520]
Event: 171.722 Thread 0x0000025874469280 Exception <a 'sun/nio/fs/WindowsException'{0x00000000ffb7d778}> (0x00000000ffb7d778) 
thrown [s\src\hotspot\share\prims\jni.cpp, line 520]
Event: 171.723 Thread 0x0000025874469280 Exception <a 'sun/nio/fs/WindowsException'{0x00000000ffb7f998}> (0x00000000ffb7f998) 
thrown [s\src\hotspot\share\prims\jni.cpp, line 520]
Event: 171.723 Thread 0x0000025874469280 Exception <a 'sun/nio/fs/WindowsException'{0x00000000ffb818c0}> (0x00000000ffb818c0) 
thrown [s\src\hotspot\share\prims\jni.cpp, line 520]
Event: 171.732 Thread 0x000002587446dab0 Exception <a 'sun/nio/fs/WindowsException'{0x00000000fec0e8f0}> (0x00000000fec0e8f0) 
thrown [s\src\hotspot\share\prims\jni.cpp, line 520]
Event: 171.733 Thread 0x000002587446dab0 Exception <a 'sun/nio/fs/WindowsException'{0x00000000fec10878}> (0x00000000fec10878) 
thrown [s\src\hotspot\share\prims\jni.cpp, line 520]
Event: 171.734 Thread 0x000002587446dab0 Exception <a 'sun/nio/fs/WindowsException'{0x00000000fec12378}> (0x00000000fec12378) 
thrown [s\src\hotspot\share\prims\jni.cpp, line 520]

ZGC Phase Switch (0 events):
No events

VM Operations (20 events):
Event: 177.831 Executing safepoint VM operation: Cleanup
Event: 177.831 Executing safepoint VM operation: Cleanup done
Event: 178.832 Executing safepoint VM operation: Cleanup
Event: 178.832 Executing safepoint VM operation: Cleanup done
Event: 179.832 Executing safepoint VM operation: Cleanup
Event: 179.832 Executing safepoint VM operation: Cleanup done
Event: 180.450 Executing non-safepoint VM operation: HandshakeAllThreads (HandshakeForDeflation)
Event: 180.450 Executing non-safepoint VM operation: HandshakeAllThreads (HandshakeForDeflation) done
Event: 180.450 Executing non-safepoint VM operation: RendezvousGCThreads
Event: 180.450 Executing non-safepoint VM operation: RendezvousGCThreads done
Event: 181.450 Executing safepoint VM operation: Cleanup
Event: 181.450 Executing safepoint VM operation: Cleanup done
Event: 182.451 Executing safepoint VM operation: Cleanup
Event: 182.451 Executing safepoint VM operation: Cleanup done
Event: 183.452 Executing safepoint VM operation: Cleanup
Event: 183.452 Executing safepoint VM operation: Cleanup done
Event: 184.452 Executing safepoint VM operation: Cleanup
Event: 184.452 Executing safepoint VM operation: Cleanup done
Event: 185.452 Executing safepoint VM operation: Cleanup
Event: 185.453 Executing safepoint VM operation: Cleanup done

Memory protections (0 events):
No events

Nmethod flushes (20 events):
Event: 107.337 Thread 0x00000258342ead90 flushing  nmethod 0x000002582004cb10
Event: 107.337 Thread 0x00000258342ead90 flushing  nmethod 0x000002582005b490
Event: 107.337 Thread 0x00000258342ead90 flushing  nmethod 0x000002582005cc10
Event: 107.337 Thread 0x00000258342ead90 flushing  nmethod 0x000002582005e810
Event: 107.337 Thread 0x00000258342ead90 flushing  nmethod 0x000002582005fb10
Event: 107.337 Thread 0x00000258342ead90 flushing  nmethod 0x0000025820066f10
Event: 107.337 Thread 0x00000258342ead90 flushing  nmethod 0x000002582028f090
Event: 107.337 Thread 0x00000258342ead90 flushing  nmethod 0x0000025820365990
Event: 107.337 Thread 0x00000258342ead90 flushing  nmethod 0x0000025820369610
Event: 107.337 Thread 0x00000258342ead90 flushing  nmethod 0x0000025820369c90
Event: 107.337 Thread 0x00000258342ead90 flushing  nmethod 0x000002582044fc90
Event: 107.337 Thread 0x00000258342ead90 flushing  nmethod 0x00000258204b9a10
Event: 107.337 Thread 0x00000258342ead90 flushing  nmethod 0x00000258204ba010
Event: 107.337 Thread 0x00000258342ead90 flushing  nmethod 0x00000258204c3a10
Event: 107.337 Thread 0x00000258342ead90 flushing  nmethod 0x0000025820549d90
Event: 107.337 Thread 0x00000258342ead90 flushing  nmethod 0x00000258205c1d90
Event: 107.337 Thread 0x00000258342ead90 flushing  nmethod 0x000002582076cf90
Event: 107.337 Thread 0x00000258342ead90 flushing  nmethod 0x0000025820788a10
Event: 107.337 Thread 0x00000258342ead90 flushing  nmethod 0x0000025820a73590
Event: 107.337 Thread 0x00000258342ead90 flushing  nmethod 0x0000025820a73910

Events (20 events):
Event: 174.389 Thread 0x000002586fbfcce0 Thread added: 0x000002587124f8e0
Event: 174.389 Thread 0x000002586fbfcce0 Thread added: 0x00000258744615d0
Event: 174.389 Thread 0x000002586fbfcce0 Thread added: 0x00000258744671b0
Event: 174.390 Thread 0x000002586fbfcce0 Thread added: 0x0000025871d4e5b0
Event: 174.390 Thread 0x000002586fbfcce0 Thread added: 0x0000025871d4fff0
Event: 174.390 Thread 0x000002586fbfcce0 Thread added: 0x000002587c4552a0
Event: 174.390 Thread 0x000002586fbfcce0 Thread added: 0x000002583431a6b0
Event: 174.391 Thread 0x000002586fbfcce0 Thread added: 0x0000025872145320
Event: 174.391 Thread 0x000002586fbfcce0 Thread added: 0x000002587c574310
Event: 174.732 Thread 0x00000258347f93b0 Thread added: 0x0000025873c15510
Event: 175.000 Thread 0x00000258347f93b0 Thread added: 0x0000025873c18b90
Event: 176.236 Thread 0x0000025873c18b90 Thread exited: 0x0000025873c18b90
Event: 176.537 Thread 0x0000025873c15510 Thread exited: 0x0000025873c15510
Event: 176.604 Thread 0x00000258347f93b0 Thread added: 0x0000025873c18b90
Event: 176.674 Thread 0x000002586fbfcce0 Thread added: 0x00000258716e7bc0
Event: 176.675 Thread 0x000002586fbfcce0 Thread added: 0x00000258716e88e0
Event: 176.675 Thread 0x000002586fbfcce0 Thread added: 0x00000258716e6180
Event: 177.220 Thread 0x0000025873c18b90 Thread exited: 0x0000025873c18b90
Event: 181.280 Thread 0x0000025834317980 Thread added: 0x0000025873c18b90
Event: 181.819 Thread 0x0000025873c18b90 Thread exited: 0x0000025873c18b90


Dynamic libraries:
0x00007ff697fd0000 - 0x00007ff697fde000 	C:\Users\DELL\.antigravity-ide\extensions\redhat.java-1.54.0-win32-x64\jre\21.0.10-win32-x86_64\bin\java.exe
0x00007ffc5e100000 - 0x00007ffc5e366000 	C:\WINDOWS\SYSTEM32\ntdll.dll
0x00007ffc5d5d0000 - 0x00007ffc5d699000 	C:\WINDOWS\System32\KERNEL32.DLL
0x00007ffc5b780000 - 0x00007ffc5bb7a000 	C:\WINDOWS\System32\KERNELBASE.dll
0x00007ffc5b570000 - 0x00007ffc5b6bc000 	C:\WINDOWS\System32\ucrtbase.dll
0x00007ffc52950000 - 0x00007ffc52968000 	C:\Users\DELL\.antigravity-ide\extensions\redhat.java-1.54.0-win32-x64\jre\21.0.10-win32-x86_64\bin\jli.dll
0x00007ffc52a10000 - 0x00007ffc52a2e000 	C:\Users\DELL\.antigravity-ide\extensions\redhat.java-1.54.0-win32-x64\jre\21.0.10-win32-x86_64\bin\VCRUNTIME140.dll
0x00007ffc5c540000 - 0x00007ffc5c707000 	C:\WINDOWS\System32\USER32.dll
0x00007ffc5bb80000 - 0x00007ffc5bba7000 	C:\WINDOWS\System32\win32u.dll
0x00007ffc5e070000 - 0x00007ffc5e09b000 	C:\WINDOWS\System32\GDI32.dll
0x00007ffc45ac0000 - 0x00007ffc45d52000 	C:\WINDOWS\WinSxS\amd64_microsoft.windows.common-controls_6595b64144ccf1df_6.0.26100.8521_none_3e08b75ce33403b3\COMCTL32.dll
0x00007ffc5b440000 - 0x00007ffc5b56b000 	C:\WINDOWS\System32\gdi32full.dll
0x00007ffc5cd00000 - 0x00007ffc5cda9000 	C:\WINDOWS\System32\msvcrt.dll
0x00007ffc5b390000 - 0x00007ffc5b433000 	C:\WINDOWS\System32\msvcp_win.dll
0x00007ffc5c300000 - 0x00007ffc5c332000 	C:\WINDOWS\System32\IMM32.DLL
0x00007ffc529c0000 - 0x00007ffc529cc000 	C:\Users\DELL\.antigravity-ide\extensions\redhat.java-1.54.0-win32-x64\jre\21.0.10-win32-x86_64\bin\vcruntime140_1.dll
0x00007ffc4a580000 - 0x00007ffc4a60d000 	C:\Users\DELL\.antigravity-ide\extensions\redhat.java-1.54.0-win32-x64\jre\21.0.10-win32-x86_64\bin\msvcp140.dll
0x00007ffb50580000 - 0x00007ffb51321000 	C:\Users\DELL\.antigravity-ide\extensions\redhat.java-1.54.0-win32-x64\jre\21.0.10-win32-x86_64\bin\server\jvm.dll
0x00007ffc5daa0000 - 0x00007ffc5db56000 	C:\WINDOWS\System32\ADVAPI32.dll
0x00007ffc5d790000 - 0x00007ffc5d83a000 	C:\WINDOWS\System32\sechost.dll
0x00007ffc5c7c0000 - 0x00007ffc5c8d8000 	C:\WINDOWS\System32\RPCRT4.dll
0x00007ffc5d540000 - 0x00007ffc5d5c0000 	C:\WINDOWS\System32\WS2_32.dll
0x00007ffc5b1f0000 - 0x00007ffc5b24e000 	C:\WINDOWS\SYSTEM32\POWRPROF.dll
0x00007ffc46010000 - 0x00007ffc46046000 	C:\WINDOWS\SYSTEM32\WINMM.dll
0x00007ffc49ed0000 - 0x00007ffc49edb000 	C:\WINDOWS\SYSTEM32\VERSION.dll
0x00007ffc5b1d0000 - 0x00007ffc5b1e4000 	C:\WINDOWS\SYSTEM32\UMPDC.dll
0x00007ffc5a0e0000 - 0x00007ffc5a0fb000 	C:\WINDOWS\SYSTEM32\kernel.appcore.dll
0x00007ffc52930000 - 0x00007ffc5293a000 	C:\Users\DELL\.antigravity-ide\extensions\redhat.java-1.54.0-win32-x64\jre\21.0.10-win32-x86_64\bin\jimage.dll
0x00007ffc55710000 - 0x00007ffc55952000 	C:\WINDOWS\SYSTEM32\DBGHELP.DLL
0x00007ffc5dcc0000 - 0x00007ffc5e043000 	C:\WINDOWS\System32\combase.dll
0x00007ffc5cac0000 - 0x00007ffc5cb99000 	C:\WINDOWS\System32\OLEAUT32.dll
0x00007ffc36a60000 - 0x00007ffc36a9b000 	C:\WINDOWS\SYSTEM32\dbgcore.DLL
0x00007ffc5bc40000 - 0x00007ffc5bce8000 	C:\WINDOWS\System32\bcryptPrimitives.dll
0x00007ffc52920000 - 0x00007ffc5292f000 	C:\Users\DELL\.antigravity-ide\extensions\redhat.java-1.54.0-win32-x64\jre\21.0.10-win32-x86_64\bin\instrument.dll
0x00007ffc52900000 - 0x00007ffc52920000 	C:\Users\DELL\.antigravity-ide\extensions\redhat.java-1.54.0-win32-x64\jre\21.0.10-win32-x86_64\bin\java.dll
0x00007ffc5cdb0000 - 0x00007ffc5d534000 	C:\WINDOWS\System32\SHELL32.dll
0x00007ffc58f20000 - 0x00007ffc597a0000 	C:\WINDOWS\SYSTEM32\windows.storage.dll
0x00007ffc5dbc0000 - 0x00007ffc5dcb6000 	C:\WINDOWS\System32\SHCORE.dll
0x00007ffc5c340000 - 0x00007ffc5c3a7000 	C:\WINDOWS\System32\shlwapi.dll
0x00007ffc5b2b0000 - 0x00007ffc5b2d9000 	C:\WINDOWS\SYSTEM32\profapi.dll
0x00007ffc52890000 - 0x00007ffc528a8000 	C:\Users\DELL\.antigravity-ide\extensions\redhat.java-1.54.0-win32-x64\jre\21.0.10-win32-x86_64\bin\zip.dll
0x00007ffc528f0000 - 0x00007ffc52900000 	C:\Users\DELL\.antigravity-ide\extensions\redhat.java-1.54.0-win32-x64\jre\21.0.10-win32-x86_64\bin\net.dll
0x00007ffc50f40000 - 0x00007ffc51069000 	C:\WINDOWS\SYSTEM32\WINHTTP.dll
0x00007ffc5a630000 - 0x00007ffc5a69c000 	C:\WINDOWS\system32\mswsock.dll
0x00007ffc4a840000 - 0x00007ffc4a856000 	C:\Users\DELL\.antigravity-ide\extensions\redhat.java-1.54.0-win32-x64\jre\21.0.10-win32-x86_64\bin\nio.dll
0x00007ffc52880000 - 0x00007ffc52890000 	C:\Users\DELL\.antigravity-ide\extensions\redhat.java-1.54.0-win32-x64\jre\21.0.10-win32-x86_64\bin\verify.dll
0x00007ffc49150000 - 0x00007ffc49177000 	C:\Users\DELL\.gradle\native\1def1411415f61bf3af743bc5b6707747c0891f09f0c88961ee8f79bc544acac\windows-amd64\native-platform.dll
0x00007ffc40770000 - 0x00007ffc407e8000 	C:\Users\DELL\.gradle\native\0.2.7\x86_64-windows-gnu\gradle-fileevents.dll
0x00007ffc4a570000 - 0x00007ffc4a57a000 	C:\Users\DELL\.antigravity-ide\extensions\redhat.java-1.54.0-win32-x64\jre\21.0.10-win32-x86_64\bin\management.dll
0x00007ffc4a3a0000 - 0x00007ffc4a3ac000 	C:\Users\DELL\.antigravity-ide\extensions\redhat.java-1.54.0-win32-x64\jre\21.0.10-win32-x86_64\bin\management_ext.dll
0x00007ffc5d780000 - 0x00007ffc5d788000 	C:\WINDOWS\System32\PSAPI.DLL
0x00007ffc59b80000 - 0x00007ffc59bb3000 	C:\WINDOWS\SYSTEM32\IPHLPAPI.DLL
0x00007ffc5e0a0000 - 0x00007ffc5e0aa000 	C:\WINDOWS\System32\NSI.dll
0x00007ffc4a380000 - 0x00007ffc4a389000 	C:\Users\DELL\.antigravity-ide\extensions\redhat.java-1.54.0-win32-x64\jre\21.0.10-win32-x86_64\bin\extnet.dll
0x00007ffc5aa30000 - 0x00007ffc5aa4b000 	C:\WINDOWS\SYSTEM32\CRYPTSP.dll
0x00007ffc5a040000 - 0x00007ffc5a079000 	C:\WINDOWS\system32\rsaenh.dll
0x00007ffc5a6e0000 - 0x00007ffc5a713000 	C:\WINDOWS\SYSTEM32\USERENV.dll
0x00007ffc5b280000 - 0x00007ffc5b2aa000 	C:\WINDOWS\SYSTEM32\bcrypt.dll
0x00007ffc5a890000 - 0x00007ffc5a89c000 	C:\WINDOWS\SYSTEM32\CRYPTBASE.dll
0x00007ffc4a390000 - 0x00007ffc4a39e000 	C:\Users\DELL\.antigravity-ide\extensions\redhat.java-1.54.0-win32-x64\jre\21.0.10-win32-x86_64\bin\sunmscapi.dll
0x00007ffc5bcf0000 - 0x00007ffc5be68000 	C:\WINDOWS\System32\CRYPT32.dll
0x00007ffc5ab80000 - 0x00007ffc5abb0000 	C:\WINDOWS\SYSTEM32\ncrypt.dll
0x00007ffc5ab30000 - 0x00007ffc5ab6f000 	C:\WINDOWS\SYSTEM32\NTASN1.dll
0x00007ffc0ff70000 - 0x00007ffc0ff78000 	C:\WINDOWS\system32\wshunix.dll
0x00007ffc32ce0000 - 0x00007ffc32cf8000 	C:\WINDOWS\system32\napinsp.dll
0x00007ffc59bc0000 - 0x00007ffc59d0a000 	C:\WINDOWS\SYSTEM32\DNSAPI.dll
0x00007ffc5a470000 - 0x00007ffc5a47d000 	C:\WINDOWS\SYSTEM32\DSPARSE.dll
0x00007ffc32410000 - 0x00007ffc32423000 	C:\WINDOWS\System32\winrnr.dll
0x00007ffc31c20000 - 0x00007ffc31c42000 	C:\WINDOWS\system32\nlansp_c.dll
0x00007ffc31c00000 - 0x00007ffc31c16000 	C:\WINDOWS\system32\wshbth.dll
0x00007ffc4cce0000 - 0x00007ffc4cceb000 	C:\Windows\System32\rasadhlp.dll
0x00007ffc51a10000 - 0x00007ffc51a96000 	C:\WINDOWS\System32\fwpuclnt.dll
0x00007ffc52940000 - 0x00007ffc52947000 	C:\Users\DELL\.antigravity-ide\extensions\redhat.java-1.54.0-win32-x64\jre\21.0.10-win32-x86_64\bin\rmi.dll

JVMTI agents:
C:\Users\DELL\.gradle\wrapper\dists\gradle-8.14-all\c2qonpi39x1mddn7hk5gh9iqj\gradle-8.14\lib\agents\gradle-instrumentation-agent-8.14.jar path:C:\Users\DELL\.antigravity-ide\extensions\redhat.java-1.54.0-win32-x64\jre\21.0.10-win32-x86_64\bin\instrument.dll, loaded, initialized, instrumentlib options:none

dbghelp: loaded successfully - version: 4.0.5 - missing functions: none
symbol engine: initialized successfully - sym options: 0x614 - pdb path: .;C:\Users\DELL\.antigravity-ide\extensions\redhat.java-1.54.0-win32-x64\jre\21.0.10-win32-x86_64\bin;C:\WINDOWS\SYSTEM32;C:\WINDOWS\WinSxS\amd64_microsoft.windows.common-controls_6595b64144ccf1df_6.0.26100.8521_none_3e08b75ce33403b3;C:\Users\DELL\.antigravity-ide\extensions\redhat.java-1.54.0-win32-x64\jre\21.0.10-win32-x86_64\bin\server;C:\Users\DELL\.gradle\native\1def1411415f61bf3af743bc5b6707747c0891f09f0c88961ee8f79bc544acac\windows-amd64;C:\Users\DELL\.gradle\native\0.2.7\x86_64-windows-gnu

VM Arguments:
jvm_args: --add-opens=java.base/java.lang=ALL-UNNAMED --add-opens=java.base/java.lang.invoke=ALL-UNNAMED --add-opens=java.base/java.util=ALL-UNNAMED --add-opens=java.prefs/java.util.prefs=ALL-UNNAMED --add-exports=jdk.compiler/com.sun.tools.javac.api=ALL-UNNAMED --add-exports=jdk.compiler/com.sun.tools.javac.util=ALL-UNNAMED --add-opens=java.base/java.util=ALL-UNNAMED --add-opens=java.prefs/java.util.prefs=ALL-UNNAMED --add-opens=java.base/java.nio.charset=ALL-UNNAMED --add-opens=java.base/java.net=ALL-UNNAMED --add-opens=java.base/java.util.concurrent.atomic=ALL-UNNAMED --add-opens=java.xml/javax.xml.namespace=ALL-UNNAMED -XX:MaxMetaspaceSize=1G -XX:+HeapDumpOnOutOfMemoryError -Xmx2G -Dfile.encoding=UTF-8 -Duser.country=GB -Duser.language=en -Duser.variant -javaagent:C:\Users\DELL\.gradle\wrapper\dists\gradle-8.14-all\c2qonpi39x1mddn7hk5gh9iqj\gradle-8.14\lib\agents\gradle-instrumentation-agent-8.14.jar 
java_command: org.gradle.launcher.daemon.bootstrap.GradleDaemon 8.14
java_class_path (initial): C:\Users\DELL\.gradle\wrapper\dists\gradle-8.14-all\c2qonpi39x1mddn7hk5gh9iqj\gradle-8.14\lib\gradle-daemon-main-8.14.jar
Launcher Type: SUN_STANDARD

[Global flags]
     intx CICompilerCount                          = 4                                         {product} {ergonomic}
   size_t CompressedClassSpaceSize                 = 872415232                                 {product} {ergonomic}
     uint ConcGCThreads                            = 3                                         {product} {ergonomic}
     uint G1ConcRefinementThreads                  = 10                                        {product} {ergonomic}
   size_t G1HeapRegionSize                         = 1048576                                   {product} {ergonomic}
    uintx GCDrainStackTargetSize                   = 64                                        {product} {ergonomic}
     bool HeapDumpOnOutOfMemoryError               = true                                   {manageable} {command line}
   size_t InitialHeapSize                          = 266338304                                 {product} {ergonomic}
   size_t MarkStackSize                            = 4194304                                   {product} {ergonomic}
   size_t MaxHeapSize                              = 2147483648                                {product} {command line}
   size_t MaxMetaspaceSize                         = 1073741824                                {product} {command line}
   size_t MaxNewSize                               = 1287651328                                {product} {ergonomic}
   size_t MinHeapDeltaBytes                        = 1048576                                   {product} {ergonomic}
   size_t MinHeapSize                              = 8388608                                   {product} {ergonomic}
    uintx NonNMethodCodeHeapSize                   = 5839372                                {pd product} {ergonomic}
    uintx NonProfiledCodeHeapSize                  = 122909434                              {pd product} {ergonomic}
    uintx ProfiledCodeHeapSize                     = 122909434                              {pd product} {ergonomic}
    uintx ReservedCodeCacheSize                    = 251658240                              {pd product} {ergonomic}
     bool SegmentedCodeCache                       = true                                      {product} {ergonomic}
   size_t SoftMaxHeapSize                          = 2147483648                             {manageable} {ergonomic}
     bool UseCompressedOops                        = true                           {product lp64_product} {ergonomic}
     bool UseG1GC                                  = true                                      {product} {ergonomic}
     bool UseLargePagesIndividualAllocation        = false                                  {pd product} {ergonomic}

Logging:
Log output configuration:
 #0: stdout all=warning uptime,level,tags foldmultilines=false
 #1: stderr all=off uptime,level,tags foldmultilines=false

Release file:
JAVA_VERSION="21.0.10" 
MODULES="java.base java.compiler java.datatransfer java.xml java.prefs java.desktop java.instrument java.logging java.management java.security.sasl java.naming java.rmi java.management.rmi java.net.http java.scripting java.security.jgss java.transaction.xa java.sql java.sql.rowset java.xml.crypto java.se java.smartcardio jdk.accessibility jdk.internal.jvmstat jdk.attach jdk.charsets jdk.internal.opt jdk.zipfs jdk.compiler jdk.crypto.ec jdk.crypto.cryptoki jdk.crypto.mscapi jdk.dynalink jdk.internal.ed jdk.editpad jdk.hotspot.agent jdk.httpserver jdk.internal.le jdk.internal.vm.ci jdk.internal.vm.compiler jdk.internal.vm.compiler.management jdk.jartool jdk.javadoc jdk.jcmd jdk.management jdk.management.agent jdk.jconsole jdk.jdeps jdk.jdwp.agent jdk.jdi jdk.jfr jdk.jshell jdk.jsobject jdk.jstatd jdk.localedata jdk.management.jfr jdk.naming.dns jdk.naming.rmi jdk.net jdk.nio.mapmode jdk.random jdk.sctp jdk.security.auth jdk.security.jgss jdk.unsupported jdk.unsupported.desktop jdk.xml.dom" 

Environment Variables:
PATH=C:\Program Files (x86)\VMware\VMware Workstation\bin\;C:\Program Files\Python312\Scripts\;C:\Program Files\Python312\;C:\Program Files\Microsoft MPI\Bin\;C:\WINDOWS\system32;C:\WINDOWS;C:\WINDOWS\System32\Wbem;C:\WINDOWS\System32\WindowsPowerShell\v1.0\;C:\WINDOWS\System32\OpenSSH\;C:\Program Files\Microsoft MPI\Bin;C:\ProgramData\chocolatey\bin;C:\Program Files\Git\cmd;C:\Program Files\PostgreSQL\17\bin;C:\Program Files\Docker\Docker\resources\bin;C:\Program Files\Git\bin;C:\Program Files\nodejs\;D:\jdk-25.0.1+8\bin;C:\Program Files\Kubernetes\Minikube;C:\Program Files\MongoDB\Server\8.2\bin;C:\Program Files\Amazon\AWSCLIV2\;D:\terraform;D:\flutter\bin;D:\android\cmdline-tools\latest\bin;D:\android;C:\Users\DELL\AppData\Local\Microsoft\WindowsApps;C:\Users\DELL\AppData\Local\Programs\Microsoft VS Code\bin;C:\Program Files\Microsoft MPI\Bin;C:\Program Files\nodejs;C:\Program Files\PostgreSQL\17\bin;C:\Program Files\JetBrains\IntelliJ IDEA 2024.3.5\bin;;C:\Users\DELL\AppData\Roaming\Python\Python312\Scripts;C:\NuSMV-2.7.0-win64\bin;C:\Users\DELL\AppData\Roaming\npm;D:\apache-maven-3.9.11\bin;D:\jdk-25.0.1+8\bin;C:\Program Files\mongosh\;C:\Users\DELL\AppData\Local\Programs\Antigravity\bin;D:\cursor\resources\app\bin;c:\users\dell\.local\bin;c:\users\dell\.local\bin;c:\users\dell\appdata\roaming\python\python312\scripts;c:\users\dell\appdata\roaming\python\python312\scripts;c:\users\dell\.local\bin;C:\Users\DELL\AppData\Local\Programs\Antigravity IDE\bin
USERNAME=DELL
OS=Windows_NT
PROCESSOR_IDENTIFIER=Intel64 Family 6 Model 158 Stepping 13, GenuineIntel
TMP=C:\Users\DELL\AppData\Local\Temp
TEMP=C:\Users\DELL\AppData\Local\Temp




Periodic native trim disabled

---------------  S Y S T E M  ---------------

OS:
 Windows 11 , 64 bit Build 26100 (10.0.26100.8521)
OS uptime: 0 days 13:06 hours
Hyper-V role detected

CPU: total 12 (initial active 12) (6 cores per cpu, 2 threads per core) family 6 model 158 stepping 13 microcode 0xde, cx8, cmov, fxsr, ht, mmx, 3dnowpref, sse, sse2, sse3, ssse3, sse4.1, sse4.2, popcnt, lzcnt, tsc, tscinvbit, avx, avx2, aes, erms, clmul, bmi1, bmi2, adx, fma, vzeroupper, clflush, clflushopt, hv, rdtscp, f16c
Processor Information for processor 0
  Max Mhz: 2592, Current Mhz: 1495, Mhz Limit: 2592
Processor Information for processor 1
  Max Mhz: 2592, Current Mhz: 1495, Mhz Limit: 2592
Processor Information for processor 2
  Max Mhz: 2592, Current Mhz: 1495, Mhz Limit: 2592
Processor Information for processor 3
  Max Mhz: 2592, Current Mhz: 1495, Mhz Limit: 2592
Processor Information for processor 4
  Max Mhz: 2592, Current Mhz: 2592, Mhz Limit: 2592
Processor Information for processor 5
  Max Mhz: 2592, Current Mhz: 1495, Mhz Limit: 2592
Processor Information for processor 6
  Max Mhz: 2592, Current Mhz: 1495, Mhz Limit: 2592
Processor Information for processor 7
  Max Mhz: 2592, Current Mhz: 1495, Mhz Limit: 2592
Processor Information for processor 8
  Max Mhz: 2592, Current Mhz: 2592, Mhz Limit: 2592
Processor Information for processor 9
  Max Mhz: 2592, Current Mhz: 1495, Mhz Limit: 2592
Processor Information for processor 10
  Max Mhz: 2592, Current Mhz: 1495, Mhz Limit: 2592
Processor Information for processor 11
  Max Mhz: 2592, Current Mhz: 1495, Mhz Limit: 2592

Memory: 4k page, system-wide physical 16166M (621M free)
TotalPageFile size 48665M (AvailPageFile size 4M)
current process WorkingSet (physical memory assigned to process): 1061M, peak: 1072M
current process commit charge ("private bytes"): 1099M, peak: 1110M

vm_info: OpenJDK 64-Bit Server VM (21.0.10+7-LTS) for windows-amd64 JRE (21.0.10+7-LTS), built on 2026-01-20T00:00:00Z by "admin" with MS VC++ 17.12 (VS2022)

END.
