#
# There is insufficient memory for the Java Runtime Environment to continue.
# Native memory allocation (malloc) failed to allocate 1179040 bytes. Error detail: Chunk::new
# Possible reasons:
#   The system is out of physical RAM or swap space
#   This process is running with CompressedOops enabled, and the Java Heap may be blocking the growth of the native heap
# Possible solutions:
#   Reduce memory load on the system
#   Increase physical memory or swap space
#   Check if swap backing store is full
#   Decrease Java heap size (-Xmx/-Xms)
#   Decrease number of Java threads
#   Decrease Java thread stack sizes (-Xss)
#   Set larger code cache with -XX:ReservedCodeCacheSize=
#   JVM is running with Unscaled Compressed Oops mode in which the Java heap is
#     placed in the first 4GB address space. The Java Heap base address is the
#     maximum limit for the native heap growth. Please use -XX:HeapBaseMinAddress
#     to set the Java Heap base and to place the Java Heap above 4GB virtual address.
# This output file may be truncated or incomplete.
#
#  Out of Memory Error (arena.cpp:168), pid=29852, tid=14232
#
# JRE version: OpenJDK Runtime Environment Temurin-21.0.10+7 (21.0.10+7) (build 21.0.10+7-LTS)
# Java VM: OpenJDK 64-Bit Server VM Temurin-21.0.10+7 (21.0.10+7-LTS, mixed mode, sharing, tiered, compressed oops, compressed class ptrs, g1 gc, windows-amd64)
# No core dump will be written. Minidumps are not enabled by default on client versions of Windows
#

---------------  S U M M A R Y ------------

Command Line: --add-opens=java.base/java.lang=ALL-UNNAMED --add-opens=java.base/java.lang.invoke=ALL-UNNAMED --add-opens=java.base/java.util=ALL-UNNAMED --add-opens=java.prefs/java.util.prefs=ALL-UNNAMED --add-exports=jdk.compiler/com.sun.tools.javac.api=ALL-UNNAMED --add-exports=jdk.compiler/com.sun.tools.javac.util=ALL-UNNAMED --add-opens=java.base/java.util=ALL-UNNAMED --add-opens=java.prefs/java.util.prefs=ALL-UNNAMED --add-opens=java.base/java.nio.charset=ALL-UNNAMED --add-opens=java.base/java.net=ALL-UNNAMED --add-opens=java.base/java.util.concurrent.atomic=ALL-UNNAMED --add-opens=java.xml/javax.xml.namespace=ALL-UNNAMED -XX:MaxMetaspaceSize=1G -XX:+HeapDumpOnOutOfMemoryError -Xmx2G -Dfile.encoding=UTF-8 -Duser.country=GB -Duser.language=en -Duser.variant -javaagent:C:\Users\DELL\.gradle\wrapper\dists\gradle-8.14-all\c2qonpi39x1mddn7hk5gh9iqj\gradle-8.14\lib\agents\gradle-instrumentation-agent-8.14.jar org.gradle.launcher.daemon.bootstrap.GradleDaemon 8.14

Host: Intel(R) Core(TM) i7-9850H CPU @ 2.60GHz, 12 cores, 15G,  Windows 11 , 64 bit Build 26100 (10.0.26100.8521)
Time: Wed Jun  3 23:59:02 2026 W. Central Africa Standard Time elapsed time: 83.717590 seconds (0d 0h 1m 23s)

---------------  T H R E A D  ---------------

Current thread (0x00000216b18423d0):  JavaThread "C2 CompilerThread0" daemon [_thread_in_native, id=14232, stack(0x000000a0e8800000,0x000000a0e8900000) (1024K)]


Current CompileTask:
C2:83717 23123       4       org.jetbrains.org.objectweb.asm.ClassReader::readModuleAttributes (551 bytes)

Stack: [0x000000a0e8800000,0x000000a0e8900000]
Native frames: (J=compiled Java code, j=interpreted, Vv=VM code, C=native code)
V  [jvm.dll+0x6d7a39]
V  [jvm.dll+0x8b4b26]
V  [jvm.dll+0x8b70de]
V  [jvm.dll+0x8b77c3]
V  [jvm.dll+0x284346]
V  [jvm.dll+0xc66ed]
V  [jvm.dll+0xc6c31]
V  [jvm.dll+0x3bec3b]
V  [jvm.dll+0x38b162]
V  [jvm.dll+0x38a5aa]
V  [jvm.dll+0x24c560]
V  [jvm.dll+0x24bb40]
V  [jvm.dll+0x1cb34e]
V  [jvm.dll+0x25b85d]
V  [jvm.dll+0x259dea]
V  [jvm.dll+0x3f857e]
V  [jvm.dll+0x85f59d]
V  [jvm.dll+0x6d626d]
C  [ucrtbase.dll+0x2cd30]
C  [KERNEL32.DLL+0x2e957]
C  [ntdll.dll+0x87c1c]


---------------  P R O C E S S  ---------------

Threads class SMR info:
_java_thread_list=0x00000216fb053190, length=173, elements={
0x0000021699c90ee0, 0x00000216b1828320, 0x00000216b1828f30, 0x00000216b183bcd0,
0x00000216b183e740, 0x00000216b183fec0, 0x00000216b1840920, 0x00000216b18423d0,
0x00000216b184eee0, 0x00000216b1a92000, 0x00000216b1aaa0d0, 0x00000216ec9a2be0,
0x00000216eca0eb80, 0x00000216ecc7d9b0, 0x00000216eca3e850, 0x00000216eca3eee0,
0x00000216eca3f570, 0x00000216eca40920, 0x00000216eca40fb0, 0x00000216eca3fc00,
0x00000216eca3e1c0, 0x00000216eca40290, 0x00000216eca41640, 0x00000216ecea4860,
0x00000216ecea13e0, 0x00000216ecea4ef0, 0x00000216ecea2790, 0x00000216ecea2e20,
0x00000216ecea1a70, 0x00000216ecea7650, 0x00000216ecea62a0, 0x00000216ecea5580,
0x00000216ecea6fc0, 0x00000216ecea8a00, 0x00000216ede310c0, 0x00000216ede32b00,
0x00000216ede30a30, 0x00000216ede34bd0, 0x00000216ede35260, 0x00000216ede33190,
0x00000216ede32470, 0x00000216ede33820, 0x00000216ede33eb0, 0x00000216ede34540,
0x00000216ede31de0, 0x00000216ede358f0, 0x00000216ef424780, 0x00000216ef427570,
0x00000216ef4240f0, 0x00000216ef425b30, 0x00000216ef4261c0, 0x00000216ef427c00,
0x00000216ef426850, 0x00000216ef426ee0, 0x00000216ef424e10, 0x00000216ef428290,
0x00000216ef428920, 0x00000216ef4254a0, 0x00000216ef42b710, 0x00000216ef428fb0,
0x00000216ef429640, 0x00000216ef429cd0, 0x00000216ef42a360, 0x00000216ef42a9f0,
0x00000216ef42b080, 0x00000216f01731f0, 0x00000216f0175950, 0x00000216f0173f10,
0x00000216f01752c0, 0x00000216ebbe70f0, 0x00000216ebbe84a0, 0x00000216ed1e7450,
0x00000216ed1e8e90, 0x00000216ed1e9520, 0x00000216ed1e60a0, 0x00000216ed1e9bb0,
0x00000216ed1ea8d0, 0x00000216ed1eaf60, 0x00000216ed1ec310, 0x00000216ed1ea240,
0x00000216ed1ec9a0, 0x00000216ee3ea330, 0x00000216ee3ea9c0, 0x00000216ee3eb6e0,
0x00000216eccc6110, 0x00000216ee3eb050, 0x00000216f2182130, 0x00000216f2183b70,
0x00000216f2184200, 0x00000216f2181410, 0x00000216f2184890, 0x00000216f21834e0,
0x00000216f2184f20, 0x00000216f2181aa0, 0x00000216f21827c0, 0x00000216f21855b0,
0x00000216f2185c40, 0x00000216f21862d0, 0x00000216f2182e50, 0x00000216f2188a30,
0x00000216f2186ff0, 0x00000216f2186960, 0x00000216f2187680, 0x00000216f2187d10,
0x00000216f21883a0, 0x00000216f2520c40, 0x00000216f25205b0, 0x00000216f25212d0,
0x00000216f251eb70, 0x00000216f2521960, 0x00000216f251f200, 0x00000216f2522d10,
0x00000216f251ff20, 0x00000216f2521ff0, 0x00000216f2522680, 0x00000216f251f890,
0x00000216f2525470, 0x00000216f2525b00, 0x00000216f2524750, 0x00000216f2523a30,
0x00000216f2528260, 0x00000216f2526190, 0x00000216f2528f80, 0x00000216f2529ca0,
0x00000216f2527540, 0x00000216f2526820, 0x00000216f252d7b0, 0x00000216f252b050,
0x00000216f252de40, 0x00000216f252bd70, 0x00000216f252b6e0, 0x00000216f252a9c0,
0x00000216f252d120, 0x00000216f252c400, 0x00000216f252ca90, 0x00000216f26097c0,
0x00000216f260ab70, 0x00000216f260b890, 0x00000216f260bf20, 0x00000216f260b200,
0x00000216f260c5b0, 0x00000216f260cc40, 0x00000216f260a4e0, 0x00000216f260d2d0,
0x00000216f2609e50, 0x00000216f260ed10, 0x00000216f260e680, 0x00000216f260fa30,
0x00000216f260f3a0, 0x00000216f2610de0, 0x00000216ed1e8170, 0x00000216ebbe7e10,
0x00000216ee3e6eb0, 0x00000216fb4b17f0, 0x00000216fb4b1160, 0x00000216fb4b0440,
0x00000216fb4b2ba0, 0x00000216fb4b2510, 0x00000216fb4b0ad0, 0x00000216fb4b1e80,
0x00000216fb4afdb0, 0x00000216fb4b6020, 0x00000216fb4b45e0, 0x00000216fb4b4c70,
0x00000216fb4b5300, 0x00000216fb4b66b0, 0x00000216fb4b5990, 0x00000216fb4b3230,
0x00000216fb4b73d0, 0x00000216fb4b3f50, 0x00000216fb4b9b30, 0x00000216f17c1190,
0x00000216f17c5c80
}

Java Threads: ( => current thread )
  0x0000021699c90ee0 JavaThread "main"                              [_thread_blocked, id=3076, stack(0x000000a0e7a00000,0x000000a0e7b00000) (1024K)]
  0x00000216b1828320 JavaThread "Reference Handler"          daemon [_thread_blocked, id=28840, stack(0x000000a0e8200000,0x000000a0e8300000) (1024K)]
  0x00000216b1828f30 JavaThread "Finalizer"                  daemon [_thread_blocked, id=28376, stack(0x000000a0e8300000,0x000000a0e8400000) (1024K)]
  0x00000216b183bcd0 JavaThread "Signal Dispatcher"          daemon [_thread_blocked, id=19516, stack(0x000000a0e8400000,0x000000a0e8500000) (1024K)]
  0x00000216b183e740 JavaThread "Attach Listener"            daemon [_thread_blocked, id=29916, stack(0x000000a0e8500000,0x000000a0e8600000) (1024K)]
  0x00000216b183fec0 JavaThread "Service Thread"             daemon [_thread_blocked, id=32996, stack(0x000000a0e8600000,0x000000a0e8700000) (1024K)]
  0x00000216b1840920 JavaThread "Monitor Deflation Thread"   daemon [_thread_blocked, id=28572, stack(0x000000a0e8700000,0x000000a0e8800000) (1024K)]
=>0x00000216b18423d0 JavaThread "C2 CompilerThread0"         daemon [_thread_in_native, id=14232, stack(0x000000a0e8800000,0x000000a0e8900000) (1024K)]
  0x00000216b184eee0 JavaThread "C1 CompilerThread0"         daemon [_thread_blocked, id=27592, stack(0x000000a0e8900000,0x000000a0e8a00000) (1024K)]
  0x00000216b1a92000 JavaThread "Common-Cleaner"             daemon [_thread_blocked, id=30748, stack(0x000000a0e8a00000,0x000000a0e8b00000) (1024K)]
  0x00000216b1aaa0d0 JavaThread "Notification Thread"        daemon [_thread_blocked, id=30064, stack(0x000000a0e8b00000,0x000000a0e8c00000) (1024K)]
  0x00000216ec9a2be0 JavaThread "Daemon health stats"               [_thread_blocked, id=24028, stack(0x000000a0e9200000,0x000000a0e9300000) (1024K)]
  0x00000216eca0eb80 JavaThread "Incoming local TCP Connector on port 59343"        [_thread_in_native, id=26848, stack(0x000000a0e9400000,0x000000a0e9500000) (1024K)]
  0x00000216ecc7d9b0 JavaThread "Daemon periodic checks"            [_thread_blocked, id=2608, stack(0x000000a0e9500000,0x000000a0e9600000) (1024K)]
  0x00000216eca3e850 JavaThread "Daemon"                            [_thread_blocked, id=24692, stack(0x000000a0e9600000,0x000000a0e9700000) (1024K)]
  0x00000216eca3eee0 JavaThread "Handler for socket connection from /127.0.0.1:59343 to /127.0.0.1:59344"        [_thread_in_native, id=15308, stack(0x000000a0e9700000,0x000000a0e9800000) (1024K)]
  0x00000216eca3f570 JavaThread "Cancel handler"                    [_thread_blocked, id=16764, stack(0x000000a0e9800000,0x000000a0e9900000) (1024K)]
  0x00000216eca40920 JavaThread "Daemon worker"                     [_thread_in_native, id=6168, stack(0x000000a0e9900000,0x000000a0e9a00000) (1024K)]
  0x00000216eca40fb0 JavaThread "Asynchronous log dispatcher for DefaultDaemonConnection: socket connection from /127.0.0.1:59343 to /127.0.0.1:59344"        [_thread_blocked, id=8960, stack(0x000000a0e9a00000,0x000000a0e9b00000) (1024K)]
  0x00000216eca3fc00 JavaThread "Stdin handler"                     [_thread_blocked, id=29616, stack(0x000000a0e9b00000,0x000000a0e9c00000) (1024K)]
  0x00000216eca3e1c0 JavaThread "Daemon client event forwarder"        [_thread_blocked, id=29212, stack(0x000000a0e9c00000,0x000000a0e9d00000) (1024K)]
  0x00000216eca40290 JavaThread "Cache worker for journal cache (C:\Users\DELL\.gradle\caches\journal-1)"        [_thread_blocked, id=4008, stack(0x000000a0e9d00000,0x000000a0e9e00000) (1024K)]
  0x00000216eca41640 JavaThread "File lock request listener"        [_thread_in_native, id=25440, stack(0x000000a0e9e00000,0x000000a0e9f00000) (1024K)]
  0x00000216ecea4860 JavaThread "Cache worker for file hash cache (C:\Users\DELL\.gradle\caches\8.14\fileHashes)"        [_thread_blocked, id=26584, stack(0x000000a0e9f00000,0x000000a0ea000000) (1024K)]
  0x00000216ecea13e0 JavaThread "Cache worker for file hash cache (D:\Vibe Coding\TwinPacemaker\mobile_app\android\.gradle\8.14\fileHashes)"        [_thread_blocked, id=31136, stack(0x000000a0ea000000,0x000000a0ea100000) (1024K)]
  0x00000216ecea4ef0 JavaThread "Cache worker for Build Output Cleanup Cache (D:\Vibe Coding\TwinPacemaker\mobile_app\android\.gradle\buildOutputCleanup)"        [_thread_blocked, id=26300, stack(0x000000a0ea600000,0x000000a0ea700000) (1024K)]
  0x00000216ecea2790 JavaThread "File watcher server"        daemon [_thread_in_native, id=15072, stack(0x000000a0ea700000,0x000000a0ea800000) (1024K)]
  0x00000216ecea2e20 JavaThread "File watcher consumer"      daemon [_thread_blocked, id=21288, stack(0x000000a0ea800000,0x000000a0ea900000) (1024K)]
  0x00000216ecea1a70 JavaThread "jar transforms"                    [_thread_blocked, id=30380, stack(0x000000a0eaa00000,0x000000a0eab00000) (1024K)]
  0x00000216ecea7650 JavaThread "jar transforms Thread 2"           [_thread_blocked, id=20276, stack(0x000000a0eab00000,0x000000a0eac00000) (1024K)]
  0x00000216ecea62a0 JavaThread "Cache worker for checksums cache (D:\Vibe Coding\TwinPacemaker\mobile_app\android\.gradle\8.14\checksums)"        [_thread_blocked, id=23600, stack(0x000000a0eac00000,0x000000a0ead00000) (1024K)]
  0x00000216ecea5580 JavaThread "Cache worker for file content cache (C:\Users\DELL\.gradle\caches\8.14\fileContent)"        [_thread_blocked, id=31592, stack(0x000000a0ead00000,0x000000a0eae00000) (1024K)]
  0x00000216ecea6fc0 JavaThread "Cache worker for cache directory md-supplier (C:\Users\DELL\.gradle\caches\8.14\md-supplier)"        [_thread_blocked, id=24448, stack(0x000000a0e9300000,0x000000a0e9400000) (1024K)]
  0x00000216ecea8a00 JavaThread "Cache worker for cache directory md-rule (C:\Users\DELL\.gradle\caches\8.14\md-rule)"        [_thread_blocked, id=4020, stack(0x000000a0ea900000,0x000000a0eaa00000) (1024K)]
  0x00000216ede310c0 JavaThread "Cache worker for Build Output Cleanup Cache (D:\flutter\packages\flutter_tools\gradle\.gradle\buildOutputCleanup)"        [_thread_blocked, id=25688, stack(0x000000a0eaf00000,0x000000a0eb000000) (1024K)]
  0x00000216ede32b00 JavaThread "Unconstrained build operations"        [_thread_blocked, id=15596, stack(0x000000a0eb100000,0x000000a0eb200000) (1024K)]
  0x00000216ede30a30 JavaThread "Unconstrained build operations Thread 2"        [_thread_blocked, id=23776, stack(0x000000a0eb200000,0x000000a0eb300000) (1024K)]
  0x00000216ede34bd0 JavaThread "Unconstrained build operations Thread 3"        [_thread_blocked, id=32628, stack(0x000000a0eb300000,0x000000a0eb400000) (1024K)]
  0x00000216ede35260 JavaThread "Unconstrained build operations Thread 4"        [_thread_blocked, id=12576, stack(0x000000a0eb400000,0x000000a0eb500000) (1024K)]
  0x00000216ede33190 JavaThread "Unconstrained build operations Thread 5"        [_thread_blocked, id=21984, stack(0x000000a0eb500000,0x000000a0eb600000) (1024K)]
  0x00000216ede32470 JavaThread "Unconstrained build operations Thread 6"        [_thread_blocked, id=25760, stack(0x000000a0eb600000,0x000000a0eb700000) (1024K)]
  0x00000216ede33820 JavaThread "Unconstrained build operations Thread 7"        [_thread_blocked, id=31460, stack(0x000000a0eb700000,0x000000a0eb800000) (1024K)]
  0x00000216ede33eb0 JavaThread "Unconstrained build operations Thread 8"        [_thread_blocked, id=29060, stack(0x000000a0eb800000,0x000000a0eb900000) (1024K)]
  0x00000216ede34540 JavaThread "Unconstrained build operations Thread 9"        [_thread_blocked, id=25420, stack(0x000000a0eb900000,0x000000a0eba00000) (1024K)]
  0x00000216ede31de0 JavaThread "Unconstrained build operations Thread 10"        [_thread_blocked, id=21588, stack(0x000000a0eba00000,0x000000a0ebb00000) (1024K)]
  0x00000216ede358f0 JavaThread "Unconstrained build operations Thread 11"        [_thread_blocked, id=20280, stack(0x000000a0ebb00000,0x000000a0ebc00000) (1024K)]
  0x00000216ef424780 JavaThread "Unconstrained build operations Thread 12"        [_thread_blocked, id=2024, stack(0x000000a0ebc00000,0x000000a0ebd00000) (1024K)]
  0x00000216ef427570 JavaThread "Unconstrained build operations Thread 13"        [_thread_blocked, id=28100, stack(0x000000a0ebd00000,0x000000a0ebe00000) (1024K)]
  0x00000216ef4240f0 JavaThread "Unconstrained build operations Thread 14"        [_thread_blocked, id=6052, stack(0x000000a0ebe00000,0x000000a0ebf00000) (1024K)]
  0x00000216ef425b30 JavaThread "Unconstrained build operations Thread 15"        [_thread_blocked, id=14412, stack(0x000000a0ebf00000,0x000000a0ec000000) (1024K)]
  0x00000216ef4261c0 JavaThread "Unconstrained build operations Thread 16"        [_thread_blocked, id=27076, stack(0x000000a0ec000000,0x000000a0ec100000) (1024K)]
  0x00000216ef427c00 JavaThread "Unconstrained build operations Thread 17"        [_thread_blocked, id=1424, stack(0x000000a0ec100000,0x000000a0ec200000) (1024K)]
  0x00000216ef426850 JavaThread "Unconstrained build operations Thread 18"        [_thread_blocked, id=32656, stack(0x000000a0ec200000,0x000000a0ec300000) (1024K)]
  0x00000216ef426ee0 JavaThread "Unconstrained build operations Thread 19"        [_thread_blocked, id=3912, stack(0x000000a0ec300000,0x000000a0ec400000) (1024K)]
  0x00000216ef424e10 JavaThread "Unconstrained build operations Thread 20"        [_thread_blocked, id=27652, stack(0x000000a0ec400000,0x000000a0ec500000) (1024K)]
  0x00000216ef428290 JavaThread "Unconstrained build operations Thread 21"        [_thread_blocked, id=31972, stack(0x000000a0ec500000,0x000000a0ec600000) (1024K)]
  0x00000216ef428920 JavaThread "Unconstrained build operations Thread 22"        [_thread_blocked, id=12088, stack(0x000000a0ec600000,0x000000a0ec700000) (1024K)]
  0x00000216ef4254a0 JavaThread "Unconstrained build operations Thread 23"        [_thread_blocked, id=9336, stack(0x000000a0ec700000,0x000000a0ec800000) (1024K)]
  0x00000216ef42b710 JavaThread "Unconstrained build operations Thread 24"        [_thread_blocked, id=2752, stack(0x000000a0ec800000,0x000000a0ec900000) (1024K)]
  0x00000216ef428fb0 JavaThread "Unconstrained build operations Thread 25"        [_thread_blocked, id=29752, stack(0x000000a0ec900000,0x000000a0eca00000) (1024K)]
  0x00000216ef429640 JavaThread "Unconstrained build operations Thread 26"        [_thread_blocked, id=27868, stack(0x000000a0eca00000,0x000000a0ecb00000) (1024K)]
  0x00000216ef429cd0 JavaThread "Unconstrained build operations Thread 27"        [_thread_blocked, id=22992, stack(0x000000a0ecb00000,0x000000a0ecc00000) (1024K)]
  0x00000216ef42a360 JavaThread "Unconstrained build operations Thread 28"        [_thread_blocked, id=5844, stack(0x000000a0ecc00000,0x000000a0ecd00000) (1024K)]
  0x00000216ef42a9f0 JavaThread "Unconstrained build operations Thread 29"        [_thread_blocked, id=24320, stack(0x000000a0ecd00000,0x000000a0ece00000) (1024K)]
  0x00000216ef42b080 JavaThread "Unconstrained build operations Thread 30"        [_thread_blocked, id=26360, stack(0x000000a0ece00000,0x000000a0ecf00000) (1024K)]
  0x00000216f01731f0 JavaThread "Unconstrained build operations Thread 31"        [_thread_blocked, id=23728, stack(0x000000a0ecf00000,0x000000a0ed000000) (1024K)]
  0x00000216f0175950 JavaThread "Unconstrained build operations Thread 32"        [_thread_blocked, id=32388, stack(0x000000a0ed000000,0x000000a0ed100000) (1024K)]
  0x00000216f0173f10 JavaThread "Unconstrained build operations Thread 33"        [_thread_blocked, id=6848, stack(0x000000a0ed100000,0x000000a0ed200000) (1024K)]
  0x00000216f01752c0 JavaThread "Memory manager"                    [_thread_blocked, id=12856, stack(0x000000a0ed200000,0x000000a0ed300000) (1024K)]
  0x00000216ebbe70f0 JavaThread "build event listener"              [_thread_blocked, id=31144, stack(0x000000a0ed300000,0x000000a0ed400000) (1024K)]
  0x00000216ebbe84a0 JavaThread "Kotlin DSL Writer"                 [_thread_blocked, id=21344, stack(0x000000a0eae00000,0x000000a0eaf00000) (1024K)]
  0x00000216ed1e7450 JavaThread "included builds"                   [_thread_blocked, id=27972, stack(0x000000a0ed500000,0x000000a0ed600000) (1024K)]
  0x00000216ed1e8e90 JavaThread "Execution worker"                  [_thread_blocked, id=20928, stack(0x000000a0ed600000,0x000000a0ed700000) (1024K)]
  0x00000216ed1e9520 JavaThread "Execution worker Thread 2"         [_thread_blocked, id=7596, stack(0x000000a0ed700000,0x000000a0ed800000) (1024K)]
  0x00000216ed1e60a0 JavaThread "Execution worker Thread 3"         [_thread_blocked, id=30568, stack(0x000000a0ed800000,0x000000a0ed900000) (1024K)]
  0x00000216ed1e9bb0 JavaThread "Execution worker Thread 4"         [_thread_blocked, id=24388, stack(0x000000a0ed900000,0x000000a0eda00000) (1024K)]
  0x00000216ed1ea8d0 JavaThread "Execution worker Thread 5"         [_thread_blocked, id=28436, stack(0x000000a0eda00000,0x000000a0edb00000) (1024K)]
  0x00000216ed1eaf60 JavaThread "Execution worker Thread 6"         [_thread_blocked, id=23952, stack(0x000000a0edb00000,0x000000a0edc00000) (1024K)]
  0x00000216ed1ec310 JavaThread "Execution worker Thread 7"         [_thread_blocked, id=33084, stack(0x000000a0edc00000,0x000000a0edd00000) (1024K)]
  0x00000216ed1ea240 JavaThread "Execution worker Thread 8"         [_thread_blocked, id=7536, stack(0x000000a0edd00000,0x000000a0ede00000) (1024K)]
  0x00000216ed1ec9a0 JavaThread "Execution worker Thread 9"         [_thread_blocked, id=5616, stack(0x000000a0ede00000,0x000000a0edf00000) (1024K)]
  0x00000216ee3ea330 JavaThread "Execution worker Thread 10"        [_thread_blocked, id=26504, stack(0x000000a0edf00000,0x000000a0ee000000) (1024K)]
  0x00000216ee3ea9c0 JavaThread "Execution worker Thread 11"        [_thread_blocked, id=23964, stack(0x000000a0ee000000,0x000000a0ee100000) (1024K)]
  0x00000216ee3eb6e0 JavaThread "Cache worker for execution history cache (D:\flutter\packages\flutter_tools\gradle\.gradle\8.14\executionHistory)"        [_thread_blocked, id=29828, stack(0x000000a0ee100000,0x000000a0ee200000) (1024K)]
  0x00000216eccc6110 JavaThread "Unconstrained build operations Thread 34"        [_thread_blocked, id=29680, stack(0x000000a0ee200000,0x000000a0ee300000) (1024K)]
  0x00000216ee3eb050 JavaThread "Unconstrained build operations Thread 35"        [_thread_blocked, id=9012, stack(0x000000a0ee300000,0x000000a0ee400000) (1024K)]
  0x00000216f2182130 JavaThread "Unconstrained build operations Thread 36"        [_thread_blocked, id=31796, stack(0x000000a0ee400000,0x000000a0ee500000) (1024K)]
  0x00000216f2183b70 JavaThread "Unconstrained build operations Thread 37"        [_thread_blocked, id=16528, stack(0x000000a0ee500000,0x000000a0ee600000) (1024K)]
  0x00000216f2184200 JavaThread "Unconstrained build operations Thread 38"        [_thread_blocked, id=4424, stack(0x000000a0ee600000,0x000000a0ee700000) (1024K)]
  0x00000216f2181410 JavaThread "Unconstrained build operations Thread 39"        [_thread_blocked, id=3908, stack(0x000000a0ee700000,0x000000a0ee800000) (1024K)]
  0x00000216f2184890 JavaThread "Unconstrained build operations Thread 40"        [_thread_blocked, id=25040, stack(0x000000a0ee800000,0x000000a0ee900000) (1024K)]
  0x00000216f21834e0 JavaThread "Unconstrained build operations Thread 41"        [_thread_blocked, id=26776, stack(0x000000a0ee900000,0x000000a0eea00000) (1024K)]
  0x00000216f2184f20 JavaThread "Unconstrained build operations Thread 42"        [_thread_blocked, id=9264, stack(0x000000a0eea00000,0x000000a0eeb00000) (1024K)]
  0x00000216f2181aa0 JavaThread "Unconstrained build operations Thread 43"        [_thread_blocked, id=25460, stack(0x000000a0eeb00000,0x000000a0eec00000) (1024K)]
  0x00000216f21827c0 JavaThread "Unconstrained build operations Thread 44"        [_thread_blocked, id=31200, stack(0x000000a0eec00000,0x000000a0eed00000) (1024K)]
  0x00000216f21855b0 JavaThread "Unconstrained build operations Thread 45"        [_thread_blocked, id=20216, stack(0x000000a0eed00000,0x000000a0eee00000) (1024K)]
  0x00000216f2185c40 JavaThread "Unconstrained build operations Thread 46"        [_thread_blocked, id=26004, stack(0x000000a0eee00000,0x000000a0eef00000) (1024K)]
  0x00000216f21862d0 JavaThread "Unconstrained build operations Thread 47"        [_thread_blocked, id=32488, stack(0x000000a0eef00000,0x000000a0ef000000) (1024K)]
  0x00000216f2182e50 JavaThread "Unconstrained build operations Thread 48"        [_thread_blocked, id=22484, stack(0x000000a0ef000000,0x000000a0ef100000) (1024K)]
  0x00000216f2188a30 JavaThread "Unconstrained build operations Thread 49"        [_thread_blocked, id=21220, stack(0x000000a0ef100000,0x000000a0ef200000) (1024K)]
  0x00000216f2186ff0 JavaThread "Unconstrained build operations Thread 50"        [_thread_blocked, id=32296, stack(0x000000a0ef200000,0x000000a0ef300000) (1024K)]
  0x00000216f2186960 JavaThread "Unconstrained build operations Thread 51"        [_thread_blocked, id=27936, stack(0x000000a0ef300000,0x000000a0ef400000) (1024K)]
  0x00000216f2187680 JavaThread "Unconstrained build operations Thread 52"        [_thread_blocked, id=29300, stack(0x000000a0ef400000,0x000000a0ef500000) (1024K)]
  0x00000216f2187d10 JavaThread "Unconstrained build operations Thread 53"        [_thread_blocked, id=2768, stack(0x000000a0ef500000,0x000000a0ef600000) (1024K)]
  0x00000216f21883a0 JavaThread "Unconstrained build operations Thread 54"        [_thread_blocked, id=24136, stack(0x000000a0ef600000,0x000000a0ef700000) (1024K)]
  0x00000216f2520c40 JavaThread "Unconstrained build operations Thread 55"        [_thread_blocked, id=18036, stack(0x000000a0ef700000,0x000000a0ef800000) (1024K)]
  0x00000216f25205b0 JavaThread "Unconstrained build operations Thread 56"        [_thread_blocked, id=29756, stack(0x000000a0ef800000,0x000000a0ef900000) (1024K)]
  0x00000216f25212d0 JavaThread "Unconstrained build operations Thread 57"        [_thread_blocked, id=20356, stack(0x000000a0ef900000,0x000000a0efa00000) (1024K)]
  0x00000216f251eb70 JavaThread "Unconstrained build operations Thread 58"        [_thread_blocked, id=18328, stack(0x000000a0efa00000,0x000000a0efb00000) (1024K)]
  0x00000216f2521960 JavaThread "Unconstrained build operations Thread 59"        [_thread_blocked, id=27408, stack(0x000000a0efb00000,0x000000a0efc00000) (1024K)]
  0x00000216f251f200 JavaThread "Unconstrained build operations Thread 60"        [_thread_blocked, id=27832, stack(0x000000a0efc00000,0x000000a0efd00000) (1024K)]
  0x00000216f2522d10 JavaThread "Unconstrained build operations Thread 61"        [_thread_blocked, id=29764, stack(0x000000a0efd00000,0x000000a0efe00000) (1024K)]
  0x00000216f251ff20 JavaThread "Unconstrained build operations Thread 62"        [_thread_blocked, id=32440, stack(0x000000a0efe00000,0x000000a0eff00000) (1024K)]
  0x00000216f2521ff0 JavaThread "Unconstrained build operations Thread 63"        [_thread_blocked, id=29432, stack(0x000000a0eff00000,0x000000a0f0000000) (1024K)]
  0x00000216f2522680 JavaThread "Unconstrained build operations Thread 64"        [_thread_blocked, id=31544, stack(0x000000a0f0000000,0x000000a0f0100000) (1024K)]
  0x00000216f251f890 JavaThread "Unconstrained build operations Thread 65"        [_thread_blocked, id=33552, stack(0x000000a0f0100000,0x000000a0f0200000) (1024K)]
  0x00000216f2525470 JavaThread "Unconstrained build operations Thread 66"        [_thread_blocked, id=23256, stack(0x000000a0f0200000,0x000000a0f0300000) (1024K)]
  0x00000216f2525b00 JavaThread "Unconstrained build operations Thread 67"        [_thread_blocked, id=24496, stack(0x000000a0f0300000,0x000000a0f0400000) (1024K)]
  0x00000216f2524750 JavaThread "Unconstrained build operations Thread 68"        [_thread_blocked, id=2132, stack(0x000000a0f0400000,0x000000a0f0500000) (1024K)]
  0x00000216f2523a30 JavaThread "Unconstrained build operations Thread 69"        [_thread_blocked, id=21112, stack(0x000000a0e7700000,0x000000a0e7800000) (1024K)]
  0x00000216f2528260 JavaThread "Unconstrained build operations Thread 70"        [_thread_blocked, id=21440, stack(0x000000a0ed400000,0x000000a0ed500000) (1024K)]
  0x00000216f2526190 JavaThread "Unconstrained build operations Thread 71"        [_thread_blocked, id=25732, stack(0x000000a0f0700000,0x000000a0f0800000) (1024K)]
  0x00000216f2528f80 JavaThread "Unconstrained build operations Thread 72"        [_thread_blocked, id=24504, stack(0x000000a0f0800000,0x000000a0f0900000) (1024K)]
  0x00000216f2529ca0 JavaThread "Unconstrained build operations Thread 73"        [_thread_blocked, id=28192, stack(0x000000a0f0900000,0x000000a0f0a00000) (1024K)]
  0x00000216f2527540 JavaThread "Unconstrained build operations Thread 74"        [_thread_blocked, id=24368, stack(0x000000a0f0a00000,0x000000a0f0b00000) (1024K)]
  0x00000216f2526820 JavaThread "Unconstrained build operations Thread 75"        [_thread_blocked, id=1560, stack(0x000000a0f0b00000,0x000000a0f0c00000) (1024K)]
  0x00000216f252d7b0 JavaThread "Unconstrained build operations Thread 76"        [_thread_blocked, id=26120, stack(0x000000a0f0c00000,0x000000a0f0d00000) (1024K)]
  0x00000216f252b050 JavaThread "Unconstrained build operations Thread 77"        [_thread_blocked, id=18080, stack(0x000000a0f0d00000,0x000000a0f0e00000) (1024K)]
  0x00000216f252de40 JavaThread "Unconstrained build operations Thread 78"        [_thread_blocked, id=32692, stack(0x000000a0f0e00000,0x000000a0f0f00000) (1024K)]
  0x00000216f252bd70 JavaThread "Unconstrained build operations Thread 79"        [_thread_blocked, id=33264, stack(0x000000a0f0f00000,0x000000a0f1000000) (1024K)]
  0x00000216f252b6e0 JavaThread "Unconstrained build operations Thread 80"        [_thread_blocked, id=20476, stack(0x000000a0f1100000,0x000000a0f1200000) (1024K)]
  0x00000216f252a9c0 JavaThread "Unconstrained build operations Thread 81"        [_thread_blocked, id=31940, stack(0x000000a0f1200000,0x000000a0f1300000) (1024K)]
  0x00000216f252d120 JavaThread "Unconstrained build operations Thread 82"        [_thread_blocked, id=7404, stack(0x000000a0f0600000,0x000000a0f0700000) (1024K)]
  0x00000216f252c400 JavaThread "Unconstrained build operations Thread 83"        [_thread_blocked, id=25904, stack(0x000000a0f1000000,0x000000a0f1100000) (1024K)]
  0x00000216f252ca90 JavaThread "Unconstrained build operations Thread 84"        [_thread_blocked, id=9176, stack(0x000000a0f1300000,0x000000a0f1400000) (1024K)]
  0x00000216f26097c0 JavaThread "Unconstrained build operations Thread 85"        [_thread_blocked, id=9760, stack(0x000000a0f1400000,0x000000a0f1500000) (1024K)]
  0x00000216f260ab70 JavaThread "Unconstrained build operations Thread 86"        [_thread_blocked, id=29732, stack(0x000000a0f1600000,0x000000a0f1700000) (1024K)]
  0x00000216f260b890 JavaThread "Unconstrained build operations Thread 87"        [_thread_blocked, id=32120, stack(0x000000a0f1700000,0x000000a0f1800000) (1024K)]
  0x00000216f260bf20 JavaThread "Unconstrained build operations Thread 88"        [_thread_blocked, id=32292, stack(0x000000a0f1800000,0x000000a0f1900000) (1024K)]
  0x00000216f260b200 JavaThread "Unconstrained build operations Thread 89"        [_thread_blocked, id=21692, stack(0x000000a0f1900000,0x000000a0f1a00000) (1024K)]
  0x00000216f260c5b0 JavaThread "Unconstrained build operations Thread 90"        [_thread_blocked, id=33528, stack(0x000000a0f1500000,0x000000a0f1600000) (1024K)]
  0x00000216f260cc40 JavaThread "Unconstrained build operations Thread 91"        [_thread_blocked, id=20360, stack(0x000000a0f1a00000,0x000000a0f1b00000) (1024K)]
  0x00000216f260a4e0 JavaThread "Unconstrained build operations Thread 92"        [_thread_blocked, id=30896, stack(0x000000a0f1c00000,0x000000a0f1d00000) (1024K)]
  0x00000216f260d2d0 JavaThread "Unconstrained build operations Thread 93"        [_thread_blocked, id=27004, stack(0x000000a0f1d00000,0x000000a0f1e00000) (1024K)]
  0x00000216f2609e50 JavaThread "Unconstrained build operations Thread 94"        [_thread_blocked, id=16712, stack(0x000000a0f1e00000,0x000000a0f1f00000) (1024K)]
  0x00000216f260ed10 JavaThread "Unconstrained build operations Thread 95"        [_thread_blocked, id=24824, stack(0x000000a0f1f00000,0x000000a0f2000000) (1024K)]
  0x00000216f260e680 JavaThread "Unconstrained build operations Thread 96"        [_thread_blocked, id=28904, stack(0x000000a0f2000000,0x000000a0f2100000) (1024K)]
  0x00000216f260fa30 JavaThread "Unconstrained build operations Thread 97"        [_thread_blocked, id=28492, stack(0x000000a0f2100000,0x000000a0f2200000) (1024K)]
  0x00000216f260f3a0 JavaThread "Unconstrained build operations Thread 98"        [_thread_blocked, id=33628, stack(0x000000a0f2200000,0x000000a0f2300000) (1024K)]
  0x00000216f2610de0 JavaThread "Unconstrained build operations Thread 99"        [_thread_blocked, id=24972, stack(0x000000a0f2300000,0x000000a0f2400000) (1024K)]
  0x00000216ed1e8170 JavaThread "Unconstrained build operations Thread 100"        [_thread_blocked, id=27788, stack(0x000000a0f1b00000,0x000000a0f1c00000) (1024K)]
  0x00000216ebbe7e10 JavaThread "Unconstrained build operations Thread 101"        [_thread_blocked, id=3212, stack(0x000000a0f2400000,0x000000a0f2500000) (1024K)]
  0x00000216ee3e6eb0 JavaThread "Unconstrained build operations Thread 102"        [_thread_blocked, id=24880, stack(0x000000a0f2500000,0x000000a0f2600000) (1024K)]
  0x00000216fb4b17f0 JavaThread "Unconstrained build operations Thread 103"        [_thread_blocked, id=21896, stack(0x000000a0f2600000,0x000000a0f2700000) (1024K)]
  0x00000216fb4b1160 JavaThread "Unconstrained build operations Thread 104"        [_thread_blocked, id=12892, stack(0x000000a0f2700000,0x000000a0f2800000) (1024K)]
  0x00000216fb4b0440 JavaThread "Unconstrained build operations Thread 105"        [_thread_blocked, id=32856, stack(0x000000a0f2800000,0x000000a0f2900000) (1024K)]
  0x00000216fb4b2ba0 JavaThread "Unconstrained build operations Thread 106"        [_thread_blocked, id=2924, stack(0x000000a0f2900000,0x000000a0f2a00000) (1024K)]
  0x00000216fb4b2510 JavaThread "Unconstrained build operations Thread 107"        [_thread_blocked, id=1240, stack(0x000000a0f2a00000,0x000000a0f2b00000) (1024K)]
  0x00000216fb4b0ad0 JavaThread "Unconstrained build operations Thread 108"        [_thread_blocked, id=32788, stack(0x000000a0f2b00000,0x000000a0f2c00000) (1024K)]
  0x00000216fb4b1e80 JavaThread "Unconstrained build operations Thread 109"        [_thread_blocked, id=27148, stack(0x000000a0f2c00000,0x000000a0f2d00000) (1024K)]
  0x00000216fb4afdb0 JavaThread "Unconstrained build operations Thread 110"        [_thread_blocked, id=10960, stack(0x000000a0f2d00000,0x000000a0f2e00000) (1024K)]
  0x00000216fb4b6020 JavaThread "Unconstrained build operations Thread 111"        [_thread_blocked, id=31464, stack(0x000000a0f2e00000,0x000000a0f2f00000) (1024K)]
  0x00000216fb4b45e0 JavaThread "Unconstrained build operations Thread 112"        [_thread_blocked, id=27572, stack(0x000000a0f2f00000,0x000000a0f3000000) (1024K)]
  0x00000216fb4b4c70 JavaThread "Unconstrained build operations Thread 113"        [_thread_blocked, id=7460, stack(0x000000a0f3000000,0x000000a0f3100000) (1024K)]
  0x00000216fb4b5300 JavaThread "Unconstrained build operations Thread 114"        [_thread_blocked, id=26372, stack(0x000000a0f3100000,0x000000a0f3200000) (1024K)]
  0x00000216fb4b66b0 JavaThread "Unconstrained build operations Thread 115"        [_thread_blocked, id=29380, stack(0x000000a0f3200000,0x000000a0f3300000) (1024K)]
  0x00000216fb4b5990 JavaThread "Unconstrained build operations Thread 116"        [_thread_blocked, id=9512, stack(0x000000a0f3300000,0x000000a0f3400000) (1024K)]
  0x00000216fb4b3230 JavaThread "Unconstrained build operations Thread 117"        [_thread_blocked, id=26560, stack(0x000000a0f3400000,0x000000a0f3500000) (1024K)]
  0x00000216fb4b73d0 JavaThread "Unconstrained build operations Thread 118"        [_thread_blocked, id=25244, stack(0x000000a0f3500000,0x000000a0f3600000) (1024K)]
  0x00000216fb4b3f50 JavaThread "Unconstrained build operations Thread 119"        [_thread_blocked, id=21556, stack(0x000000a0f3700000,0x000000a0f3800000) (1024K)]
  0x00000216fb4b9b30 JavaThread "Unconstrained build operations Thread 120"        [_thread_blocked, id=21116, stack(0x000000a0f3800000,0x000000a0f3900000) (1024K)]
  0x00000216f17c1190 JavaThread "C2 CompilerThread1"         daemon [_thread_in_native, id=13568, stack(0x000000a0f3600000,0x000000a0f3700000) (1024K)]
  0x00000216f17c5c80 JavaThread "C2 CompilerThread2"         daemon [_thread_in_native, id=7424, stack(0x000000a0f3900000,0x000000a0f3a00000) (1024K)]
Total: 173

Other Threads:
  0x00000216b181b4f0 VMThread "VM Thread"                           [id=2084, stack(0x000000a0e8100000,0x000000a0e8200000) (1024K)]
  0x00000216b180be40 WatcherThread "VM Periodic Task Thread"        [id=24836, stack(0x000000a0e8000000,0x000000a0e8100000) (1024K)]
  0x0000021699cea610 WorkerThread "GC Thread#0"                     [id=10724, stack(0x000000a0e7b00000,0x000000a0e7c00000) (1024K)]
  0x00000216eb187660 WorkerThread "GC Thread#1"                     [id=33176, stack(0x000000a0e8d00000,0x000000a0e8e00000) (1024K)]
  0x00000216b1c1fa90 WorkerThread "GC Thread#2"                     [id=18852, stack(0x000000a0e8e00000,0x000000a0e8f00000) (1024K)]
  0x00000216b1c1fe40 WorkerThread "GC Thread#3"                     [id=11420, stack(0x000000a0e8f00000,0x000000a0e9000000) (1024K)]
  0x00000216b1c201f0 WorkerThread "GC Thread#4"                     [id=26304, stack(0x000000a0e9000000,0x000000a0e9100000) (1024K)]
  0x00000216b1c205a0 WorkerThread "GC Thread#5"                     [id=32448, stack(0x000000a0e9100000,0x000000a0e9200000) (1024K)]
  0x00000216eb803700 WorkerThread "GC Thread#6"                     [id=19412, stack(0x000000a0e8c00000,0x000000a0e8d00000) (1024K)]
  0x00000216f04c9cb0 WorkerThread "GC Thread#7"                     [id=11612, stack(0x000000a0ea100000,0x000000a0ea200000) (1024K)]
  0x00000216f04c8a40 WorkerThread "GC Thread#8"                     [id=11184, stack(0x000000a0ea200000,0x000000a0ea300000) (1024K)]
  0x00000216f04c8df0 WorkerThread "GC Thread#9"                     [id=33124, stack(0x000000a0ea300000,0x000000a0ea400000) (1024K)]
  0x0000021699cfb510 ConcurrentGCThread "G1 Main Marker"            [id=7316, stack(0x000000a0e7c00000,0x000000a0e7d00000) (1024K)]
  0x0000021699cfbf30 WorkerThread "G1 Conc#0"                       [id=32916, stack(0x000000a0e7d00000,0x000000a0e7e00000) (1024K)]
  0x00000216f04c82e0 WorkerThread "G1 Conc#1"                       [id=21756, stack(0x000000a0ea400000,0x000000a0ea500000) (1024K)]
  0x00000216f04c7b80 WorkerThread "G1 Conc#2"                       [id=28148, stack(0x000000a0ea500000,0x000000a0ea600000) (1024K)]
  0x00000216b1757ad0 ConcurrentGCThread "G1 Refine#0"               [id=21968, stack(0x000000a0e7e00000,0x000000a0e7f00000) (1024K)]
  0x00000216b1758460 ConcurrentGCThread "G1 Service"                [id=18188, stack(0x000000a0e7f00000,0x000000a0e8000000) (1024K)]
Total: 18

Threads with active compile tasks:
C2 CompilerThread0  83820 23123       4       org.jetbrains.org.objectweb.asm.ClassReader::readModuleAttributes (551 bytes)
C1 CompilerThread0  83821 23241       3       org.jetbrains.kotlin.com.intellij.openapi.util.io.FileUtilRt::isTooLarge (15 bytes)
C2 CompilerThread1  83821 23196       4       org.jetbrains.kotlin.com.intellij.openapi.vfs.impl.jar.CoreJarVirtualFile::getPath (130 bytes)
C2 CompilerThread2  83821 23202       4       org.jetbrains.kotlin.metadata.ProtoBuf$Annotation::getSerializedSize (93 bytes)
Total: 4

VM state: not at safepoint (normal execution)

VM Mutex/Monitor currently owned by a thread: None

Heap address: 0x0000000080000000, size: 2048 MB, Compressed Oops mode: 32-bit

CDS archive(s) mapped at: [0x00000216b2000000-0x00000216b2ba0000-0x00000216b2ba0000), size 12189696, SharedBaseAddress: 0x00000216b2000000, ArchiveRelocationMode: 1.
Compressed class space mapped at: 0x00000216b3000000-0x00000216e7000000, reserved size: 872415232
Narrow klass base: 0x00000216b2000000, Narrow klass shift: 0, Narrow klass range: 0x100000000

GC Precious Log:
 CardTable entry size: 512
 Card Set container configuration: InlinePtr #cards 5 size 8 Array Of Cards #cards 12 size 40 Howl #buckets 4 coarsen threshold 1843 Howl Bitmap #cards 512 size 80 coarsen threshold 460 Card regions per heap region 1 cards per card region 2048
 CPUs: 12 total, 12 available
 Memory: 16166M
 Large Page Support: Disabled
 NUMA Support: Disabled
 Compressed Oops: Enabled (32-bit)
 Heap Region Size: 1M
 Heap Min Capacity: 8M
 Heap Initial Capacity: 254M
 Heap Max Capacity: 2G
 Pre-touch: Disabled
 Parallel Workers: 10
 Concurrent Workers: 3
 Concurrent Refinement Workers: 10
 Periodic GC: Disabled

Heap:
 garbage-first heap   total 528384K, used 263046K [0x0000000080000000, 0x0000000100000000)
  region size 1024K, 63 young (64512K), 12 survivors (12288K)
 Metaspace       used 155852K, committed 158656K, reserved 1048576K
  class space    used 20489K, committed 21888K, reserved 851968K

Heap Regions: E=young(eden), S=young(survivor), O=old, HS=humongous(starts), HC=humongous(continues), CS=collection set, F=free, TAMS=top-at-mark-start, PB=parsable bottom
|   0|0x0000000080000000, 0x0000000080100000, 0x0000000080100000|100%|HS|  |TAMS 0x0000000080000000| PB 0x0000000080000000| Complete 
|   1|0x0000000080100000, 0x0000000080200000, 0x0000000080200000|100%|HC|  |TAMS 0x0000000080100000| PB 0x0000000080100000| Complete 
|   2|0x0000000080200000, 0x0000000080300000, 0x0000000080300000|100%|HC|  |TAMS 0x0000000080200000| PB 0x0000000080200000| Complete 
|   3|0x0000000080300000, 0x0000000080400000, 0x0000000080400000|100%| O|  |TAMS 0x0000000080300000| PB 0x0000000080300000| Untracked 
|   4|0x0000000080400000, 0x0000000080500000, 0x0000000080500000|100%| O|  |TAMS 0x0000000080400000| PB 0x0000000080400000| Untracked 
|   5|0x0000000080500000, 0x0000000080600000, 0x0000000080600000|100%| O|  |TAMS 0x0000000080500000| PB 0x0000000080500000| Untracked 
|   6|0x0000000080600000, 0x0000000080700000, 0x0000000080700000|100%|HS|  |TAMS 0x0000000080600000| PB 0x0000000080600000| Complete 
|   7|0x0000000080700000, 0x0000000080800000, 0x0000000080800000|100%| O|  |TAMS 0x0000000080700000| PB 0x0000000080700000| Untracked 
|   8|0x0000000080800000, 0x0000000080900000, 0x0000000080900000|100%| O|  |TAMS 0x0000000080800000| PB 0x0000000080800000| Untracked 
|   9|0x0000000080900000, 0x0000000080a00000, 0x0000000080a00000|100%| O|  |TAMS 0x0000000080900000| PB 0x0000000080900000| Untracked 
|  10|0x0000000080a00000, 0x0000000080b00000, 0x0000000080b00000|100%| O|  |TAMS 0x0000000080a00000| PB 0x0000000080a00000| Untracked 
|  11|0x0000000080b00000, 0x0000000080c00000, 0x0000000080c00000|100%| O|  |TAMS 0x0000000080b00000| PB 0x0000000080b00000| Untracked 
|  12|0x0000000080c00000, 0x0000000080d00000, 0x0000000080d00000|100%| O|  |TAMS 0x0000000080c00000| PB 0x0000000080c00000| Untracked 
|  13|0x0000000080d00000, 0x0000000080e00000, 0x0000000080e00000|100%| O|  |TAMS 0x0000000080d00000| PB 0x0000000080d00000| Untracked 
|  14|0x0000000080e00000, 0x0000000080f00000, 0x0000000080f00000|100%| O|  |TAMS 0x0000000080e00000| PB 0x0000000080e00000| Untracked 
|  15|0x0000000080f00000, 0x0000000081000000, 0x0000000081000000|100%| O|  |TAMS 0x0000000080f00000| PB 0x0000000080f00000| Untracked 
|  16|0x0000000081000000, 0x0000000081100000, 0x0000000081100000|100%| O|  |TAMS 0x0000000081000000| PB 0x0000000081000000| Untracked 
|  17|0x0000000081100000, 0x0000000081200000, 0x0000000081200000|100%| O|  |TAMS 0x0000000081100000| PB 0x0000000081100000| Untracked 
|  18|0x0000000081200000, 0x0000000081300000, 0x0000000081300000|100%| O|  |TAMS 0x0000000081200000| PB 0x0000000081200000| Untracked 
|  19|0x0000000081300000, 0x0000000081400000, 0x0000000081400000|100%| O|  |TAMS 0x0000000081300000| PB 0x0000000081300000| Untracked 
|  20|0x0000000081400000, 0x0000000081500000, 0x0000000081500000|100%| O|  |TAMS 0x0000000081400000| PB 0x0000000081400000| Untracked 
|  21|0x0000000081500000, 0x0000000081600000, 0x0000000081600000|100%| O|  |TAMS 0x0000000081500000| PB 0x0000000081500000| Untracked 
|  22|0x0000000081600000, 0x0000000081700000, 0x0000000081700000|100%| O|  |TAMS 0x0000000081600000| PB 0x0000000081600000| Untracked 
|  23|0x0000000081700000, 0x0000000081800000, 0x0000000081800000|100%| O|  |TAMS 0x0000000081700000| PB 0x0000000081700000| Untracked 
|  24|0x0000000081800000, 0x0000000081900000, 0x0000000081900000|100%| O|  |TAMS 0x0000000081800000| PB 0x0000000081800000| Untracked 
|  25|0x0000000081900000, 0x0000000081a00000, 0x0000000081a00000|100%| O|  |TAMS 0x0000000081900000| PB 0x0000000081900000| Untracked 
|  26|0x0000000081a00000, 0x0000000081b00000, 0x0000000081b00000|100%| O|  |TAMS 0x0000000081a00000| PB 0x0000000081a00000| Untracked 
|  27|0x0000000081b00000, 0x0000000081c00000, 0x0000000081c00000|100%| O|  |TAMS 0x0000000081b00000| PB 0x0000000081b00000| Untracked 
|  28|0x0000000081c00000, 0x0000000081d00000, 0x0000000081d00000|100%| O|  |TAMS 0x0000000081c00000| PB 0x0000000081c00000| Untracked 
|  29|0x0000000081d00000, 0x0000000081e00000, 0x0000000081e00000|100%| O|  |TAMS 0x0000000081d00000| PB 0x0000000081d00000| Untracked 
|  30|0x0000000081e00000, 0x0000000081f00000, 0x0000000081f00000|100%| O|  |TAMS 0x0000000081e00000| PB 0x0000000081e00000| Untracked 
|  31|0x0000000081f00000, 0x0000000082000000, 0x0000000082000000|100%| O|  |TAMS 0x0000000081f00000| PB 0x0000000081f00000| Untracked 
|  32|0x0000000082000000, 0x0000000082100000, 0x0000000082100000|100%| O|  |TAMS 0x0000000082000000| PB 0x0000000082000000| Untracked 
|  33|0x0000000082100000, 0x0000000082200000, 0x0000000082200000|100%| O|  |TAMS 0x0000000082100000| PB 0x0000000082100000| Untracked 
|  34|0x0000000082200000, 0x0000000082300000, 0x0000000082300000|100%| O|  |TAMS 0x0000000082200000| PB 0x0000000082200000| Untracked 
|  35|0x0000000082300000, 0x0000000082400000, 0x0000000082400000|100%| O|  |TAMS 0x0000000082300000| PB 0x0000000082300000| Untracked 
|  36|0x0000000082400000, 0x0000000082500000, 0x0000000082500000|100%| O|  |TAMS 0x0000000082400000| PB 0x0000000082400000| Untracked 
|  37|0x0000000082500000, 0x0000000082600000, 0x0000000082600000|100%| O|  |TAMS 0x0000000082500000| PB 0x0000000082500000| Untracked 
|  38|0x0000000082600000, 0x0000000082700000, 0x0000000082700000|100%| O|  |TAMS 0x0000000082600000| PB 0x0000000082600000| Untracked 
|  39|0x0000000082700000, 0x0000000082800000, 0x0000000082800000|100%|HS|  |TAMS 0x0000000082700000| PB 0x0000000082700000| Complete 
|  40|0x0000000082800000, 0x0000000082900000, 0x0000000082900000|100%|HC|  |TAMS 0x0000000082800000| PB 0x0000000082800000| Complete 
|  41|0x0000000082900000, 0x0000000082a00000, 0x0000000082a00000|100%|HS|  |TAMS 0x0000000082900000| PB 0x0000000082900000| Complete 
|  42|0x0000000082a00000, 0x0000000082b00000, 0x0000000082b00000|100%|HC|  |TAMS 0x0000000082a00000| PB 0x0000000082a00000| Complete 
|  43|0x0000000082b00000, 0x0000000082c00000, 0x0000000082c00000|100%| O|  |TAMS 0x0000000082b00000| PB 0x0000000082b00000| Untracked 
|  44|0x0000000082c00000, 0x0000000082d00000, 0x0000000082d00000|100%| O|  |TAMS 0x0000000082c00000| PB 0x0000000082c00000| Untracked 
|  45|0x0000000082d00000, 0x0000000082e00000, 0x0000000082e00000|100%| O|  |TAMS 0x0000000082d00000| PB 0x0000000082d00000| Untracked 
|  46|0x0000000082e00000, 0x0000000082f00000, 0x0000000082f00000|100%| O|  |TAMS 0x0000000082e00000| PB 0x0000000082e00000| Untracked 
|  47|0x0000000082f00000, 0x0000000083000000, 0x0000000083000000|100%|HS|  |TAMS 0x0000000082f00000| PB 0x0000000082f00000| Complete 
|  48|0x0000000083000000, 0x0000000083100000, 0x0000000083100000|100%|HC|  |TAMS 0x0000000083000000| PB 0x0000000083000000| Complete 
|  49|0x0000000083100000, 0x0000000083200000, 0x0000000083200000|100%|HC|  |TAMS 0x0000000083100000| PB 0x0000000083100000| Complete 
|  50|0x0000000083200000, 0x0000000083300000, 0x0000000083300000|100%| O|  |TAMS 0x0000000083200000| PB 0x0000000083200000| Untracked 
|  51|0x0000000083300000, 0x0000000083400000, 0x0000000083400000|100%| O|  |TAMS 0x0000000083300000| PB 0x0000000083300000| Untracked 
|  52|0x0000000083400000, 0x0000000083500000, 0x0000000083500000|100%| O|  |TAMS 0x0000000083400000| PB 0x0000000083400000| Untracked 
|  53|0x0000000083500000, 0x0000000083600000, 0x0000000083600000|100%|HS|  |TAMS 0x0000000083500000| PB 0x0000000083500000| Complete 
|  54|0x0000000083600000, 0x0000000083700000, 0x0000000083700000|100%|HC|  |TAMS 0x0000000083600000| PB 0x0000000083600000| Complete 
|  55|0x0000000083700000, 0x0000000083800000, 0x0000000083800000|100%|HC|  |TAMS 0x0000000083700000| PB 0x0000000083700000| Complete 
|  56|0x0000000083800000, 0x0000000083900000, 0x0000000083900000|100%| O|  |TAMS 0x0000000083800000| PB 0x0000000083800000| Untracked 
|  57|0x0000000083900000, 0x0000000083a00000, 0x0000000083a00000|100%| O|  |TAMS 0x0000000083900000| PB 0x0000000083900000| Untracked 
|  58|0x0000000083a00000, 0x0000000083b00000, 0x0000000083b00000|100%|HS|  |TAMS 0x0000000083a00000| PB 0x0000000083a00000| Complete 
|  59|0x0000000083b00000, 0x0000000083c00000, 0x0000000083c00000|100%| O|  |TAMS 0x0000000083b00000| PB 0x0000000083b00000| Untracked 
|  60|0x0000000083c00000, 0x0000000083d00000, 0x0000000083d00000|100%| O|  |TAMS 0x0000000083c00000| PB 0x0000000083c00000| Untracked 
|  61|0x0000000083d00000, 0x0000000083e00000, 0x0000000083e00000|100%| O|  |TAMS 0x0000000083d00000| PB 0x0000000083d00000| Untracked 
|  62|0x0000000083e00000, 0x0000000083e7a028, 0x0000000083f00000| 47%| O|  |TAMS 0x0000000083e00000| PB 0x0000000083e00000| Untracked 
|  63|0x0000000083f00000, 0x0000000084000000, 0x0000000084000000|100%| O|  |TAMS 0x0000000083f00000| PB 0x0000000083f00000| Untracked 
|  64|0x0000000084000000, 0x0000000084100000, 0x0000000084100000|100%| O|  |TAMS 0x0000000084000000| PB 0x0000000084000000| Untracked 
|  65|0x0000000084100000, 0x0000000084200000, 0x0000000084200000|100%| O|  |TAMS 0x0000000084100000| PB 0x0000000084100000| Untracked 
|  66|0x0000000084200000, 0x0000000084300000, 0x0000000084300000|100%| O|  |TAMS 0x0000000084200000| PB 0x0000000084200000| Untracked 
|  67|0x0000000084300000, 0x0000000084400000, 0x0000000084400000|100%| O|  |TAMS 0x0000000084300000| PB 0x0000000084300000| Untracked 
|  68|0x0000000084400000, 0x0000000084500000, 0x0000000084500000|100%| O|  |TAMS 0x0000000084400000| PB 0x0000000084400000| Untracked 
|  69|0x0000000084500000, 0x0000000084600000, 0x0000000084600000|100%| O|  |TAMS 0x0000000084500000| PB 0x0000000084500000| Untracked 
|  70|0x0000000084600000, 0x0000000084700000, 0x0000000084700000|100%| O|  |TAMS 0x0000000084600000| PB 0x0000000084600000| Untracked 
|  71|0x0000000084700000, 0x0000000084800000, 0x0000000084800000|100%| O|  |TAMS 0x0000000084700000| PB 0x0000000084700000| Untracked 
|  72|0x0000000084800000, 0x0000000084900000, 0x0000000084900000|100%| O|  |TAMS 0x0000000084800000| PB 0x0000000084800000| Untracked 
|  73|0x0000000084900000, 0x0000000084a00000, 0x0000000084a00000|100%| O|  |TAMS 0x0000000084900000| PB 0x0000000084900000| Untracked 
|  74|0x0000000084a00000, 0x0000000084b00000, 0x0000000084b00000|100%| O|  |TAMS 0x0000000084a00000| PB 0x0000000084a00000| Untracked 
|  75|0x0000000084b00000, 0x0000000084c00000, 0x0000000084c00000|100%| O|  |TAMS 0x0000000084b00000| PB 0x0000000084b00000| Untracked 
|  76|0x0000000084c00000, 0x0000000084d00000, 0x0000000084d00000|100%| O|Cm|TAMS 0x0000000084c00000| PB 0x0000000084c00000| Complete 
|  77|0x0000000084d00000, 0x0000000084e00000, 0x0000000084e00000|100%| O|  |TAMS 0x0000000084d00000| PB 0x0000000084d00000| Untracked 
|  78|0x0000000084e00000, 0x0000000084f00000, 0x0000000084f00000|100%| O|  |TAMS 0x0000000084e00000| PB 0x0000000084e00000| Untracked 
|  79|0x0000000084f00000, 0x0000000085000000, 0x0000000085000000|100%| O|  |TAMS 0x0000000084f00000| PB 0x0000000084f00000| Untracked 
|  80|0x0000000085000000, 0x0000000085100000, 0x0000000085100000|100%| O|  |TAMS 0x0000000085000000| PB 0x0000000085000000| Untracked 
|  81|0x0000000085100000, 0x0000000085200000, 0x0000000085200000|100%| O|  |TAMS 0x0000000085100000| PB 0x0000000085100000| Untracked 
|  82|0x0000000085200000, 0x0000000085300000, 0x0000000085300000|100%| O|  |TAMS 0x0000000085200000| PB 0x0000000085200000| Untracked 
|  83|0x0000000085300000, 0x0000000085400000, 0x0000000085400000|100%| O|  |TAMS 0x0000000085300000| PB 0x0000000085300000| Untracked 
|  84|0x0000000085400000, 0x0000000085500000, 0x0000000085500000|100%| O|  |TAMS 0x0000000085400000| PB 0x0000000085400000| Untracked 
|  85|0x0000000085500000, 0x0000000085600000, 0x0000000085600000|100%|HS|  |TAMS 0x0000000085500000| PB 0x0000000085500000| Complete 
|  86|0x0000000085600000, 0x0000000085700000, 0x0000000085700000|100%| O|  |TAMS 0x0000000085600000| PB 0x0000000085600000| Untracked 
|  87|0x0000000085700000, 0x0000000085800000, 0x0000000085800000|100%|HS|  |TAMS 0x0000000085700000| PB 0x0000000085700000| Complete 
|  88|0x0000000085800000, 0x0000000085900000, 0x0000000085900000|100%| O|  |TAMS 0x0000000085800000| PB 0x0000000085800000| Untracked 
|  89|0x0000000085900000, 0x0000000085a00000, 0x0000000085a00000|100%| O|  |TAMS 0x0000000085900000| PB 0x0000000085900000| Untracked 
|  90|0x0000000085a00000, 0x0000000085b00000, 0x0000000085b00000|100%| O|  |TAMS 0x0000000085a00000| PB 0x0000000085a00000| Untracked 
|  91|0x0000000085b00000, 0x0000000085c00000, 0x0000000085c00000|100%| O|  |TAMS 0x0000000085b00000| PB 0x0000000085b00000| Untracked 
|  92|0x0000000085c00000, 0x0000000085d00000, 0x0000000085d00000|100%| O|  |TAMS 0x0000000085c00000| PB 0x0000000085c00000| Untracked 
|  93|0x0000000085d00000, 0x0000000085e00000, 0x0000000085e00000|100%| O|  |TAMS 0x0000000085d00000| PB 0x0000000085d00000| Untracked 
|  94|0x0000000085e00000, 0x0000000085f00000, 0x0000000085f00000|100%| O|  |TAMS 0x0000000085e00000| PB 0x0000000085e00000| Untracked 
|  95|0x0000000085f00000, 0x0000000086000000, 0x0000000086000000|100%| O|  |TAMS 0x0000000085f00000| PB 0x0000000085f00000| Untracked 
|  96|0x0000000086000000, 0x0000000086100000, 0x0000000086100000|100%| O|  |TAMS 0x0000000086000000| PB 0x0000000086000000| Untracked 
|  97|0x0000000086100000, 0x0000000086200000, 0x0000000086200000|100%| O|Cm|TAMS 0x0000000086100000| PB 0x0000000086100000| Complete 
|  98|0x0000000086200000, 0x0000000086300000, 0x0000000086300000|100%| O|  |TAMS 0x0000000086200000| PB 0x0000000086200000| Untracked 
|  99|0x0000000086300000, 0x0000000086400000, 0x0000000086400000|100%| O|  |TAMS 0x0000000086300000| PB 0x0000000086300000| Untracked 
| 100|0x0000000086400000, 0x0000000086500000, 0x0000000086500000|100%| O|  |TAMS 0x0000000086400000| PB 0x0000000086400000| Untracked 
| 101|0x0000000086500000, 0x0000000086600000, 0x0000000086600000|100%|HS|  |TAMS 0x0000000086500000| PB 0x0000000086500000| Complete 
| 102|0x0000000086600000, 0x0000000086700000, 0x0000000086700000|100%| O|  |TAMS 0x0000000086600000| PB 0x0000000086600000| Untracked 
| 103|0x0000000086700000, 0x0000000086800000, 0x0000000086800000|100%| O|  |TAMS 0x0000000086700000| PB 0x0000000086700000| Untracked 
| 104|0x0000000086800000, 0x0000000086900000, 0x0000000086900000|100%| O|  |TAMS 0x0000000086800000| PB 0x0000000086800000| Untracked 
| 105|0x0000000086900000, 0x0000000086a00000, 0x0000000086a00000|100%| O|  |TAMS 0x0000000086900000| PB 0x0000000086900000| Untracked 
| 106|0x0000000086a00000, 0x0000000086b00000, 0x0000000086b00000|100%| O|  |TAMS 0x0000000086a00000| PB 0x0000000086a00000| Untracked 
| 107|0x0000000086b00000, 0x0000000086c00000, 0x0000000086c00000|100%| O|  |TAMS 0x0000000086b00000| PB 0x0000000086b00000| Untracked 
| 108|0x0000000086c00000, 0x0000000086d00000, 0x0000000086d00000|100%| O|  |TAMS 0x0000000086c00000| PB 0x0000000086c00000| Untracked 
| 109|0x0000000086d00000, 0x0000000086e00000, 0x0000000086e00000|100%| O|  |TAMS 0x0000000086d00000| PB 0x0000000086d00000| Untracked 
| 110|0x0000000086e00000, 0x0000000086f00000, 0x0000000086f00000|100%| O|  |TAMS 0x0000000086e00000| PB 0x0000000086e00000| Untracked 
| 111|0x0000000086f00000, 0x0000000087000000, 0x0000000087000000|100%| O|  |TAMS 0x0000000086f00000| PB 0x0000000086f00000| Untracked 
| 112|0x0000000087000000, 0x0000000087100000, 0x0000000087100000|100%| O|  |TAMS 0x0000000087000000| PB 0x0000000087000000| Untracked 
| 113|0x0000000087100000, 0x0000000087200000, 0x0000000087200000|100%| O|  |TAMS 0x0000000087100000| PB 0x0000000087100000| Untracked 
| 114|0x0000000087200000, 0x0000000087300000, 0x0000000087300000|100%| O|  |TAMS 0x0000000087200000| PB 0x0000000087200000| Untracked 
| 115|0x0000000087300000, 0x0000000087400000, 0x0000000087400000|100%| O|  |TAMS 0x0000000087300000| PB 0x0000000087300000| Untracked 
| 116|0x0000000087400000, 0x0000000087500000, 0x0000000087500000|100%| O|  |TAMS 0x0000000087400000| PB 0x0000000087400000| Untracked 
| 117|0x0000000087500000, 0x0000000087600000, 0x0000000087600000|100%| O|  |TAMS 0x0000000087500000| PB 0x0000000087500000| Untracked 
| 118|0x0000000087600000, 0x0000000087700000, 0x0000000087700000|100%|HS|  |TAMS 0x0000000087600000| PB 0x0000000087600000| Complete 
| 119|0x0000000087700000, 0x0000000087800000, 0x0000000087800000|100%| O|Cm|TAMS 0x0000000087700000| PB 0x0000000087700000| Complete 
| 120|0x0000000087800000, 0x0000000087900000, 0x0000000087900000|100%| O|  |TAMS 0x0000000087800000| PB 0x0000000087800000| Untracked 
| 121|0x0000000087900000, 0x0000000087a00000, 0x0000000087a00000|100%| O|  |TAMS 0x0000000087900000| PB 0x0000000087900000| Untracked 
| 122|0x0000000087a00000, 0x0000000087b00000, 0x0000000087b00000|100%| O|  |TAMS 0x0000000087a00000| PB 0x0000000087a00000| Untracked 
| 123|0x0000000087b00000, 0x0000000087c00000, 0x0000000087c00000|100%| O|  |TAMS 0x0000000087b00000| PB 0x0000000087b00000| Untracked 
| 124|0x0000000087c00000, 0x0000000087d00000, 0x0000000087d00000|100%| O|  |TAMS 0x0000000087c00000| PB 0x0000000087c00000| Untracked 
| 125|0x0000000087d00000, 0x0000000087e00000, 0x0000000087e00000|100%| O|  |TAMS 0x0000000087d00000| PB 0x0000000087d00000| Untracked 
| 126|0x0000000087e00000, 0x0000000087f00000, 0x0000000087f00000|100%| O|  |TAMS 0x0000000087e00000| PB 0x0000000087e00000| Untracked 
| 127|0x0000000087f00000, 0x0000000087f00000, 0x0000000088000000|  0%| F|  |TAMS 0x0000000087f00000| PB 0x0000000087f00000| Untracked 
| 128|0x0000000088000000, 0x0000000088000000, 0x0000000088100000|  0%| F|  |TAMS 0x0000000088000000| PB 0x0000000088000000| Untracked 
| 129|0x0000000088100000, 0x0000000088200000, 0x0000000088200000|100%| O|  |TAMS 0x0000000088100000| PB 0x0000000088100000| Untracked 
| 130|0x0000000088200000, 0x0000000088300000, 0x0000000088300000|100%| O|  |TAMS 0x0000000088200000| PB 0x0000000088200000| Untracked 
| 131|0x0000000088300000, 0x0000000088300000, 0x0000000088400000|  0%| F|  |TAMS 0x0000000088300000| PB 0x0000000088300000| Untracked 
| 132|0x0000000088400000, 0x0000000088500000, 0x0000000088500000|100%| O|  |TAMS 0x0000000088400000| PB 0x0000000088400000| Untracked 
| 133|0x0000000088500000, 0x0000000088600000, 0x0000000088600000|100%| O|  |TAMS 0x0000000088500000| PB 0x0000000088500000| Untracked 
| 134|0x0000000088600000, 0x0000000088700000, 0x0000000088700000|100%| O|  |TAMS 0x0000000088600000| PB 0x0000000088600000| Untracked 
| 135|0x0000000088700000, 0x0000000088800000, 0x0000000088800000|100%| O|  |TAMS 0x0000000088700000| PB 0x0000000088700000| Untracked 
| 136|0x0000000088800000, 0x0000000088900000, 0x0000000088900000|100%| O|  |TAMS 0x0000000088800000| PB 0x0000000088800000| Untracked 
| 137|0x0000000088900000, 0x0000000088a00000, 0x0000000088a00000|100%| O|  |TAMS 0x0000000088900000| PB 0x0000000088900000| Untracked 
| 138|0x0000000088a00000, 0x0000000088b00000, 0x0000000088b00000|100%| O|  |TAMS 0x0000000088a00000| PB 0x0000000088a00000| Untracked 
| 139|0x0000000088b00000, 0x0000000088c00000, 0x0000000088c00000|100%| O|  |TAMS 0x0000000088b00000| PB 0x0000000088b00000| Untracked 
| 140|0x0000000088c00000, 0x0000000088d00000, 0x0000000088d00000|100%| O|  |TAMS 0x0000000088c00000| PB 0x0000000088c00000| Untracked 
| 141|0x0000000088d00000, 0x0000000088e00000, 0x0000000088e00000|100%| O|  |TAMS 0x0000000088d00000| PB 0x0000000088d00000| Untracked 
| 142|0x0000000088e00000, 0x0000000088f00000, 0x0000000088f00000|100%| O|  |TAMS 0x0000000088e00000| PB 0x0000000088e00000| Untracked 
| 143|0x0000000088f00000, 0x0000000089000000, 0x0000000089000000|100%| O|  |TAMS 0x0000000088f00000| PB 0x0000000088f00000| Untracked 
| 144|0x0000000089000000, 0x0000000089100000, 0x0000000089100000|100%| O|  |TAMS 0x0000000089000000| PB 0x0000000089000000| Untracked 
| 145|0x0000000089100000, 0x0000000089200000, 0x0000000089200000|100%| O|  |TAMS 0x0000000089100000| PB 0x0000000089100000| Untracked 
| 146|0x0000000089200000, 0x0000000089300000, 0x0000000089300000|100%| O|  |TAMS 0x0000000089200000| PB 0x0000000089200000| Untracked 
| 147|0x0000000089300000, 0x0000000089400000, 0x0000000089400000|100%| O|  |TAMS 0x0000000089300000| PB 0x0000000089300000| Untracked 
| 148|0x0000000089400000, 0x0000000089500000, 0x0000000089500000|100%| O|  |TAMS 0x0000000089400000| PB 0x0000000089400000| Untracked 
| 149|0x0000000089500000, 0x0000000089600000, 0x0000000089600000|100%| O|  |TAMS 0x0000000089500000| PB 0x0000000089500000| Untracked 
| 150|0x0000000089600000, 0x0000000089700000, 0x0000000089700000|100%| O|  |TAMS 0x0000000089600000| PB 0x0000000089600000| Untracked 
| 151|0x0000000089700000, 0x0000000089800000, 0x0000000089800000|100%| O|  |TAMS 0x0000000089700000| PB 0x0000000089700000| Untracked 
| 152|0x0000000089800000, 0x0000000089900000, 0x0000000089900000|100%| O|  |TAMS 0x0000000089800000| PB 0x0000000089800000| Untracked 
| 153|0x0000000089900000, 0x0000000089a00000, 0x0000000089a00000|100%| O|  |TAMS 0x0000000089900000| PB 0x0000000089900000| Untracked 
| 154|0x0000000089a00000, 0x0000000089b00000, 0x0000000089b00000|100%| O|  |TAMS 0x0000000089a00000| PB 0x0000000089a00000| Untracked 
| 155|0x0000000089b00000, 0x0000000089c00000, 0x0000000089c00000|100%| O|  |TAMS 0x0000000089b00000| PB 0x0000000089b00000| Untracked 
| 156|0x0000000089c00000, 0x0000000089d00000, 0x0000000089d00000|100%| O|  |TAMS 0x0000000089c00000| PB 0x0000000089c00000| Untracked 
| 157|0x0000000089d00000, 0x0000000089e00000, 0x0000000089e00000|100%| O|  |TAMS 0x0000000089d00000| PB 0x0000000089d00000| Untracked 
| 158|0x0000000089e00000, 0x0000000089f00000, 0x0000000089f00000|100%| O|  |TAMS 0x0000000089e00000| PB 0x0000000089e00000| Untracked 
| 159|0x0000000089f00000, 0x000000008a000000, 0x000000008a000000|100%| O|  |TAMS 0x0000000089f00000| PB 0x0000000089f00000| Untracked 
| 160|0x000000008a000000, 0x000000008a100000, 0x000000008a100000|100%| O|  |TAMS 0x000000008a000000| PB 0x000000008a000000| Untracked 
| 161|0x000000008a100000, 0x000000008a200000, 0x000000008a200000|100%| O|  |TAMS 0x000000008a100000| PB 0x000000008a100000| Untracked 
| 162|0x000000008a200000, 0x000000008a300000, 0x000000008a300000|100%| O|  |TAMS 0x000000008a200000| PB 0x000000008a200000| Untracked 
| 163|0x000000008a300000, 0x000000008a300000, 0x000000008a400000|  0%| F|  |TAMS 0x000000008a300000| PB 0x000000008a300000| Untracked 
| 164|0x000000008a400000, 0x000000008a500000, 0x000000008a500000|100%| O|  |TAMS 0x000000008a400000| PB 0x000000008a400000| Untracked 
| 165|0x000000008a500000, 0x000000008a600000, 0x000000008a600000|100%| O|  |TAMS 0x000000008a500000| PB 0x000000008a500000| Untracked 
| 166|0x000000008a600000, 0x000000008a700000, 0x000000008a700000|100%| O|  |TAMS 0x000000008a600000| PB 0x000000008a600000| Untracked 
| 167|0x000000008a700000, 0x000000008a800000, 0x000000008a800000|100%|HS|  |TAMS 0x000000008a700000| PB 0x000000008a700000| Complete 
| 168|0x000000008a800000, 0x000000008a900000, 0x000000008a900000|100%|HC|  |TAMS 0x000000008a800000| PB 0x000000008a800000| Complete 
| 169|0x000000008a900000, 0x000000008aa00000, 0x000000008aa00000|100%|HC|  |TAMS 0x000000008a900000| PB 0x000000008a900000| Complete 
| 170|0x000000008aa00000, 0x000000008ab00000, 0x000000008ab00000|100%|HC|  |TAMS 0x000000008aa00000| PB 0x000000008aa00000| Complete 
| 171|0x000000008ab00000, 0x000000008ac00000, 0x000000008ac00000|100%|HC|  |TAMS 0x000000008ab00000| PB 0x000000008ab00000| Complete 
| 172|0x000000008ac00000, 0x000000008ad00000, 0x000000008ad00000|100%|HC|  |TAMS 0x000000008ac00000| PB 0x000000008ac00000| Complete 
| 173|0x000000008ad00000, 0x000000008ae00000, 0x000000008ae00000|100%|HS|  |TAMS 0x000000008ad00000| PB 0x000000008ad00000| Complete 
| 174|0x000000008ae00000, 0x000000008af00000, 0x000000008af00000|100%|HC|  |TAMS 0x000000008ae00000| PB 0x000000008ae00000| Complete 
| 175|0x000000008af00000, 0x000000008b000000, 0x000000008b000000|100%|HC|  |TAMS 0x000000008af00000| PB 0x000000008af00000| Complete 
| 176|0x000000008b000000, 0x000000008b100000, 0x000000008b100000|100%|HC|  |TAMS 0x000000008b000000| PB 0x000000008b000000| Complete 
| 177|0x000000008b100000, 0x000000008b200000, 0x000000008b200000|100%|HC|  |TAMS 0x000000008b100000| PB 0x000000008b100000| Complete 
| 178|0x000000008b200000, 0x000000008b300000, 0x000000008b300000|100%|HC|  |TAMS 0x000000008b200000| PB 0x000000008b200000| Complete 
| 179|0x000000008b300000, 0x000000008b300000, 0x000000008b400000|  0%| F|  |TAMS 0x000000008b300000| PB 0x000000008b300000| Untracked 
| 180|0x000000008b400000, 0x000000008b400000, 0x000000008b500000|  0%| F|  |TAMS 0x000000008b400000| PB 0x000000008b400000| Untracked 
| 181|0x000000008b500000, 0x000000008b500000, 0x000000008b600000|  0%| F|  |TAMS 0x000000008b500000| PB 0x000000008b500000| Untracked 
| 182|0x000000008b600000, 0x000000008b600000, 0x000000008b700000|  0%| F|  |TAMS 0x000000008b600000| PB 0x000000008b600000| Untracked 
| 183|0x000000008b700000, 0x000000008b700000, 0x000000008b800000|  0%| F|  |TAMS 0x000000008b700000| PB 0x000000008b700000| Untracked 
| 184|0x000000008b800000, 0x000000008b800000, 0x000000008b900000|  0%| F|  |TAMS 0x000000008b800000| PB 0x000000008b800000| Untracked 
| 185|0x000000008b900000, 0x000000008ba00000, 0x000000008ba00000|100%| O|Cm|TAMS 0x000000008b900000| PB 0x000000008b900000| Complete 
| 186|0x000000008ba00000, 0x000000008ba00000, 0x000000008bb00000|  0%| F|  |TAMS 0x000000008ba00000| PB 0x000000008ba00000| Untracked 
| 187|0x000000008bb00000, 0x000000008bb00000, 0x000000008bc00000|  0%| F|  |TAMS 0x000000008bb00000| PB 0x000000008bb00000| Untracked 
| 188|0x000000008bc00000, 0x000000008bc00000, 0x000000008bd00000|  0%| F|  |TAMS 0x000000008bc00000| PB 0x000000008bc00000| Untracked 
| 189|0x000000008bd00000, 0x000000008bd00000, 0x000000008be00000|  0%| F|  |TAMS 0x000000008bd00000| PB 0x000000008bd00000| Untracked 
| 190|0x000000008be00000, 0x000000008be00000, 0x000000008bf00000|  0%| F|  |TAMS 0x000000008be00000| PB 0x000000008be00000| Untracked 
| 191|0x000000008bf00000, 0x000000008bf00000, 0x000000008c000000|  0%| F|  |TAMS 0x000000008bf00000| PB 0x000000008bf00000| Untracked 
| 192|0x000000008c000000, 0x000000008c000000, 0x000000008c100000|  0%| F|  |TAMS 0x000000008c000000| PB 0x000000008c000000| Untracked 
| 193|0x000000008c100000, 0x000000008c100000, 0x000000008c200000|  0%| F|  |TAMS 0x000000008c100000| PB 0x000000008c100000| Untracked 
| 194|0x000000008c200000, 0x000000008c200000, 0x000000008c300000|  0%| F|  |TAMS 0x000000008c200000| PB 0x000000008c200000| Untracked 
| 195|0x000000008c300000, 0x000000008c300000, 0x000000008c400000|  0%| F|  |TAMS 0x000000008c300000| PB 0x000000008c300000| Untracked 
| 196|0x000000008c400000, 0x000000008c400000, 0x000000008c500000|  0%| F|  |TAMS 0x000000008c400000| PB 0x000000008c400000| Untracked 
| 197|0x000000008c500000, 0x000000008c500000, 0x000000008c600000|  0%| F|  |TAMS 0x000000008c500000| PB 0x000000008c500000| Untracked 
| 198|0x000000008c600000, 0x000000008c600000, 0x000000008c700000|  0%| F|  |TAMS 0x000000008c600000| PB 0x000000008c600000| Untracked 
| 199|0x000000008c700000, 0x000000008c700000, 0x000000008c800000|  0%| F|  |TAMS 0x000000008c700000| PB 0x000000008c700000| Untracked 
| 200|0x000000008c800000, 0x000000008c800000, 0x000000008c900000|  0%| F|  |TAMS 0x000000008c800000| PB 0x000000008c800000| Untracked 
| 201|0x000000008c900000, 0x000000008c900000, 0x000000008ca00000|  0%| F|  |TAMS 0x000000008c900000| PB 0x000000008c900000| Untracked 
| 202|0x000000008ca00000, 0x000000008ca00000, 0x000000008cb00000|  0%| F|  |TAMS 0x000000008ca00000| PB 0x000000008ca00000| Untracked 
| 203|0x000000008cb00000, 0x000000008cb00000, 0x000000008cc00000|  0%| F|  |TAMS 0x000000008cb00000| PB 0x000000008cb00000| Untracked 
| 204|0x000000008cc00000, 0x000000008cc00000, 0x000000008cd00000|  0%| F|  |TAMS 0x000000008cc00000| PB 0x000000008cc00000| Untracked 
| 205|0x000000008cd00000, 0x000000008cd00000, 0x000000008ce00000|  0%| F|  |TAMS 0x000000008cd00000| PB 0x000000008cd00000| Untracked 
| 206|0x000000008ce00000, 0x000000008ce00000, 0x000000008cf00000|  0%| F|  |TAMS 0x000000008ce00000| PB 0x000000008ce00000| Untracked 
| 207|0x000000008cf00000, 0x000000008cf00000, 0x000000008d000000|  0%| F|  |TAMS 0x000000008cf00000| PB 0x000000008cf00000| Untracked 
| 208|0x000000008d000000, 0x000000008d000000, 0x000000008d100000|  0%| F|  |TAMS 0x000000008d000000| PB 0x000000008d000000| Untracked 
| 209|0x000000008d100000, 0x000000008d100000, 0x000000008d200000|  0%| F|  |TAMS 0x000000008d100000| PB 0x000000008d100000| Untracked 
| 210|0x000000008d200000, 0x000000008d200000, 0x000000008d300000|  0%| F|  |TAMS 0x000000008d200000| PB 0x000000008d200000| Untracked 
| 211|0x000000008d300000, 0x000000008d300000, 0x000000008d400000|  0%| F|  |TAMS 0x000000008d300000| PB 0x000000008d300000| Untracked 
| 212|0x000000008d400000, 0x000000008d400000, 0x000000008d500000|  0%| F|  |TAMS 0x000000008d400000| PB 0x000000008d400000| Untracked 
| 213|0x000000008d500000, 0x000000008d500000, 0x000000008d600000|  0%| F|  |TAMS 0x000000008d500000| PB 0x000000008d500000| Untracked 
| 214|0x000000008d600000, 0x000000008d600000, 0x000000008d700000|  0%| F|  |TAMS 0x000000008d600000| PB 0x000000008d600000| Untracked 
| 215|0x000000008d700000, 0x000000008d700000, 0x000000008d800000|  0%| F|  |TAMS 0x000000008d700000| PB 0x000000008d700000| Untracked 
| 216|0x000000008d800000, 0x000000008d800000, 0x000000008d900000|  0%| F|  |TAMS 0x000000008d800000| PB 0x000000008d800000| Untracked 
| 217|0x000000008d900000, 0x000000008d900000, 0x000000008da00000|  0%| F|  |TAMS 0x000000008d900000| PB 0x000000008d900000| Untracked 
| 218|0x000000008da00000, 0x000000008da00000, 0x000000008db00000|  0%| F|  |TAMS 0x000000008da00000| PB 0x000000008da00000| Untracked 
| 219|0x000000008db00000, 0x000000008db00000, 0x000000008dc00000|  0%| F|  |TAMS 0x000000008db00000| PB 0x000000008db00000| Untracked 
| 220|0x000000008dc00000, 0x000000008dc00000, 0x000000008dd00000|  0%| F|  |TAMS 0x000000008dc00000| PB 0x000000008dc00000| Untracked 
| 221|0x000000008dd00000, 0x000000008dd00000, 0x000000008de00000|  0%| F|  |TAMS 0x000000008dd00000| PB 0x000000008dd00000| Untracked 
| 222|0x000000008de00000, 0x000000008de00000, 0x000000008df00000|  0%| F|  |TAMS 0x000000008de00000| PB 0x000000008de00000| Untracked 
| 223|0x000000008df00000, 0x000000008df00000, 0x000000008e000000|  0%| F|  |TAMS 0x000000008df00000| PB 0x000000008df00000| Untracked 
| 224|0x000000008e000000, 0x000000008e000000, 0x000000008e100000|  0%| F|  |TAMS 0x000000008e000000| PB 0x000000008e000000| Untracked 
| 225|0x000000008e100000, 0x000000008e100000, 0x000000008e200000|  0%| F|  |TAMS 0x000000008e100000| PB 0x000000008e100000| Untracked 
| 226|0x000000008e200000, 0x000000008e200000, 0x000000008e300000|  0%| F|  |TAMS 0x000000008e200000| PB 0x000000008e200000| Untracked 
| 227|0x000000008e300000, 0x000000008e300000, 0x000000008e400000|  0%| F|  |TAMS 0x000000008e300000| PB 0x000000008e300000| Untracked 
| 228|0x000000008e400000, 0x000000008e400000, 0x000000008e500000|  0%| F|  |TAMS 0x000000008e400000| PB 0x000000008e400000| Untracked 
| 229|0x000000008e500000, 0x000000008e500000, 0x000000008e600000|  0%| F|  |TAMS 0x000000008e500000| PB 0x000000008e500000| Untracked 
| 230|0x000000008e600000, 0x000000008e600000, 0x000000008e700000|  0%| F|  |TAMS 0x000000008e600000| PB 0x000000008e600000| Untracked 
| 231|0x000000008e700000, 0x000000008e700000, 0x000000008e800000|  0%| F|  |TAMS 0x000000008e700000| PB 0x000000008e700000| Untracked 
| 232|0x000000008e800000, 0x000000008e800000, 0x000000008e900000|  0%| F|  |TAMS 0x000000008e800000| PB 0x000000008e800000| Untracked 
| 233|0x000000008e900000, 0x000000008e900000, 0x000000008ea00000|  0%| F|  |TAMS 0x000000008e900000| PB 0x000000008e900000| Untracked 
| 234|0x000000008ea00000, 0x000000008ea00000, 0x000000008eb00000|  0%| F|  |TAMS 0x000000008ea00000| PB 0x000000008ea00000| Untracked 
| 235|0x000000008eb00000, 0x000000008eb00000, 0x000000008ec00000|  0%| F|  |TAMS 0x000000008eb00000| PB 0x000000008eb00000| Untracked 
| 236|0x000000008ec00000, 0x000000008ec00000, 0x000000008ed00000|  0%| F|  |TAMS 0x000000008ec00000| PB 0x000000008ec00000| Untracked 
| 237|0x000000008ed00000, 0x000000008ed00000, 0x000000008ee00000|  0%| F|  |TAMS 0x000000008ed00000| PB 0x000000008ed00000| Untracked 
| 238|0x000000008ee00000, 0x000000008ee00000, 0x000000008ef00000|  0%| F|  |TAMS 0x000000008ee00000| PB 0x000000008ee00000| Untracked 
| 239|0x000000008ef00000, 0x000000008ef00000, 0x000000008f000000|  0%| F|  |TAMS 0x000000008ef00000| PB 0x000000008ef00000| Untracked 
| 240|0x000000008f000000, 0x000000008f000000, 0x000000008f100000|  0%| F|  |TAMS 0x000000008f000000| PB 0x000000008f000000| Untracked 
| 241|0x000000008f100000, 0x000000008f100000, 0x000000008f200000|  0%| F|  |TAMS 0x000000008f100000| PB 0x000000008f100000| Untracked 
| 242|0x000000008f200000, 0x000000008f200000, 0x000000008f300000|  0%| F|  |TAMS 0x000000008f200000| PB 0x000000008f200000| Untracked 
| 243|0x000000008f300000, 0x000000008f300000, 0x000000008f400000|  0%| F|  |TAMS 0x000000008f300000| PB 0x000000008f300000| Untracked 
| 244|0x000000008f400000, 0x000000008f400000, 0x000000008f500000|  0%| F|  |TAMS 0x000000008f400000| PB 0x000000008f400000| Untracked 
| 245|0x000000008f500000, 0x000000008f500000, 0x000000008f600000|  0%| F|  |TAMS 0x000000008f500000| PB 0x000000008f500000| Untracked 
| 246|0x000000008f600000, 0x000000008f600000, 0x000000008f700000|  0%| F|  |TAMS 0x000000008f600000| PB 0x000000008f600000| Untracked 
| 247|0x000000008f700000, 0x000000008f700000, 0x000000008f800000|  0%| F|  |TAMS 0x000000008f700000| PB 0x000000008f700000| Untracked 
| 248|0x000000008f800000, 0x000000008f800000, 0x000000008f900000|  0%| F|  |TAMS 0x000000008f800000| PB 0x000000008f800000| Untracked 
| 249|0x000000008f900000, 0x000000008f900000, 0x000000008fa00000|  0%| F|  |TAMS 0x000000008f900000| PB 0x000000008f900000| Untracked 
| 250|0x000000008fa00000, 0x000000008fa00000, 0x000000008fb00000|  0%| F|  |TAMS 0x000000008fa00000| PB 0x000000008fa00000| Untracked 
| 251|0x000000008fb00000, 0x000000008fb00000, 0x000000008fc00000|  0%| F|  |TAMS 0x000000008fb00000| PB 0x000000008fb00000| Untracked 
| 252|0x000000008fc00000, 0x000000008fc00000, 0x000000008fd00000|  0%| F|  |TAMS 0x000000008fc00000| PB 0x000000008fc00000| Untracked 
| 253|0x000000008fd00000, 0x000000008fd00000, 0x000000008fe00000|  0%| F|  |TAMS 0x000000008fd00000| PB 0x000000008fd00000| Untracked 
| 254|0x000000008fe00000, 0x000000008fe00000, 0x000000008ff00000|  0%| F|  |TAMS 0x000000008fe00000| PB 0x000000008fe00000| Untracked 
| 255|0x000000008ff00000, 0x000000008ff00000, 0x0000000090000000|  0%| F|  |TAMS 0x000000008ff00000| PB 0x000000008ff00000| Untracked 
| 256|0x0000000090000000, 0x0000000090000000, 0x0000000090100000|  0%| F|  |TAMS 0x0000000090000000| PB 0x0000000090000000| Untracked 
| 257|0x0000000090100000, 0x0000000090100000, 0x0000000090200000|  0%| F|  |TAMS 0x0000000090100000| PB 0x0000000090100000| Untracked 
| 258|0x0000000090200000, 0x0000000090200000, 0x0000000090300000|  0%| F|  |TAMS 0x0000000090200000| PB 0x0000000090200000| Untracked 
| 259|0x0000000090300000, 0x0000000090300000, 0x0000000090400000|  0%| F|  |TAMS 0x0000000090300000| PB 0x0000000090300000| Untracked 
| 260|0x0000000090400000, 0x0000000090400000, 0x0000000090500000|  0%| F|  |TAMS 0x0000000090400000| PB 0x0000000090400000| Untracked 
| 261|0x0000000090500000, 0x0000000090500000, 0x0000000090600000|  0%| F|  |TAMS 0x0000000090500000| PB 0x0000000090500000| Untracked 
| 262|0x0000000090600000, 0x0000000090600000, 0x0000000090700000|  0%| F|  |TAMS 0x0000000090600000| PB 0x0000000090600000| Untracked 
| 263|0x0000000090700000, 0x0000000090700000, 0x0000000090800000|  0%| F|  |TAMS 0x0000000090700000| PB 0x0000000090700000| Untracked 
| 264|0x0000000090800000, 0x0000000090800000, 0x0000000090900000|  0%| F|  |TAMS 0x0000000090800000| PB 0x0000000090800000| Untracked 
| 265|0x0000000090900000, 0x0000000090900000, 0x0000000090a00000|  0%| F|  |TAMS 0x0000000090900000| PB 0x0000000090900000| Untracked 
| 266|0x0000000090a00000, 0x0000000090a00000, 0x0000000090b00000|  0%| F|  |TAMS 0x0000000090a00000| PB 0x0000000090a00000| Untracked 
| 267|0x0000000090b00000, 0x0000000090b00000, 0x0000000090c00000|  0%| F|  |TAMS 0x0000000090b00000| PB 0x0000000090b00000| Untracked 
| 268|0x0000000090c00000, 0x0000000090c00000, 0x0000000090d00000|  0%| F|  |TAMS 0x0000000090c00000| PB 0x0000000090c00000| Untracked 
| 269|0x0000000090d00000, 0x0000000090d00000, 0x0000000090e00000|  0%| F|  |TAMS 0x0000000090d00000| PB 0x0000000090d00000| Untracked 
| 270|0x0000000090e00000, 0x0000000090e00000, 0x0000000090f00000|  0%| F|  |TAMS 0x0000000090e00000| PB 0x0000000090e00000| Untracked 
| 271|0x0000000090f00000, 0x0000000090f00000, 0x0000000091000000|  0%| F|  |TAMS 0x0000000090f00000| PB 0x0000000090f00000| Untracked 
| 272|0x0000000091000000, 0x0000000091000000, 0x0000000091100000|  0%| F|  |TAMS 0x0000000091000000| PB 0x0000000091000000| Untracked 
| 273|0x0000000091100000, 0x0000000091100000, 0x0000000091200000|  0%| F|  |TAMS 0x0000000091100000| PB 0x0000000091100000| Untracked 
| 274|0x0000000091200000, 0x0000000091200000, 0x0000000091300000|  0%| F|  |TAMS 0x0000000091200000| PB 0x0000000091200000| Untracked 
| 275|0x0000000091300000, 0x0000000091300000, 0x0000000091400000|  0%| F|  |TAMS 0x0000000091300000| PB 0x0000000091300000| Untracked 
| 276|0x0000000091400000, 0x0000000091400000, 0x0000000091500000|  0%| F|  |TAMS 0x0000000091400000| PB 0x0000000091400000| Untracked 
| 277|0x0000000091500000, 0x0000000091500000, 0x0000000091600000|  0%| F|  |TAMS 0x0000000091500000| PB 0x0000000091500000| Untracked 
| 278|0x0000000091600000, 0x0000000091600000, 0x0000000091700000|  0%| F|  |TAMS 0x0000000091600000| PB 0x0000000091600000| Untracked 
| 279|0x0000000091700000, 0x0000000091700000, 0x0000000091800000|  0%| F|  |TAMS 0x0000000091700000| PB 0x0000000091700000| Untracked 
| 280|0x0000000091800000, 0x0000000091800000, 0x0000000091900000|  0%| F|  |TAMS 0x0000000091800000| PB 0x0000000091800000| Untracked 
| 281|0x0000000091900000, 0x0000000091900000, 0x0000000091a00000|  0%| F|  |TAMS 0x0000000091900000| PB 0x0000000091900000| Untracked 
| 282|0x0000000091a00000, 0x0000000091a00000, 0x0000000091b00000|  0%| F|  |TAMS 0x0000000091a00000| PB 0x0000000091a00000| Untracked 
| 283|0x0000000091b00000, 0x0000000091b00000, 0x0000000091c00000|  0%| F|  |TAMS 0x0000000091b00000| PB 0x0000000091b00000| Untracked 
| 284|0x0000000091c00000, 0x0000000091c00000, 0x0000000091d00000|  0%| F|  |TAMS 0x0000000091c00000| PB 0x0000000091c00000| Untracked 
| 285|0x0000000091d00000, 0x0000000091d00000, 0x0000000091e00000|  0%| F|  |TAMS 0x0000000091d00000| PB 0x0000000091d00000| Untracked 
| 286|0x0000000091e00000, 0x0000000091e00000, 0x0000000091f00000|  0%| F|  |TAMS 0x0000000091e00000| PB 0x0000000091e00000| Untracked 
| 287|0x0000000091f00000, 0x0000000091f00000, 0x0000000092000000|  0%| F|  |TAMS 0x0000000091f00000| PB 0x0000000091f00000| Untracked 
| 288|0x0000000092000000, 0x0000000092000000, 0x0000000092100000|  0%| F|  |TAMS 0x0000000092000000| PB 0x0000000092000000| Untracked 
| 289|0x0000000092100000, 0x0000000092100000, 0x0000000092200000|  0%| F|  |TAMS 0x0000000092100000| PB 0x0000000092100000| Untracked 
| 290|0x0000000092200000, 0x0000000092200000, 0x0000000092300000|  0%| F|  |TAMS 0x0000000092200000| PB 0x0000000092200000| Untracked 
| 291|0x0000000092300000, 0x0000000092300000, 0x0000000092400000|  0%| F|  |TAMS 0x0000000092300000| PB 0x0000000092300000| Untracked 
| 292|0x0000000092400000, 0x0000000092400000, 0x0000000092500000|  0%| F|  |TAMS 0x0000000092400000| PB 0x0000000092400000| Untracked 
| 293|0x0000000092500000, 0x0000000092500000, 0x0000000092600000|  0%| F|  |TAMS 0x0000000092500000| PB 0x0000000092500000| Untracked 
| 294|0x0000000092600000, 0x0000000092600000, 0x0000000092700000|  0%| F|  |TAMS 0x0000000092600000| PB 0x0000000092600000| Untracked 
| 295|0x0000000092700000, 0x0000000092700000, 0x0000000092800000|  0%| F|  |TAMS 0x0000000092700000| PB 0x0000000092700000| Untracked 
| 296|0x0000000092800000, 0x0000000092800000, 0x0000000092900000|  0%| F|  |TAMS 0x0000000092800000| PB 0x0000000092800000| Untracked 
| 297|0x0000000092900000, 0x0000000092900000, 0x0000000092a00000|  0%| F|  |TAMS 0x0000000092900000| PB 0x0000000092900000| Untracked 
| 298|0x0000000092a00000, 0x0000000092a00000, 0x0000000092b00000|  0%| F|  |TAMS 0x0000000092a00000| PB 0x0000000092a00000| Untracked 
| 299|0x0000000092b00000, 0x0000000092b00000, 0x0000000092c00000|  0%| F|  |TAMS 0x0000000092b00000| PB 0x0000000092b00000| Untracked 
| 300|0x0000000092c00000, 0x0000000092c00000, 0x0000000092d00000|  0%| F|  |TAMS 0x0000000092c00000| PB 0x0000000092c00000| Untracked 
| 301|0x0000000092d00000, 0x0000000092d00000, 0x0000000092e00000|  0%| F|  |TAMS 0x0000000092d00000| PB 0x0000000092d00000| Untracked 
| 302|0x0000000092e00000, 0x0000000092e00000, 0x0000000092f00000|  0%| F|  |TAMS 0x0000000092e00000| PB 0x0000000092e00000| Untracked 
| 303|0x0000000092f00000, 0x0000000092f00000, 0x0000000093000000|  0%| F|  |TAMS 0x0000000092f00000| PB 0x0000000092f00000| Untracked 
| 304|0x0000000093000000, 0x0000000093000000, 0x0000000093100000|  0%| F|  |TAMS 0x0000000093000000| PB 0x0000000093000000| Untracked 
| 305|0x0000000093100000, 0x0000000093100000, 0x0000000093200000|  0%| F|  |TAMS 0x0000000093100000| PB 0x0000000093100000| Untracked 
| 306|0x0000000093200000, 0x0000000093200000, 0x0000000093300000|  0%| F|  |TAMS 0x0000000093200000| PB 0x0000000093200000| Untracked 
| 307|0x0000000093300000, 0x0000000093300000, 0x0000000093400000|  0%| F|  |TAMS 0x0000000093300000| PB 0x0000000093300000| Untracked 
| 308|0x0000000093400000, 0x0000000093400000, 0x0000000093500000|  0%| F|  |TAMS 0x0000000093400000| PB 0x0000000093400000| Untracked 
| 309|0x0000000093500000, 0x0000000093500000, 0x0000000093600000|  0%| F|  |TAMS 0x0000000093500000| PB 0x0000000093500000| Untracked 
| 310|0x0000000093600000, 0x0000000093600000, 0x0000000093700000|  0%| F|  |TAMS 0x0000000093600000| PB 0x0000000093600000| Untracked 
| 311|0x0000000093700000, 0x0000000093700000, 0x0000000093800000|  0%| F|  |TAMS 0x0000000093700000| PB 0x0000000093700000| Untracked 
| 312|0x0000000093800000, 0x0000000093800000, 0x0000000093900000|  0%| F|  |TAMS 0x0000000093800000| PB 0x0000000093800000| Untracked 
| 313|0x0000000093900000, 0x0000000093900000, 0x0000000093a00000|  0%| F|  |TAMS 0x0000000093900000| PB 0x0000000093900000| Untracked 
| 314|0x0000000093a00000, 0x0000000093a00000, 0x0000000093b00000|  0%| F|  |TAMS 0x0000000093a00000| PB 0x0000000093a00000| Untracked 
| 315|0x0000000093b00000, 0x0000000093b00000, 0x0000000093c00000|  0%| F|  |TAMS 0x0000000093b00000| PB 0x0000000093b00000| Untracked 
| 316|0x0000000093c00000, 0x0000000093c00000, 0x0000000093d00000|  0%| F|  |TAMS 0x0000000093c00000| PB 0x0000000093c00000| Untracked 
| 317|0x0000000093d00000, 0x0000000093d00000, 0x0000000093e00000|  0%| F|  |TAMS 0x0000000093d00000| PB 0x0000000093d00000| Untracked 
| 318|0x0000000093e00000, 0x0000000093e00000, 0x0000000093f00000|  0%| F|  |TAMS 0x0000000093e00000| PB 0x0000000093e00000| Untracked 
| 319|0x0000000093f00000, 0x0000000093f00000, 0x0000000094000000|  0%| F|  |TAMS 0x0000000093f00000| PB 0x0000000093f00000| Untracked 
| 320|0x0000000094000000, 0x0000000094000000, 0x0000000094100000|  0%| F|  |TAMS 0x0000000094000000| PB 0x0000000094000000| Untracked 
| 321|0x0000000094100000, 0x0000000094100000, 0x0000000094200000|  0%| F|  |TAMS 0x0000000094100000| PB 0x0000000094100000| Untracked 
| 322|0x0000000094200000, 0x0000000094200000, 0x0000000094300000|  0%| F|  |TAMS 0x0000000094200000| PB 0x0000000094200000| Untracked 
| 323|0x0000000094300000, 0x0000000094300000, 0x0000000094400000|  0%| F|  |TAMS 0x0000000094300000| PB 0x0000000094300000| Untracked 
| 324|0x0000000094400000, 0x0000000094400000, 0x0000000094500000|  0%| F|  |TAMS 0x0000000094400000| PB 0x0000000094400000| Untracked 
| 325|0x0000000094500000, 0x0000000094500000, 0x0000000094600000|  0%| F|  |TAMS 0x0000000094500000| PB 0x0000000094500000| Untracked 
| 326|0x0000000094600000, 0x0000000094600000, 0x0000000094700000|  0%| F|  |TAMS 0x0000000094600000| PB 0x0000000094600000| Untracked 
| 327|0x0000000094700000, 0x0000000094700000, 0x0000000094800000|  0%| F|  |TAMS 0x0000000094700000| PB 0x0000000094700000| Untracked 
| 328|0x0000000094800000, 0x0000000094800000, 0x0000000094900000|  0%| F|  |TAMS 0x0000000094800000| PB 0x0000000094800000| Untracked 
| 329|0x0000000094900000, 0x0000000094900000, 0x0000000094a00000|  0%| F|  |TAMS 0x0000000094900000| PB 0x0000000094900000| Untracked 
| 330|0x0000000094a00000, 0x0000000094a00000, 0x0000000094b00000|  0%| F|  |TAMS 0x0000000094a00000| PB 0x0000000094a00000| Untracked 
| 331|0x0000000094b00000, 0x0000000094b00000, 0x0000000094c00000|  0%| F|  |TAMS 0x0000000094b00000| PB 0x0000000094b00000| Untracked 
| 332|0x0000000094c00000, 0x0000000094c00000, 0x0000000094d00000|  0%| F|  |TAMS 0x0000000094c00000| PB 0x0000000094c00000| Untracked 
| 333|0x0000000094d00000, 0x0000000094d00000, 0x0000000094e00000|  0%| F|  |TAMS 0x0000000094d00000| PB 0x0000000094d00000| Untracked 
| 334|0x0000000094e00000, 0x0000000094e00000, 0x0000000094f00000|  0%| F|  |TAMS 0x0000000094e00000| PB 0x0000000094e00000| Untracked 
| 335|0x0000000094f00000, 0x0000000094f00000, 0x0000000095000000|  0%| F|  |TAMS 0x0000000094f00000| PB 0x0000000094f00000| Untracked 
| 336|0x0000000095000000, 0x0000000095000000, 0x0000000095100000|  0%| F|  |TAMS 0x0000000095000000| PB 0x0000000095000000| Untracked 
| 337|0x0000000095100000, 0x0000000095100000, 0x0000000095200000|  0%| F|  |TAMS 0x0000000095100000| PB 0x0000000095100000| Untracked 
| 338|0x0000000095200000, 0x0000000095200000, 0x0000000095300000|  0%| F|  |TAMS 0x0000000095200000| PB 0x0000000095200000| Untracked 
| 339|0x0000000095300000, 0x0000000095300000, 0x0000000095400000|  0%| F|  |TAMS 0x0000000095300000| PB 0x0000000095300000| Untracked 
| 340|0x0000000095400000, 0x0000000095400000, 0x0000000095500000|  0%| F|  |TAMS 0x0000000095400000| PB 0x0000000095400000| Untracked 
| 341|0x0000000095500000, 0x0000000095500000, 0x0000000095600000|  0%| F|  |TAMS 0x0000000095500000| PB 0x0000000095500000| Untracked 
| 342|0x0000000095600000, 0x0000000095600000, 0x0000000095700000|  0%| F|  |TAMS 0x0000000095600000| PB 0x0000000095600000| Untracked 
| 343|0x0000000095700000, 0x0000000095700000, 0x0000000095800000|  0%| F|  |TAMS 0x0000000095700000| PB 0x0000000095700000| Untracked 
| 344|0x0000000095800000, 0x0000000095800000, 0x0000000095900000|  0%| F|  |TAMS 0x0000000095800000| PB 0x0000000095800000| Untracked 
| 345|0x0000000095900000, 0x0000000095900000, 0x0000000095a00000|  0%| F|  |TAMS 0x0000000095900000| PB 0x0000000095900000| Untracked 
| 346|0x0000000095a00000, 0x0000000095a00000, 0x0000000095b00000|  0%| F|  |TAMS 0x0000000095a00000| PB 0x0000000095a00000| Untracked 
| 347|0x0000000095b00000, 0x0000000095b00000, 0x0000000095c00000|  0%| F|  |TAMS 0x0000000095b00000| PB 0x0000000095b00000| Untracked 
| 348|0x0000000095c00000, 0x0000000095c00000, 0x0000000095d00000|  0%| F|  |TAMS 0x0000000095c00000| PB 0x0000000095c00000| Untracked 
| 349|0x0000000095d00000, 0x0000000095d00000, 0x0000000095e00000|  0%| F|  |TAMS 0x0000000095d00000| PB 0x0000000095d00000| Untracked 
| 350|0x0000000095e00000, 0x0000000095e00000, 0x0000000095f00000|  0%| F|  |TAMS 0x0000000095e00000| PB 0x0000000095e00000| Untracked 
| 351|0x0000000095f00000, 0x0000000095f00000, 0x0000000096000000|  0%| F|  |TAMS 0x0000000095f00000| PB 0x0000000095f00000| Untracked 
| 352|0x0000000096000000, 0x0000000096000000, 0x0000000096100000|  0%| F|  |TAMS 0x0000000096000000| PB 0x0000000096000000| Untracked 
| 353|0x0000000096100000, 0x0000000096100000, 0x0000000096200000|  0%| F|  |TAMS 0x0000000096100000| PB 0x0000000096100000| Untracked 
| 354|0x0000000096200000, 0x0000000096200000, 0x0000000096300000|  0%| F|  |TAMS 0x0000000096200000| PB 0x0000000096200000| Untracked 
| 355|0x0000000096300000, 0x0000000096300000, 0x0000000096400000|  0%| F|  |TAMS 0x0000000096300000| PB 0x0000000096300000| Untracked 
| 356|0x0000000096400000, 0x0000000096400000, 0x0000000096500000|  0%| F|  |TAMS 0x0000000096400000| PB 0x0000000096400000| Untracked 
| 357|0x0000000096500000, 0x0000000096500000, 0x0000000096600000|  0%| F|  |TAMS 0x0000000096500000| PB 0x0000000096500000| Untracked 
| 358|0x0000000096600000, 0x0000000096600000, 0x0000000096700000|  0%| F|  |TAMS 0x0000000096600000| PB 0x0000000096600000| Untracked 
| 359|0x0000000096700000, 0x0000000096700000, 0x0000000096800000|  0%| F|  |TAMS 0x0000000096700000| PB 0x0000000096700000| Untracked 
| 360|0x0000000096800000, 0x0000000096800000, 0x0000000096900000|  0%| F|  |TAMS 0x0000000096800000| PB 0x0000000096800000| Untracked 
| 361|0x0000000096900000, 0x0000000096900000, 0x0000000096a00000|  0%| F|  |TAMS 0x0000000096900000| PB 0x0000000096900000| Untracked 
| 362|0x0000000096a00000, 0x0000000096a00000, 0x0000000096b00000|  0%| F|  |TAMS 0x0000000096a00000| PB 0x0000000096a00000| Untracked 
| 363|0x0000000096b00000, 0x0000000096b00000, 0x0000000096c00000|  0%| F|  |TAMS 0x0000000096b00000| PB 0x0000000096b00000| Untracked 
| 364|0x0000000096c00000, 0x0000000096c00000, 0x0000000096d00000|  0%| F|  |TAMS 0x0000000096c00000| PB 0x0000000096c00000| Untracked 
| 365|0x0000000096d00000, 0x0000000096d00000, 0x0000000096e00000|  0%| F|  |TAMS 0x0000000096d00000| PB 0x0000000096d00000| Untracked 
| 366|0x0000000096e00000, 0x0000000096e00000, 0x0000000096f00000|  0%| F|  |TAMS 0x0000000096e00000| PB 0x0000000096e00000| Untracked 
| 367|0x0000000096f00000, 0x0000000096f00000, 0x0000000097000000|  0%| F|  |TAMS 0x0000000096f00000| PB 0x0000000096f00000| Untracked 
| 368|0x0000000097000000, 0x0000000097000000, 0x0000000097100000|  0%| F|  |TAMS 0x0000000097000000| PB 0x0000000097000000| Untracked 
| 369|0x0000000097100000, 0x0000000097100000, 0x0000000097200000|  0%| F|  |TAMS 0x0000000097100000| PB 0x0000000097100000| Untracked 
| 370|0x0000000097200000, 0x0000000097200000, 0x0000000097300000|  0%| F|  |TAMS 0x0000000097200000| PB 0x0000000097200000| Untracked 
| 371|0x0000000097300000, 0x0000000097300000, 0x0000000097400000|  0%| F|  |TAMS 0x0000000097300000| PB 0x0000000097300000| Untracked 
| 372|0x0000000097400000, 0x0000000097400000, 0x0000000097500000|  0%| F|  |TAMS 0x0000000097400000| PB 0x0000000097400000| Untracked 
| 373|0x0000000097500000, 0x0000000097500000, 0x0000000097600000|  0%| F|  |TAMS 0x0000000097500000| PB 0x0000000097500000| Untracked 
| 374|0x0000000097600000, 0x0000000097600000, 0x0000000097700000|  0%| F|  |TAMS 0x0000000097600000| PB 0x0000000097600000| Untracked 
| 375|0x0000000097700000, 0x0000000097700000, 0x0000000097800000|  0%| F|  |TAMS 0x0000000097700000| PB 0x0000000097700000| Untracked 
| 376|0x0000000097800000, 0x0000000097800000, 0x0000000097900000|  0%| F|  |TAMS 0x0000000097800000| PB 0x0000000097800000| Untracked 
| 377|0x0000000097900000, 0x0000000097900000, 0x0000000097a00000|  0%| F|  |TAMS 0x0000000097900000| PB 0x0000000097900000| Untracked 
| 378|0x0000000097a00000, 0x0000000097a00000, 0x0000000097b00000|  0%| F|  |TAMS 0x0000000097a00000| PB 0x0000000097a00000| Untracked 
| 379|0x0000000097b00000, 0x0000000097b00000, 0x0000000097c00000|  0%| F|  |TAMS 0x0000000097b00000| PB 0x0000000097b00000| Untracked 
| 380|0x0000000097c00000, 0x0000000097c00000, 0x0000000097d00000|  0%| F|  |TAMS 0x0000000097c00000| PB 0x0000000097c00000| Untracked 
| 381|0x0000000097d00000, 0x0000000097d00000, 0x0000000097e00000|  0%| F|  |TAMS 0x0000000097d00000| PB 0x0000000097d00000| Untracked 
| 382|0x0000000097e00000, 0x0000000097e00000, 0x0000000097f00000|  0%| F|  |TAMS 0x0000000097e00000| PB 0x0000000097e00000| Untracked 
| 383|0x0000000097f00000, 0x0000000097f00000, 0x0000000098000000|  0%| F|  |TAMS 0x0000000097f00000| PB 0x0000000097f00000| Untracked 
| 384|0x0000000098000000, 0x0000000098000000, 0x0000000098100000|  0%| F|  |TAMS 0x0000000098000000| PB 0x0000000098000000| Untracked 
| 385|0x0000000098100000, 0x0000000098100000, 0x0000000098200000|  0%| F|  |TAMS 0x0000000098100000| PB 0x0000000098100000| Untracked 
| 386|0x0000000098200000, 0x0000000098200000, 0x0000000098300000|  0%| F|  |TAMS 0x0000000098200000| PB 0x0000000098200000| Untracked 
| 387|0x0000000098300000, 0x0000000098300000, 0x0000000098400000|  0%| F|  |TAMS 0x0000000098300000| PB 0x0000000098300000| Untracked 
| 388|0x0000000098400000, 0x0000000098400000, 0x0000000098500000|  0%| F|  |TAMS 0x0000000098400000| PB 0x0000000098400000| Untracked 
| 389|0x0000000098500000, 0x0000000098500000, 0x0000000098600000|  0%| F|  |TAMS 0x0000000098500000| PB 0x0000000098500000| Untracked 
| 390|0x0000000098600000, 0x0000000098600000, 0x0000000098700000|  0%| F|  |TAMS 0x0000000098600000| PB 0x0000000098600000| Untracked 
| 391|0x0000000098700000, 0x0000000098700000, 0x0000000098800000|  0%| F|  |TAMS 0x0000000098700000| PB 0x0000000098700000| Untracked 
| 392|0x0000000098800000, 0x0000000098800000, 0x0000000098900000|  0%| F|  |TAMS 0x0000000098800000| PB 0x0000000098800000| Untracked 
| 393|0x0000000098900000, 0x0000000098900000, 0x0000000098a00000|  0%| F|  |TAMS 0x0000000098900000| PB 0x0000000098900000| Untracked 
| 394|0x0000000098a00000, 0x0000000098a00000, 0x0000000098b00000|  0%| F|  |TAMS 0x0000000098a00000| PB 0x0000000098a00000| Untracked 
| 395|0x0000000098b00000, 0x0000000098b00000, 0x0000000098c00000|  0%| F|  |TAMS 0x0000000098b00000| PB 0x0000000098b00000| Untracked 
| 396|0x0000000098c00000, 0x0000000098c00000, 0x0000000098d00000|  0%| F|  |TAMS 0x0000000098c00000| PB 0x0000000098c00000| Untracked 
| 397|0x0000000098d00000, 0x0000000098d678f0, 0x0000000098e00000| 40%| S|CS|TAMS 0x0000000098d00000| PB 0x0000000098d00000| Complete 
| 398|0x0000000098e00000, 0x0000000098f00000, 0x0000000098f00000|100%| S|CS|TAMS 0x0000000098e00000| PB 0x0000000098e00000| Complete 
| 399|0x0000000098f00000, 0x0000000099000000, 0x0000000099000000|100%| S|CS|TAMS 0x0000000098f00000| PB 0x0000000098f00000| Complete 
| 400|0x0000000099000000, 0x0000000099100000, 0x0000000099100000|100%| S|CS|TAMS 0x0000000099000000| PB 0x0000000099000000| Complete 
| 401|0x0000000099100000, 0x0000000099200000, 0x0000000099200000|100%| S|CS|TAMS 0x0000000099100000| PB 0x0000000099100000| Complete 
| 402|0x0000000099200000, 0x0000000099300000, 0x0000000099300000|100%| S|CS|TAMS 0x0000000099200000| PB 0x0000000099200000| Complete 
| 403|0x0000000099300000, 0x0000000099400000, 0x0000000099400000|100%| S|CS|TAMS 0x0000000099300000| PB 0x0000000099300000| Complete 
| 404|0x0000000099400000, 0x0000000099500000, 0x0000000099500000|100%| S|CS|TAMS 0x0000000099400000| PB 0x0000000099400000| Complete 
| 405|0x0000000099500000, 0x0000000099600000, 0x0000000099600000|100%| S|CS|TAMS 0x0000000099500000| PB 0x0000000099500000| Complete 
| 406|0x0000000099600000, 0x0000000099700000, 0x0000000099700000|100%| S|CS|TAMS 0x0000000099600000| PB 0x0000000099600000| Complete 
| 407|0x0000000099700000, 0x0000000099800000, 0x0000000099800000|100%| S|CS|TAMS 0x0000000099700000| PB 0x0000000099700000| Complete 
| 408|0x0000000099800000, 0x0000000099900000, 0x0000000099900000|100%| S|CS|TAMS 0x0000000099800000| PB 0x0000000099800000| Complete 
| 409|0x0000000099900000, 0x0000000099900000, 0x0000000099a00000|  0%| F|  |TAMS 0x0000000099900000| PB 0x0000000099900000| Untracked 
| 410|0x0000000099a00000, 0x0000000099a00000, 0x0000000099b00000|  0%| F|  |TAMS 0x0000000099a00000| PB 0x0000000099a00000| Untracked 
| 411|0x0000000099b00000, 0x0000000099b00000, 0x0000000099c00000|  0%| F|  |TAMS 0x0000000099b00000| PB 0x0000000099b00000| Untracked 
| 412|0x0000000099c00000, 0x0000000099c00000, 0x0000000099d00000|  0%| F|  |TAMS 0x0000000099c00000| PB 0x0000000099c00000| Untracked 
| 413|0x0000000099d00000, 0x0000000099d00000, 0x0000000099e00000|  0%| F|  |TAMS 0x0000000099d00000| PB 0x0000000099d00000| Untracked 
| 414|0x0000000099e00000, 0x0000000099e00000, 0x0000000099f00000|  0%| F|  |TAMS 0x0000000099e00000| PB 0x0000000099e00000| Untracked 
| 415|0x0000000099f00000, 0x0000000099f00000, 0x000000009a000000|  0%| F|  |TAMS 0x0000000099f00000| PB 0x0000000099f00000| Untracked 
| 416|0x000000009a000000, 0x000000009a000000, 0x000000009a100000|  0%| F|  |TAMS 0x000000009a000000| PB 0x000000009a000000| Untracked 
| 417|0x000000009a100000, 0x000000009a100000, 0x000000009a200000|  0%| F|  |TAMS 0x000000009a100000| PB 0x000000009a100000| Untracked 
| 418|0x000000009a200000, 0x000000009a200000, 0x000000009a300000|  0%| F|  |TAMS 0x000000009a200000| PB 0x000000009a200000| Untracked 
| 419|0x000000009a300000, 0x000000009a300000, 0x000000009a400000|  0%| F|  |TAMS 0x000000009a300000| PB 0x000000009a300000| Untracked 
| 420|0x000000009a400000, 0x000000009a400000, 0x000000009a500000|  0%| F|  |TAMS 0x000000009a400000| PB 0x000000009a400000| Untracked 
| 421|0x000000009a500000, 0x000000009a500000, 0x000000009a600000|  0%| F|  |TAMS 0x000000009a500000| PB 0x000000009a500000| Untracked 
| 422|0x000000009a600000, 0x000000009a600000, 0x000000009a700000|  0%| F|  |TAMS 0x000000009a600000| PB 0x000000009a600000| Untracked 
| 423|0x000000009a700000, 0x000000009a700000, 0x000000009a800000|  0%| F|  |TAMS 0x000000009a700000| PB 0x000000009a700000| Untracked 
| 424|0x000000009a800000, 0x000000009a800000, 0x000000009a900000|  0%| F|  |TAMS 0x000000009a800000| PB 0x000000009a800000| Untracked 
| 425|0x000000009a900000, 0x000000009a900000, 0x000000009aa00000|  0%| F|  |TAMS 0x000000009a900000| PB 0x000000009a900000| Untracked 
| 426|0x000000009aa00000, 0x000000009aa00000, 0x000000009ab00000|  0%| F|  |TAMS 0x000000009aa00000| PB 0x000000009aa00000| Untracked 
| 427|0x000000009ab00000, 0x000000009ab00000, 0x000000009ac00000|  0%| F|  |TAMS 0x000000009ab00000| PB 0x000000009ab00000| Untracked 
| 428|0x000000009ac00000, 0x000000009ac00000, 0x000000009ad00000|  0%| F|  |TAMS 0x000000009ac00000| PB 0x000000009ac00000| Untracked 
| 429|0x000000009ad00000, 0x000000009ad00000, 0x000000009ae00000|  0%| F|  |TAMS 0x000000009ad00000| PB 0x000000009ad00000| Untracked 
| 430|0x000000009ae00000, 0x000000009ae00000, 0x000000009af00000|  0%| F|  |TAMS 0x000000009ae00000| PB 0x000000009ae00000| Untracked 
| 431|0x000000009af00000, 0x000000009af00000, 0x000000009b000000|  0%| F|  |TAMS 0x000000009af00000| PB 0x000000009af00000| Untracked 
| 432|0x000000009b000000, 0x000000009b000000, 0x000000009b100000|  0%| F|  |TAMS 0x000000009b000000| PB 0x000000009b000000| Untracked 
| 433|0x000000009b100000, 0x000000009b100000, 0x000000009b200000|  0%| F|  |TAMS 0x000000009b100000| PB 0x000000009b100000| Untracked 
| 434|0x000000009b200000, 0x000000009b200000, 0x000000009b300000|  0%| F|  |TAMS 0x000000009b200000| PB 0x000000009b200000| Untracked 
| 435|0x000000009b300000, 0x000000009b300000, 0x000000009b400000|  0%| F|  |TAMS 0x000000009b300000| PB 0x000000009b300000| Untracked 
| 436|0x000000009b400000, 0x000000009b400000, 0x000000009b500000|  0%| F|  |TAMS 0x000000009b400000| PB 0x000000009b400000| Untracked 
| 437|0x000000009b500000, 0x000000009b500000, 0x000000009b600000|  0%| F|  |TAMS 0x000000009b500000| PB 0x000000009b500000| Untracked 
| 438|0x000000009b600000, 0x000000009b600000, 0x000000009b700000|  0%| F|  |TAMS 0x000000009b600000| PB 0x000000009b600000| Untracked 
| 439|0x000000009b700000, 0x000000009b700000, 0x000000009b800000|  0%| F|  |TAMS 0x000000009b700000| PB 0x000000009b700000| Untracked 
| 440|0x000000009b800000, 0x000000009b800000, 0x000000009b900000|  0%| F|  |TAMS 0x000000009b800000| PB 0x000000009b800000| Untracked 
| 441|0x000000009b900000, 0x000000009b900000, 0x000000009ba00000|  0%| F|  |TAMS 0x000000009b900000| PB 0x000000009b900000| Untracked 
| 442|0x000000009ba00000, 0x000000009ba00000, 0x000000009bb00000|  0%| F|  |TAMS 0x000000009ba00000| PB 0x000000009ba00000| Untracked 
| 443|0x000000009bb00000, 0x000000009bbcb408, 0x000000009bc00000| 79%| E|  |TAMS 0x000000009bb00000| PB 0x000000009bb00000| Complete 
| 444|0x000000009bc00000, 0x000000009bd00000, 0x000000009bd00000|100%| E|CS|TAMS 0x000000009bc00000| PB 0x000000009bc00000| Complete 
| 445|0x000000009bd00000, 0x000000009be00000, 0x000000009be00000|100%| E|CS|TAMS 0x000000009bd00000| PB 0x000000009bd00000| Complete 
| 446|0x000000009be00000, 0x000000009bf00000, 0x000000009bf00000|100%| E|CS|TAMS 0x000000009be00000| PB 0x000000009be00000| Complete 
| 447|0x000000009bf00000, 0x000000009c000000, 0x000000009c000000|100%| E|CS|TAMS 0x000000009bf00000| PB 0x000000009bf00000| Complete 
| 448|0x000000009c000000, 0x000000009c100000, 0x000000009c100000|100%| E|CS|TAMS 0x000000009c000000| PB 0x000000009c000000| Complete 
| 449|0x000000009c100000, 0x000000009c200000, 0x000000009c200000|100%| E|CS|TAMS 0x000000009c100000| PB 0x000000009c100000| Complete 
| 450|0x000000009c200000, 0x000000009c300000, 0x000000009c300000|100%| E|CS|TAMS 0x000000009c200000| PB 0x000000009c200000| Complete 
| 451|0x000000009c300000, 0x000000009c400000, 0x000000009c400000|100%| E|CS|TAMS 0x000000009c300000| PB 0x000000009c300000| Complete 
| 452|0x000000009c400000, 0x000000009c500000, 0x000000009c500000|100%| E|CS|TAMS 0x000000009c400000| PB 0x000000009c400000| Complete 
| 453|0x000000009c500000, 0x000000009c600000, 0x000000009c600000|100%| E|CS|TAMS 0x000000009c500000| PB 0x000000009c500000| Complete 
| 454|0x000000009c600000, 0x000000009c700000, 0x000000009c700000|100%| E|CS|TAMS 0x000000009c600000| PB 0x000000009c600000| Complete 
| 455|0x000000009c700000, 0x000000009c800000, 0x000000009c800000|100%| E|CS|TAMS 0x000000009c700000| PB 0x000000009c700000| Complete 
| 456|0x000000009c800000, 0x000000009c900000, 0x000000009c900000|100%| E|CS|TAMS 0x000000009c800000| PB 0x000000009c800000| Complete 
| 457|0x000000009c900000, 0x000000009ca00000, 0x000000009ca00000|100%| E|CS|TAMS 0x000000009c900000| PB 0x000000009c900000| Complete 
| 458|0x000000009ca00000, 0x000000009cb00000, 0x000000009cb00000|100%| E|CS|TAMS 0x000000009ca00000| PB 0x000000009ca00000| Complete 
| 459|0x000000009cb00000, 0x000000009cc00000, 0x000000009cc00000|100%| E|CS|TAMS 0x000000009cb00000| PB 0x000000009cb00000| Complete 
| 460|0x000000009cc00000, 0x000000009cd00000, 0x000000009cd00000|100%| E|CS|TAMS 0x000000009cc00000| PB 0x000000009cc00000| Complete 
| 461|0x000000009cd00000, 0x000000009ce00000, 0x000000009ce00000|100%| E|CS|TAMS 0x000000009cd00000| PB 0x000000009cd00000| Complete 
| 462|0x000000009ce00000, 0x000000009cf00000, 0x000000009cf00000|100%| E|CS|TAMS 0x000000009ce00000| PB 0x000000009ce00000| Complete 
| 463|0x000000009cf00000, 0x000000009d000000, 0x000000009d000000|100%| E|CS|TAMS 0x000000009cf00000| PB 0x000000009cf00000| Complete 
| 464|0x000000009d000000, 0x000000009d100000, 0x000000009d100000|100%| E|CS|TAMS 0x000000009d000000| PB 0x000000009d000000| Complete 
| 465|0x000000009d100000, 0x000000009d200000, 0x000000009d200000|100%| E|CS|TAMS 0x000000009d100000| PB 0x000000009d100000| Complete 
| 466|0x000000009d200000, 0x000000009d300000, 0x000000009d300000|100%| E|CS|TAMS 0x000000009d200000| PB 0x000000009d200000| Complete 
| 467|0x000000009d300000, 0x000000009d400000, 0x000000009d400000|100%| E|CS|TAMS 0x000000009d300000| PB 0x000000009d300000| Complete 
| 468|0x000000009d400000, 0x000000009d500000, 0x000000009d500000|100%| E|CS|TAMS 0x000000009d400000| PB 0x000000009d400000| Complete 
| 469|0x000000009d500000, 0x000000009d600000, 0x000000009d600000|100%| E|CS|TAMS 0x000000009d500000| PB 0x000000009d500000| Complete 
| 470|0x000000009d600000, 0x000000009d700000, 0x000000009d700000|100%| E|CS|TAMS 0x000000009d600000| PB 0x000000009d600000| Complete 
| 471|0x000000009d700000, 0x000000009d800000, 0x000000009d800000|100%| E|CS|TAMS 0x000000009d700000| PB 0x000000009d700000| Complete 
| 472|0x000000009d800000, 0x000000009d900000, 0x000000009d900000|100%| E|CS|TAMS 0x000000009d800000| PB 0x000000009d800000| Complete 
| 473|0x000000009d900000, 0x000000009da00000, 0x000000009da00000|100%| E|CS|TAMS 0x000000009d900000| PB 0x000000009d900000| Complete 
| 474|0x000000009da00000, 0x000000009db00000, 0x000000009db00000|100%| E|CS|TAMS 0x000000009da00000| PB 0x000000009da00000| Complete 
| 475|0x000000009db00000, 0x000000009dc00000, 0x000000009dc00000|100%| E|CS|TAMS 0x000000009db00000| PB 0x000000009db00000| Complete 
| 476|0x000000009dc00000, 0x000000009dd00000, 0x000000009dd00000|100%| E|CS|TAMS 0x000000009dc00000| PB 0x000000009dc00000| Complete 
| 477|0x000000009dd00000, 0x000000009de00000, 0x000000009de00000|100%| E|CS|TAMS 0x000000009dd00000| PB 0x000000009dd00000| Complete 
| 478|0x000000009de00000, 0x000000009df00000, 0x000000009df00000|100%| E|CS|TAMS 0x000000009de00000| PB 0x000000009de00000| Complete 
| 479|0x000000009df00000, 0x000000009e000000, 0x000000009e000000|100%| E|CS|TAMS 0x000000009df00000| PB 0x000000009df00000| Complete 
| 480|0x000000009e000000, 0x000000009e100000, 0x000000009e100000|100%| E|CS|TAMS 0x000000009e000000| PB 0x000000009e000000| Complete 
| 481|0x000000009e100000, 0x000000009e200000, 0x000000009e200000|100%| E|CS|TAMS 0x000000009e100000| PB 0x000000009e100000| Complete 
| 482|0x000000009e200000, 0x000000009e300000, 0x000000009e300000|100%| E|CS|TAMS 0x000000009e200000| PB 0x000000009e200000| Complete 
| 483|0x000000009e300000, 0x000000009e400000, 0x000000009e400000|100%| E|CS|TAMS 0x000000009e300000| PB 0x000000009e300000| Complete 
| 484|0x000000009e400000, 0x000000009e500000, 0x000000009e500000|100%| E|CS|TAMS 0x000000009e400000| PB 0x000000009e400000| Complete 
| 485|0x000000009e500000, 0x000000009e600000, 0x000000009e600000|100%| E|CS|TAMS 0x000000009e500000| PB 0x000000009e500000| Complete 
|2018|0x00000000fe200000, 0x00000000fe300000, 0x00000000fe300000|100%| E|CS|TAMS 0x00000000fe200000| PB 0x00000000fe200000| Complete 
|2019|0x00000000fe300000, 0x00000000fe400000, 0x00000000fe400000|100%| E|CS|TAMS 0x00000000fe300000| PB 0x00000000fe300000| Complete 
|2020|0x00000000fe400000, 0x00000000fe500000, 0x00000000fe500000|100%| O|  |TAMS 0x00000000fe400000| PB 0x00000000fe400000| Untracked 
|2021|0x00000000fe500000, 0x00000000fe600000, 0x00000000fe600000|100%| E|CS|TAMS 0x00000000fe500000| PB 0x00000000fe500000| Complete 
|2022|0x00000000fe600000, 0x00000000fe700000, 0x00000000fe700000|100%| O|  |TAMS 0x00000000fe600000| PB 0x00000000fe600000| Untracked 
|2023|0x00000000fe700000, 0x00000000fe800000, 0x00000000fe800000|100%| E|CS|TAMS 0x00000000fe700000| PB 0x00000000fe700000| Complete 
|2024|0x00000000fe800000, 0x00000000fe900000, 0x00000000fe900000|100%| O|  |TAMS 0x00000000fe800000| PB 0x00000000fe800000| Untracked 
|2025|0x00000000fe900000, 0x00000000fea00000, 0x00000000fea00000|100%| E|CS|TAMS 0x00000000fe900000| PB 0x00000000fe900000| Complete 
|2026|0x00000000fea00000, 0x00000000feb00000, 0x00000000feb00000|100%| E|CS|TAMS 0x00000000fea00000| PB 0x00000000fea00000| Complete 
|2027|0x00000000feb00000, 0x00000000fec00000, 0x00000000fec00000|100%| O|  |TAMS 0x00000000feb00000| PB 0x00000000feb00000| Untracked 
|2028|0x00000000fec00000, 0x00000000fed00000, 0x00000000fed00000|100%| O|  |TAMS 0x00000000fec00000| PB 0x00000000fec00000| Untracked 
|2029|0x00000000fed00000, 0x00000000fee00000, 0x00000000fee00000|100%| O|  |TAMS 0x00000000fed00000| PB 0x00000000fed00000| Untracked 
|2030|0x00000000fee00000, 0x00000000fef00000, 0x00000000fef00000|100%| O|  |TAMS 0x00000000fee00000| PB 0x00000000fee00000| Untracked 
|2031|0x00000000fef00000, 0x00000000ff000000, 0x00000000ff000000|100%| O|  |TAMS 0x00000000fef00000| PB 0x00000000fef00000| Untracked 
|2032|0x00000000ff000000, 0x00000000ff100000, 0x00000000ff100000|100%| O|  |TAMS 0x00000000ff000000| PB 0x00000000ff000000| Untracked 
|2033|0x00000000ff100000, 0x00000000ff200000, 0x00000000ff200000|100%| O|  |TAMS 0x00000000ff100000| PB 0x00000000ff100000| Untracked 
|2034|0x00000000ff200000, 0x00000000ff300000, 0x00000000ff300000|100%| E|CS|TAMS 0x00000000ff200000| PB 0x00000000ff200000| Complete 
|2035|0x00000000ff300000, 0x00000000ff400000, 0x00000000ff400000|100%| E|CS|TAMS 0x00000000ff300000| PB 0x00000000ff300000| Complete 
|2036|0x00000000ff400000, 0x00000000ff500000, 0x00000000ff500000|100%| E|CS|TAMS 0x00000000ff400000| PB 0x00000000ff400000| Complete 
|2037|0x00000000ff500000, 0x00000000ff600000, 0x00000000ff600000|100%| E|CS|TAMS 0x00000000ff500000| PB 0x00000000ff500000| Complete 
|2038|0x00000000ff600000, 0x00000000ff700000, 0x00000000ff700000|100%| O|  |TAMS 0x00000000ff600000| PB 0x00000000ff600000| Untracked 
|2039|0x00000000ff700000, 0x00000000ff800000, 0x00000000ff800000|100%| O|  |TAMS 0x00000000ff700000| PB 0x00000000ff700000| Untracked 
|2040|0x00000000ff800000, 0x00000000ff900000, 0x00000000ff900000|100%| O|  |TAMS 0x00000000ff800000| PB 0x00000000ff800000| Untracked 
|2041|0x00000000ff900000, 0x00000000ffa00000, 0x00000000ffa00000|100%| O|  |TAMS 0x00000000ff900000| PB 0x00000000ff900000| Untracked 
|2042|0x00000000ffa00000, 0x00000000ffb00000, 0x00000000ffb00000|100%| O|  |TAMS 0x00000000ffa00000| PB 0x00000000ffa00000| Untracked 
|2043|0x00000000ffb00000, 0x00000000ffc00000, 0x00000000ffc00000|100%| O|  |TAMS 0x00000000ffb00000| PB 0x00000000ffb00000| Untracked 
|2044|0x00000000ffc00000, 0x00000000ffd00000, 0x00000000ffd00000|100%| O|  |TAMS 0x00000000ffc00000| PB 0x00000000ffc00000| Untracked 
|2045|0x00000000ffd00000, 0x00000000ffe00000, 0x00000000ffe00000|100%| O|  |TAMS 0x00000000ffd00000| PB 0x00000000ffd00000| Untracked 
|2046|0x00000000ffe00000, 0x00000000fff00000, 0x00000000fff00000|100%| O|  |TAMS 0x00000000ffe00000| PB 0x00000000ffe00000| Untracked 
|2047|0x00000000fff00000, 0x0000000100000000, 0x0000000100000000|100%| O|  |TAMS 0x00000000fff00000| PB 0x00000000fff00000| Untracked 

Card table byte_map: [0x00000216ac7e0000,0x00000216acbe0000] _byte_map_base: 0x00000216ac3e0000

Marking Bits: (CMBitMap*) 0x0000021699ceac30
 Bits: [0x00000216acbe0000, 0x00000216aebe0000)

Polling page: 0x0000021697ac0000

Metaspace:

Usage:
  Non-class:    132.19 MB used.
      Class:     20.01 MB used.
       Both:    152.20 MB used.

Virtual space:
  Non-class space:      192.00 MB reserved,     133.56 MB ( 70%) committed,  3 nodes.
      Class space:      832.00 MB reserved,      21.38 MB (  3%) committed,  1 nodes.
             Both:        1.00 GB reserved,     154.94 MB ( 15%) committed. 

Chunk freelists:
   Non-Class:  10.30 MB
       Class:  10.48 MB
        Both:  20.78 MB

MaxMetaspaceSize: 1.00 GB
CompressedClassSpaceSize: 832.00 MB
Initial GC threshold: 21.00 MB
Current GC threshold: 257.94 MB
CDS: on
 - commit_granule_bytes: 65536.
 - commit_granule_words: 8192.
 - virtual_space_node_default_size: 8388608.
 - enlarge_chunks_in_place: 1.
 - use_allocation_guard: 0.


Internal statistics:

num_allocs_failed_limit: 9.
num_arena_births: 5032.
num_arena_deaths: 2.
num_vsnodes_births: 4.
num_vsnodes_deaths: 0.
num_space_committed: 2477.
num_space_uncommitted: 0.
num_chunks_returned_to_freelist: 15.
num_chunks_taken_from_freelist: 11621.
num_chunk_merges: 6.
num_chunk_splits: 7982.
num_chunks_enlarged: 5426.
num_inconsistent_stats: 0.

CodeHeap 'non-profiled nmethods': size=120000Kb used=13589Kb max_used=13858Kb free=106410Kb
 bounds [0x00000216a4960000, 0x00000216a56f0000, 0x00000216abe90000]
CodeHeap 'profiled nmethods': size=120000Kb used=32872Kb max_used=35796Kb free=87128Kb
 bounds [0x000002169ce90000, 0x000002169f240000, 0x00000216a43c0000]
CodeHeap 'non-nmethods': size=5760Kb used=2999Kb max_used=3136Kb free=2760Kb
 bounds [0x00000216a43c0000, 0x00000216a46f0000, 0x00000216a4960000]
CodeCache: size=245760Kb, used=49460Kb, max_used=52790Kb, free=196298Kb
 total_blobs=17755, nmethods=16530, adapters=1127, full_count=0
Compilation: enabled, stopped_count=0, restarted_count=0

Compilation events (20 events):
Event: 82.701 Thread 0x00000216b184eee0 nmethod 23184 0x000002169d897010 code [0x000002169d8972c0, 0x000002169d897f90]
Event: 82.701 Thread 0x00000216b184eee0 23197       3       org.jetbrains.kotlin.com.intellij.util.io.FileAccessorCache$Handle::close (5 bytes)
Event: 82.701 Thread 0x00000216b184eee0 nmethod 23197 0x000002169d54b690 code [0x000002169d54b840, 0x000002169d54b978]
Event: 82.702 Thread 0x00000216b184eee0 23198       3       org.jetbrains.kotlin.metadata.ProtoBuf$Expression::getSerializedSize (227 bytes)
Event: 82.703 Thread 0x00000216b184eee0 nmethod 23198 0x000002169da19590 code [0x000002169da199c0, 0x000002169da1b4c0]
Event: 82.704 Thread 0x00000216b184eee0 23199       3       org.jetbrains.kotlin.metadata.ProtoBuf$Effect::getSerializedSize (141 bytes)
Event: 82.704 Thread 0x00000216f17c5c80 23201       4       org.jetbrains.kotlin.metadata.ProtoBuf$TypeParameter::getSerializedSize (244 bytes)
Event: 82.705 Thread 0x00000216b184eee0 nmethod 23199 0x000002169db88e90 code [0x000002169db891c0, 0x000002169db8a270]
Event: 82.705 Thread 0x00000216b184eee0 23200       3       org.jetbrains.kotlin.metadata.ProtoBuf$Contract::getSerializedSize (72 bytes)
Event: 82.705 Thread 0x00000216b184eee0 nmethod 23200 0x000002169cf5a790 code [0x000002169cf5a9e0, 0x000002169cf5b268]
Event: 82.707 Thread 0x00000216b184eee0 23206       3       org.jetbrains.kotlin.serialization.deserialization.descriptors.DeserializedPackageMemberScope::<init> (151 bytes)
Event: 82.709 Thread 0x00000216b184eee0 nmethod 23206 0x000002169cf6ec90 code [0x000002169cf6f220, 0x000002169cf717d8]
Event: 82.709 Thread 0x00000216b184eee0 23208       3       java.util.Collections$UnmodifiableCollection::stream (10 bytes)
Event: 82.709 Thread 0x00000216b184eee0 nmethod 23208 0x000002169d2c0510 code [0x000002169d2c06c0, 0x000002169d2c0898]
Event: 82.709 Thread 0x00000216b184eee0 23207       3       org.jetbrains.kotlin.cli.jvm.index.JvmDependenciesIndex::findClass$default (39 bytes)
Event: 82.710 Thread 0x00000216b184eee0 nmethod 23207 0x000002169d665590 code [0x000002169d665780, 0x000002169d665b40]
Event: 83.275 Thread 0x00000216b184eee0 23210       3       java.util.HashMap$Values::spliterator (16 bytes)
Event: 83.276 Thread 0x00000216b184eee0 nmethod 23210 0x000002169db4fa10 code [0x000002169db4fbc0, 0x000002169db4fd88]
Event: 83.276 Thread 0x00000216b184eee0 23211       3       java.util.HashMap$ValueSpliterator::<init> (12 bytes)
Event: 83.276 Thread 0x00000216b184eee0 nmethod 23211 0x000002169d8b7010 code [0x000002169d8b71c0, 0x000002169d8b73f0]

GC Heap History (20 events):
Event: 71.420 GC heap before
{Heap before GC invocations=78 (full 0):
 garbage-first heap   total 528384K, used 499095K [0x0000000080000000, 0x0000000100000000)
  region size 1024K, 307 young (314368K), 16 survivors (16384K)
 Metaspace       used 155176K, committed 157888K, reserved 1048576K
  class space    used 20417K, committed 21760K, reserved 851968K
}
Event: 71.433 GC heap after
{Heap after GC invocations=79 (full 0):
 garbage-first heap   total 528384K, used 203159K [0x0000000080000000, 0x0000000100000000)
  region size 1024K, 17 young (17408K), 17 survivors (17408K)
 Metaspace       used 155176K, committed 157888K, reserved 1048576K
  class space    used 20417K, committed 21760K, reserved 851968K
}
Event: 72.340 GC heap before
{Heap before GC invocations=80 (full 0):
 garbage-first heap   total 528384K, used 499095K [0x0000000080000000, 0x0000000100000000)
  region size 1024K, 307 young (314368K), 17 survivors (17408K)
 Metaspace       used 155190K, committed 157888K, reserved 1048576K
  class space    used 20417K, committed 21760K, reserved 851968K
}
Event: 72.355 GC heap after
{Heap after GC invocations=81 (full 0):
 garbage-first heap   total 528384K, used 202437K [0x0000000080000000, 0x0000000100000000)
  region size 1024K, 18 young (18432K), 18 survivors (18432K)
 Metaspace       used 155190K, committed 157888K, reserved 1048576K
  class space    used 20417K, committed 21760K, reserved 851968K
}
Event: 72.935 GC heap before
{Heap before GC invocations=81 (full 0):
 garbage-first heap   total 528384K, used 500421K [0x0000000080000000, 0x0000000100000000)
  region size 1024K, 308 young (315392K), 18 survivors (18432K)
 Metaspace       used 155193K, committed 157888K, reserved 1048576K
  class space    used 20417K, committed 21760K, reserved 851968K
}
Event: 72.953 GC heap after
{Heap after GC invocations=82 (full 0):
 garbage-first heap   total 528384K, used 205284K [0x0000000080000000, 0x0000000100000000)
  region size 1024K, 20 young (20480K), 20 survivors (20480K)
 Metaspace       used 155193K, committed 157888K, reserved 1048576K
  class space    used 20417K, committed 21760K, reserved 851968K
}
Event: 73.676 GC heap before
{Heap before GC invocations=82 (full 0):
 garbage-first heap   total 528384K, used 499172K [0x0000000080000000, 0x0000000100000000)
  region size 1024K, 308 young (315392K), 20 survivors (20480K)
 Metaspace       used 155311K, committed 158016K, reserved 1048576K
  class space    used 20432K, committed 21760K, reserved 851968K
}
Event: 73.692 GC heap after
{Heap after GC invocations=83 (full 0):
 garbage-first heap   total 528384K, used 203578K [0x0000000080000000, 0x0000000100000000)
  region size 1024K, 19 young (19456K), 19 survivors (19456K)
 Metaspace       used 155311K, committed 158016K, reserved 1048576K
  class space    used 20432K, committed 21760K, reserved 851968K
}
Event: 74.542 GC heap before
{Heap before GC invocations=84 (full 0):
 garbage-first heap   total 528384K, used 498490K [0x0000000080000000, 0x0000000100000000)
  region size 1024K, 309 young (316416K), 19 survivors (19456K)
 Metaspace       used 155319K, committed 158016K, reserved 1048576K
  class space    used 20432K, committed 21760K, reserved 851968K
}
Event: 74.562 GC heap after
{Heap after GC invocations=85 (full 0):
 garbage-first heap   total 528384K, used 207318K [0x0000000080000000, 0x0000000100000000)
  region size 1024K, 22 young (22528K), 22 survivors (22528K)
 Metaspace       used 155319K, committed 158016K, reserved 1048576K
  class space    used 20432K, committed 21760K, reserved 851968K
}
Event: 75.344 GC heap before
{Heap before GC invocations=85 (full 0):
 garbage-first heap   total 528384K, used 499158K [0x0000000080000000, 0x0000000100000000)
  region size 1024K, 308 young (315392K), 22 survivors (22528K)
 Metaspace       used 155338K, committed 158016K, reserved 1048576K
  class space    used 20432K, committed 21760K, reserved 851968K
}
Event: 75.364 GC heap after
{Heap after GC invocations=86 (full 0):
 garbage-first heap   total 528384K, used 195946K [0x0000000080000000, 0x0000000100000000)
  region size 1024K, 13 young (13312K), 13 survivors (13312K)
 Metaspace       used 155338K, committed 158016K, reserved 1048576K
  class space    used 20432K, committed 21760K, reserved 851968K
}
Event: 76.691 GC heap before
{Heap before GC invocations=86 (full 0):
 garbage-first heap   total 528384K, used 361834K [0x0000000080000000, 0x0000000100000000)
  region size 1024K, 177 young (181248K), 13 survivors (13312K)
 Metaspace       used 155423K, committed 158080K, reserved 1048576K
  class space    used 20445K, committed 21760K, reserved 851968K
}
Event: 76.712 GC heap after
{Heap after GC invocations=87 (full 0):
 garbage-first heap   total 528384K, used 195325K [0x0000000080000000, 0x0000000100000000)
  region size 1024K, 12 young (12288K), 12 survivors (12288K)
 Metaspace       used 155423K, committed 158080K, reserved 1048576K
  class space    used 20445K, committed 21760K, reserved 851968K
}
Event: 79.442 GC heap before
{Heap before GC invocations=88 (full 0):
 garbage-first heap   total 528384K, used 502525K [0x0000000080000000, 0x0000000100000000)
  region size 1024K, 309 young (316416K), 12 survivors (12288K)
 Metaspace       used 155467K, committed 158208K, reserved 1048576K
  class space    used 20448K, committed 21824K, reserved 851968K
}
Event: 79.461 GC heap after
{Heap after GC invocations=89 (full 0):
 garbage-first heap   total 528384K, used 195540K [0x0000000080000000, 0x0000000100000000)
  region size 1024K, 12 young (12288K), 12 survivors (12288K)
 Metaspace       used 155467K, committed 158208K, reserved 1048576K
  class space    used 20448K, committed 21824K, reserved 851968K
}
Event: 81.259 GC heap before
{Heap before GC invocations=89 (full 0):
 garbage-first heap   total 528384K, used 500692K [0x0000000080000000, 0x0000000100000000)
  region size 1024K, 309 young (316416K), 12 survivors (12288K)
 Metaspace       used 155473K, committed 158208K, reserved 1048576K
  class space    used 20448K, committed 21824K, reserved 851968K
}
Event: 81.278 GC heap after
{Heap after GC invocations=90 (full 0):
 garbage-first heap   total 528384K, used 194904K [0x0000000080000000, 0x0000000100000000)
  region size 1024K, 12 young (12288K), 12 survivors (12288K)
 Metaspace       used 155473K, committed 158208K, reserved 1048576K
  class space    used 20448K, committed 21824K, reserved 851968K
}
Event: 82.129 GC heap before
{Heap before GC invocations=90 (full 0):
 garbage-first heap   total 528384K, used 282968K [0x0000000080000000, 0x0000000100000000)
  region size 1024K, 99 young (101376K), 12 survivors (12288K)
 Metaspace       used 155743K, committed 158464K, reserved 1048576K
  class space    used 20481K, committed 21824K, reserved 851968K
}
Event: 82.146 GC heap after
{Heap after GC invocations=91 (full 0):
 garbage-first heap   total 528384K, used 195462K [0x0000000080000000, 0x0000000100000000)
  region size 1024K, 12 young (12288K), 12 survivors (12288K)
 Metaspace       used 155743K, committed 158464K, reserved 1048576K
  class space    used 20481K, committed 21824K, reserved 851968K
}

Dll operation events (14 events):
Event: 0.028 Loaded shared library C:\Users\DELL\.antigravity-ide\extensions\redhat.java-1.54.0-win32-x64\jre\21.0.10-win32-x86_64\bin\java.dll
Event: 0.198 Loaded shared library C:\Users\DELL\.antigravity-ide\extensions\redhat.java-1.54.0-win32-x64\jre\21.0.10-win32-x86_64\bin\zip.dll
Event: 0.253 Loaded shared library C:\Users\DELL\.antigravity-ide\extensions\redhat.java-1.54.0-win32-x64\jre\21.0.10-win32-x86_64\bin\instrument.dll
Event: 0.262 Loaded shared library C:\Users\DELL\.antigravity-ide\extensions\redhat.java-1.54.0-win32-x64\jre\21.0.10-win32-x86_64\bin\net.dll
Event: 0.268 Loaded shared library C:\Users\DELL\.antigravity-ide\extensions\redhat.java-1.54.0-win32-x64\jre\21.0.10-win32-x86_64\bin\nio.dll
Event: 0.274 Loaded shared library C:\Users\DELL\.antigravity-ide\extensions\redhat.java-1.54.0-win32-x64\jre\21.0.10-win32-x86_64\bin\zip.dll
Event: 1.254 Loaded shared library C:\Users\DELL\.antigravity-ide\extensions\redhat.java-1.54.0-win32-x64\jre\21.0.10-win32-x86_64\bin\jimage.dll
Event: 1.719 Loaded shared library C:\Users\DELL\.antigravity-ide\extensions\redhat.java-1.54.0-win32-x64\jre\21.0.10-win32-x86_64\bin\verify.dll
Event: 1.935 Loaded shared library C:\Users\DELL\.gradle\native\1def1411415f61bf3af743bc5b6707747c0891f09f0c88961ee8f79bc544acac\windows-amd64\native-platform.dll
Event: 1.967 Loaded shared library C:\Users\DELL\.gradle\native\0.2.7\x86_64-windows-gnu\gradle-fileevents.dll
Event: 4.184 Loaded shared library C:\Users\DELL\.antigravity-ide\extensions\redhat.java-1.54.0-win32-x64\jre\21.0.10-win32-x86_64\bin\management.dll
Event: 4.190 Loaded shared library C:\Users\DELL\.antigravity-ide\extensions\redhat.java-1.54.0-win32-x64\jre\21.0.10-win32-x86_64\bin\management_ext.dll
Event: 4.531 Loaded shared library C:\Users\DELL\.antigravity-ide\extensions\redhat.java-1.54.0-win32-x64\jre\21.0.10-win32-x86_64\bin\extnet.dll
Event: 4.835 Loaded shared library C:\Users\DELL\.antigravity-ide\extensions\redhat.java-1.54.0-win32-x64\jre\21.0.10-win32-x86_64\bin\sunmscapi.dll

Deoptimization events (20 events):
Event: 82.578 Thread 0x00000216eca40920 Uncommon trap: trap_request=0xffffffde fr.pc=0x00000216a4f7156c relative=0x000000000000062c
Event: 82.578 Thread 0x00000216eca40920 Uncommon trap: reason=class_check action=maybe_recompile pc=0x00000216a4f7156c method=org.jetbrains.kotlin.metadata.ProtoBuf$TypeParameter.getSerializedSize()I @ 153 c2
Event: 82.579 Thread 0x00000216eca40920 DEOPT PACKING pc=0x00000216a4f7156c sp=0x000000a0e99f3430
Event: 82.579 Thread 0x00000216eca40920 DEOPT UNPACKING pc=0x00000216a4414422 sp=0x000000a0e99f33c8 mode 2
Event: 82.654 Thread 0x00000216eca40920 Uncommon trap: trap_request=0xffffffde fr.pc=0x00000216a531e71c relative=0x000000000000029c
Event: 82.654 Thread 0x00000216eca40920 Uncommon trap: reason=class_check action=maybe_recompile pc=0x00000216a531e71c method=java.util.regex.Pattern$CharProperty.match(Ljava/util/regex/Matcher;ILjava/lang/CharSequence;)Z @ 37 c2
Event: 82.654 Thread 0x00000216eca40920 DEOPT PACKING pc=0x00000216a531e71c sp=0x000000a0e99f2d30
Event: 82.654 Thread 0x00000216eca40920 DEOPT UNPACKING pc=0x00000216a4414422 sp=0x000000a0e99f2cc0 mode 2
Event: 82.654 Thread 0x00000216eca40920 Uncommon trap: trap_request=0xffffffde fr.pc=0x00000216a531e71c relative=0x000000000000029c
Event: 82.654 Thread 0x00000216eca40920 Uncommon trap: reason=class_check action=maybe_recompile pc=0x00000216a531e71c method=java.util.regex.Pattern$CharProperty.match(Ljava/util/regex/Matcher;ILjava/lang/CharSequence;)Z @ 37 c2
Event: 82.654 Thread 0x00000216eca40920 DEOPT PACKING pc=0x00000216a531e71c sp=0x000000a0e99f2d30
Event: 82.654 Thread 0x00000216eca40920 DEOPT UNPACKING pc=0x00000216a4414422 sp=0x000000a0e99f2cc0 mode 2
Event: 82.654 Thread 0x00000216eca40920 Uncommon trap: trap_request=0xffffffde fr.pc=0x00000216a531e71c relative=0x000000000000029c
Event: 82.654 Thread 0x00000216eca40920 Uncommon trap: reason=class_check action=maybe_recompile pc=0x00000216a531e71c method=java.util.regex.Pattern$CharProperty.match(Ljava/util/regex/Matcher;ILjava/lang/CharSequence;)Z @ 37 c2
Event: 82.654 Thread 0x00000216eca40920 DEOPT PACKING pc=0x00000216a531e71c sp=0x000000a0e99f2d30
Event: 82.654 Thread 0x00000216eca40920 DEOPT UNPACKING pc=0x00000216a4414422 sp=0x000000a0e99f2cc0 mode 2
Event: 82.654 Thread 0x00000216eca40920 Uncommon trap: trap_request=0xffffffde fr.pc=0x00000216a531e71c relative=0x000000000000029c
Event: 82.654 Thread 0x00000216eca40920 Uncommon trap: reason=class_check action=maybe_recompile pc=0x00000216a531e71c method=java.util.regex.Pattern$CharProperty.match(Ljava/util/regex/Matcher;ILjava/lang/CharSequence;)Z @ 37 c2
Event: 82.654 Thread 0x00000216eca40920 DEOPT PACKING pc=0x00000216a531e71c sp=0x000000a0e99f2d30
Event: 82.654 Thread 0x00000216eca40920 DEOPT UNPACKING pc=0x00000216a4414422 sp=0x000000a0e99f2cc0 mode 2

Classes loaded (20 events):
Event: 48.549 Loading class sun/nio/cs/ISO_8859_1$Decoder
Event: 48.550 Loading class sun/nio/cs/ISO_8859_1$Decoder done
Event: 49.694 Loading class java/util/regex/Pattern$Pos
Event: 49.695 Loading class java/util/regex/Pattern$Pos done
Event: 49.993 Loading class java/util/Collections$UnmodifiableSortedMap
Event: 49.994 Loading class java/util/Collections$UnmodifiableSortedMap done
Event: 50.018 Loading class sun/nio/cs/US_ASCII$Decoder
Event: 50.018 Loading class sun/nio/cs/US_ASCII$Decoder done
Event: 53.352 Loading class java/util/concurrent/locks/ReentrantReadWriteLock$Sync$HoldCounter
Event: 53.352 Loading class java/util/concurrent/locks/ReentrantReadWriteLock$Sync$HoldCounter done
Event: 61.968 Loading class java/util/zip/Deflater
Event: 61.970 Loading class java/util/zip/Deflater done
Event: 61.972 Loading class java/util/zip/Deflater$DeflaterZStreamRef
Event: 61.972 Loading class java/util/zip/Deflater$DeflaterZStreamRef done
Event: 77.048 Loading class sun/security/ssl/Alert
Event: 77.049 Loading class sun/security/ssl/Alert done
Event: 77.049 Loading class sun/security/ssl/Alert$AlertConsumer
Event: 77.050 Loading class sun/security/ssl/Alert$AlertConsumer done
Event: 77.050 Loading class sun/security/ssl/Alert$Level
Event: 77.050 Loading class sun/security/ssl/Alert$Level done

Classes unloaded (5 events):
Event: 17.518 Thread 0x00000216b181b4f0 Unloading class 0x00000216b35d1000 '_BuildScript_$_run_closure1$_closure2'
Event: 17.518 Thread 0x00000216b181b4f0 Unloading class 0x00000216b35d0ab0 '_BuildScript_$_run_closure1'
Event: 17.518 Thread 0x00000216b181b4f0 Unloading class 0x00000216b35d0578 '_BuildScript_'
Event: 17.518 Thread 0x00000216b181b4f0 Unloading class 0x00000216b35d02b8 'GradleAnnotationProcessorPatchPlugin$AnnotationProcessorModelBuilder'
Event: 17.518 Thread 0x00000216b181b4f0 Unloading class 0x00000216b35d0000 'GradleAnnotationProcessorPatchPlugin'

Classes redefined (0 events):
No events

Internal exceptions (20 events):
Event: 74.709 Thread 0x00000216ede30a30 Exception <a 'sun/nio/fs/WindowsException'{0x000000009aa05cf8}> (0x000000009aa05cf8) 
thrown [s\src\hotspot\share\prims\jni.cpp, line 520]
Event: 74.749 Thread 0x00000216ef426ee0 Exception <a 'sun/nio/fs/WindowsException'{0x0000000099ed44b0}> (0x0000000099ed44b0) 
thrown [s\src\hotspot\share\prims\jni.cpp, line 520]
Event: 74.879 Thread 0x00000216ede34bd0 Exception <a 'sun/nio/fs/WindowsException'{0x000000009774d0a0}> (0x000000009774d0a0) 
thrown [s\src\hotspot\share\prims\jni.cpp, line 520]
Event: 74.907 Thread 0x00000216ede30a30 Exception <a 'sun/nio/fs/WindowsException'{0x00000000975f2938}> (0x00000000975f2938) 
thrown [s\src\hotspot\share\prims\jni.cpp, line 520]
Event: 74.996 Thread 0x00000216ef426ee0 Exception <a 'sun/nio/fs/WindowsException'{0x0000000094af9d18}> (0x0000000094af9d18) 
thrown [s\src\hotspot\share\prims\jni.cpp, line 520]
Event: 75.088 Thread 0x00000216ede30a30 Exception <a 'sun/nio/fs/WindowsException'{0x0000000093150980}> (0x0000000093150980) 
thrown [s\src\hotspot\share\prims\jni.cpp, line 520]
Event: 75.127 Thread 0x00000216ef426ee0 Exception <a 'sun/nio/fs/WindowsException'{0x0000000092a3f828}> (0x0000000092a3f828) 
thrown [s\src\hotspot\share\prims\jni.cpp, line 520]
Event: 75.176 Thread 0x00000216ede358f0 Exception <a 'sun/nio/fs/WindowsException'{0x00000000927aa0f0}> (0x00000000927aa0f0) 
thrown [s\src\hotspot\share\prims\jni.cpp, line 520]
Event: 75.210 Thread 0x00000216ede33190 Exception <a 'sun/nio/fs/WindowsException'{0x00000000911d15e0}> (0x00000000911d15e0) 
thrown [s\src\hotspot\share\prims\jni.cpp, line 520]
Event: 75.227 Thread 0x00000216ede31de0 Exception <a 'sun/nio/fs/WindowsException'{0x0000000090bdd0c8}> (0x0000000090bdd0c8) 
thrown [s\src\hotspot\share\prims\jni.cpp, line 520]
Event: 75.235 Thread 0x00000216ede32470 Exception <a 'sun/nio/fs/WindowsException'{0x0000000090f763a0}> (0x0000000090f763a0) 
thrown [s\src\hotspot\share\prims\jni.cpp, line 520]
Event: 75.338 Thread 0x00000216ede358f0 Exception <a 'sun/nio/fs/WindowsException'{0x000000008d6172f8}> (0x000000008d6172f8) 
thrown [s\src\hotspot\share\prims\jni.cpp, line 520]
Event: 75.385 Thread 0x00000216eca40920 Exception <a 'sun/nio/fs/WindowsException'{0x00000000ff56cb18}> (0x00000000ff56cb18) 
thrown [s\src\hotspot\share\prims\jni.cpp, line 520]
Event: 75.399 Thread 0x00000216ede33eb0 Exception <a 'sun/nio/fs/WindowsException'{0x000000009e0f41b8}> (0x000000009e0f41b8) 
thrown [s\src\hotspot\share\prims\jni.cpp, line 520]
Event: 75.432 Thread 0x00000216ede30a30 Exception <a 'sun/nio/fs/WindowsException'{0x000000009d7a0bd0}> (0x000000009d7a0bd0) 
thrown [s\src\hotspot\share\prims\jni.cpp, line 520]
Event: 75.450 Thread 0x00000216ede35260 Exception <a 'sun/nio/fs/WindowsException'{0x000000009ce15b70}> (0x000000009ce15b70) 
thrown [s\src\hotspot\share\prims\jni.cpp, line 520]
Event: 75.864 Thread 0x00000216eca40920 Exception <a 'sun/nio/fs/WindowsException'{0x0000000098551560}> (0x0000000098551560) 
thrown [s\src\hotspot\share\prims\jni.cpp, line 520]
Event: 75.931 Thread 0x00000216eca40920 Exception <a 'sun/nio/fs/WindowsException'{0x0000000097f8b380}> (0x0000000097f8b380) 
thrown [s\src\hotspot\share\prims\jni.cpp, line 520]
Event: 82.011 Thread 0x00000216eca40920 Exception <a 'sun/nio/fs/WindowsException'{0x000000009a0976c0}> (0x000000009a0976c0) 
thrown [s\src\hotspot\share\prims\jni.cpp, line 520]
Event: 82.012 Thread 0x00000216eca40920 Exception <a 'sun/nio/fs/WindowsException'{0x000000009a099880}> (0x000000009a099880) 
thrown [s\src\hotspot\share\prims\jni.cpp, line 520]

ZGC Phase Switch (0 events):
No events

VM Operations (20 events):
Event: 77.157 Executing safepoint VM operation: G1PauseCleanup
Event: 77.158 Executing safepoint VM operation: G1PauseCleanup done
Event: 78.159 Executing safepoint VM operation: Cleanup
Event: 78.159 Executing safepoint VM operation: Cleanup done
Event: 79.442 Executing safepoint VM operation: G1CollectForAllocation (G1 Evacuation Pause)
Event: 79.461 Executing safepoint VM operation: G1CollectForAllocation (G1 Evacuation Pause) done
Event: 80.467 Executing safepoint VM operation: Cleanup
Event: 80.467 Executing safepoint VM operation: Cleanup done
Event: 81.259 Executing safepoint VM operation: G1CollectForAllocation (G1 Evacuation Pause)
Event: 81.278 Executing safepoint VM operation: G1CollectForAllocation (G1 Evacuation Pause) done
Event: 81.843 Executing non-safepoint VM operation: HandshakeAllThreads (Deoptimize)
Event: 81.844 Executing non-safepoint VM operation: HandshakeAllThreads (Deoptimize) done
Event: 82.129 Executing safepoint VM operation: G1TryInitiateConcMark (G1 Humongous Allocation)
Event: 82.146 Executing safepoint VM operation: G1TryInitiateConcMark (G1 Humongous Allocation) done
Event: 82.413 Executing safepoint VM operation: G1PauseRemark
Event: 82.432 Executing safepoint VM operation: G1PauseRemark done
Event: 82.541 Executing safepoint VM operation: G1PauseCleanup
Event: 82.549 Executing safepoint VM operation: G1PauseCleanup done
Event: 83.556 Executing safepoint VM operation: Cleanup
Event: 83.557 Executing safepoint VM operation: Cleanup done

Memory protections (0 events):
No events

Nmethod flushes (20 events):
Event: 82.429 Thread 0x00000216b181b4f0 flushing  nmethod 0x000002169f0ce490
Event: 82.429 Thread 0x00000216b181b4f0 flushing  nmethod 0x000002169f0cfa10
Event: 82.429 Thread 0x00000216b181b4f0 flushing  nmethod 0x00000216a4b91c10
Event: 82.429 Thread 0x00000216b181b4f0 flushing  nmethod 0x00000216a5469e90
Event: 82.429 Thread 0x00000216b181b4f0 flushing  nmethod 0x00000216a5472590
Event: 82.429 Thread 0x00000216b181b4f0 flushing  nmethod 0x000002169d2e4790
Event: 82.429 Thread 0x00000216b181b4f0 flushing  nmethod 0x000002169d345b90
Event: 82.429 Thread 0x00000216b181b4f0 flushing  nmethod 0x000002169d70a790
Event: 82.429 Thread 0x00000216b181b4f0 flushing  nmethod 0x000002169d70b210
Event: 82.429 Thread 0x00000216b181b4f0 flushing  nmethod 0x000002169d70d610
Event: 82.429 Thread 0x00000216b181b4f0 flushing  nmethod 0x000002169db45f90
Event: 82.429 Thread 0x00000216b181b4f0 flushing  nmethod 0x000002169db71f90
Event: 82.429 Thread 0x00000216b181b4f0 flushing  nmethod 0x000002169db72510
Event: 82.429 Thread 0x00000216b181b4f0 flushing  nmethod 0x000002169dbc2190
Event: 82.429 Thread 0x00000216b181b4f0 flushing  nmethod 0x000002169dbc2690
Event: 82.429 Thread 0x00000216b181b4f0 flushing  nmethod 0x000002169de29f90
Event: 82.429 Thread 0x00000216b181b4f0 flushing  nmethod 0x000002169de2a410
Event: 82.429 Thread 0x00000216b181b4f0 flushing  nmethod 0x000002169e129f10
Event: 82.429 Thread 0x00000216b181b4f0 flushing  nmethod 0x000002169ea40e90
Event: 82.429 Thread 0x00000216b181b4f0 flushing  nmethod 0x000002169ee0ed10

Events (20 events):
Event: 56.840 Thread 0x00000216eca40920 Thread added: 0x00000216fb4b66b0
Event: 56.845 Thread 0x00000216eca40920 Thread added: 0x00000216fb4b5990
Event: 56.849 Thread 0x00000216eca40920 Thread added: 0x00000216fb4b3230
Event: 56.851 Thread 0x00000216eca40920 Thread added: 0x00000216fb4b73d0
Event: 56.851 Thread 0x00000216b184eee0 Thread added: 0x00000216f17c1190
Event: 56.858 Thread 0x00000216eca40920 Thread added: 0x00000216fb4b3f50
Event: 56.860 Thread 0x00000216eca40920 Thread added: 0x00000216fb4b9b30
Event: 56.930 Thread 0x00000216b184eee0 Thread added: 0x00000216f17c55b0
Event: 60.277 Thread 0x00000216f17c55b0 Thread exited: 0x00000216f17c55b0
Event: 60.806 Thread 0x00000216b18423d0 Thread added: 0x00000216f17c5c80
Event: 75.894 Thread 0x00000216f17c1190 Thread exited: 0x00000216f17c1190
Event: 75.894 Thread 0x00000216f17c5c80 Thread exited: 0x00000216f17c5c80
Event: 76.947 Thread 0x00000216b18423d0 Thread added: 0x00000216f17c1190
Event: 79.173 Thread 0x00000216f17c1190 Thread exited: 0x00000216f17c1190
Event: 79.371 Thread 0x00000216b184eee0 Thread added: 0x00000216f17c1190
Event: 80.228 Thread 0x00000216f17c1190 Thread exited: 0x00000216f17c1190
Event: 80.908 Thread 0x00000216b18423d0 Thread added: 0x00000216f17c1190
Event: 81.126 Thread 0x00000216f17c1190 Thread exited: 0x00000216f17c1190
Event: 82.104 Thread 0x00000216b184eee0 Thread added: 0x00000216f17c1190
Event: 82.188 Thread 0x00000216b184eee0 Thread added: 0x00000216f17c5c80


Dynamic libraries:
0x00007ff697fd0000 - 0x00007ff697fde000 	C:\Users\DELL\.antigravity-ide\extensions\redhat.java-1.54.0-win32-x64\jre\21.0.10-win32-x86_64\bin\java.exe
0x00007ffc5e100000 - 0x00007ffc5e366000 	C:\WINDOWS\SYSTEM32\ntdll.dll
0x00007ffc5d5d0000 - 0x00007ffc5d699000 	C:\WINDOWS\System32\KERNEL32.DLL
0x00007ffc5b780000 - 0x00007ffc5bb7a000 	C:\WINDOWS\System32\KERNELBASE.dll
0x00007ffc5b570000 - 0x00007ffc5b6bc000 	C:\WINDOWS\System32\ucrtbase.dll
0x00007ffc52a10000 - 0x00007ffc52a2e000 	C:\Users\DELL\.antigravity-ide\extensions\redhat.java-1.54.0-win32-x64\jre\21.0.10-win32-x86_64\bin\VCRUNTIME140.dll
0x00007ffc52950000 - 0x00007ffc52968000 	C:\Users\DELL\.antigravity-ide\extensions\redhat.java-1.54.0-win32-x64\jre\21.0.10-win32-x86_64\bin\jli.dll
0x00007ffc5c540000 - 0x00007ffc5c707000 	C:\WINDOWS\System32\USER32.dll
0x00007ffc45ac0000 - 0x00007ffc45d52000 	C:\WINDOWS\WinSxS\amd64_microsoft.windows.common-controls_6595b64144ccf1df_6.0.26100.8521_none_3e08b75ce33403b3\COMCTL32.dll
0x00007ffc5bb80000 - 0x00007ffc5bba7000 	C:\WINDOWS\System32\win32u.dll
0x00007ffc5cd00000 - 0x00007ffc5cda9000 	C:\WINDOWS\System32\msvcrt.dll
0x00007ffc5e070000 - 0x00007ffc5e09b000 	C:\WINDOWS\System32\GDI32.dll
0x00007ffc5b440000 - 0x00007ffc5b56b000 	C:\WINDOWS\System32\gdi32full.dll
0x00007ffc5b390000 - 0x00007ffc5b433000 	C:\WINDOWS\System32\msvcp_win.dll
0x00007ffc5c300000 - 0x00007ffc5c332000 	C:\WINDOWS\System32\IMM32.DLL
0x00007ffc529c0000 - 0x00007ffc529cc000 	C:\Users\DELL\.antigravity-ide\extensions\redhat.java-1.54.0-win32-x64\jre\21.0.10-win32-x86_64\bin\vcruntime140_1.dll
0x00007ffc4a580000 - 0x00007ffc4a60d000 	C:\Users\DELL\.antigravity-ide\extensions\redhat.java-1.54.0-win32-x64\jre\21.0.10-win32-x86_64\bin\msvcp140.dll
0x00007ffb50580000 - 0x00007ffb51321000 	C:\Users\DELL\.antigravity-ide\extensions\redhat.java-1.54.0-win32-x64\jre\21.0.10-win32-x86_64\bin\server\jvm.dll
0x00007ffc5daa0000 - 0x00007ffc5db56000 	C:\WINDOWS\System32\ADVAPI32.dll
0x00007ffc5d790000 - 0x00007ffc5d83a000 	C:\WINDOWS\System32\sechost.dll
0x00007ffc5c7c0000 - 0x00007ffc5c8d8000 	C:\WINDOWS\System32\RPCRT4.dll
0x00007ffc5d540000 - 0x00007ffc5d5c0000 	C:\WINDOWS\System32\WS2_32.dll
0x00007ffc5b1f0000 - 0x00007ffc5b24e000 	C:\WINDOWS\SYSTEM32\POWRPROF.dll
0x00007ffc46010000 - 0x00007ffc46046000 	C:\WINDOWS\SYSTEM32\WINMM.dll
0x00007ffc49ed0000 - 0x00007ffc49edb000 	C:\WINDOWS\SYSTEM32\VERSION.dll
0x00007ffc5b1d0000 - 0x00007ffc5b1e4000 	C:\WINDOWS\SYSTEM32\UMPDC.dll
0x00007ffc5a0e0000 - 0x00007ffc5a0fb000 	C:\WINDOWS\SYSTEM32\kernel.appcore.dll
0x00007ffc52930000 - 0x00007ffc5293a000 	C:\Users\DELL\.antigravity-ide\extensions\redhat.java-1.54.0-win32-x64\jre\21.0.10-win32-x86_64\bin\jimage.dll
0x00007ffc55710000 - 0x00007ffc55952000 	C:\WINDOWS\SYSTEM32\DBGHELP.DLL
0x00007ffc5dcc0000 - 0x00007ffc5e043000 	C:\WINDOWS\System32\combase.dll
0x00007ffc5cac0000 - 0x00007ffc5cb99000 	C:\WINDOWS\System32\OLEAUT32.dll
0x00007ffc36a60000 - 0x00007ffc36a9b000 	C:\WINDOWS\SYSTEM32\dbgcore.DLL
0x00007ffc5bc40000 - 0x00007ffc5bce8000 	C:\WINDOWS\System32\bcryptPrimitives.dll
0x00007ffc52920000 - 0x00007ffc5292f000 	C:\Users\DELL\.antigravity-ide\extensions\redhat.java-1.54.0-win32-x64\jre\21.0.10-win32-x86_64\bin\instrument.dll
0x00007ffc52900000 - 0x00007ffc52920000 	C:\Users\DELL\.antigravity-ide\extensions\redhat.java-1.54.0-win32-x64\jre\21.0.10-win32-x86_64\bin\java.dll
0x00007ffc5cdb0000 - 0x00007ffc5d534000 	C:\WINDOWS\System32\SHELL32.dll
0x00007ffc58f20000 - 0x00007ffc597a0000 	C:\WINDOWS\SYSTEM32\windows.storage.dll
0x00007ffc5dbc0000 - 0x00007ffc5dcb6000 	C:\WINDOWS\System32\SHCORE.dll
0x00007ffc5c340000 - 0x00007ffc5c3a7000 	C:\WINDOWS\System32\shlwapi.dll
0x00007ffc5b2b0000 - 0x00007ffc5b2d9000 	C:\WINDOWS\SYSTEM32\profapi.dll
0x00007ffc52890000 - 0x00007ffc528a8000 	C:\Users\DELL\.antigravity-ide\extensions\redhat.java-1.54.0-win32-x64\jre\21.0.10-win32-x86_64\bin\zip.dll
0x00007ffc528f0000 - 0x00007ffc52900000 	C:\Users\DELL\.antigravity-ide\extensions\redhat.java-1.54.0-win32-x64\jre\21.0.10-win32-x86_64\bin\net.dll
0x00007ffc50f40000 - 0x00007ffc51069000 	C:\WINDOWS\SYSTEM32\WINHTTP.dll
0x00007ffc5a630000 - 0x00007ffc5a69c000 	C:\WINDOWS\system32\mswsock.dll
0x00007ffc4a840000 - 0x00007ffc4a856000 	C:\Users\DELL\.antigravity-ide\extensions\redhat.java-1.54.0-win32-x64\jre\21.0.10-win32-x86_64\bin\nio.dll
0x00007ffc52880000 - 0x00007ffc52890000 	C:\Users\DELL\.antigravity-ide\extensions\redhat.java-1.54.0-win32-x64\jre\21.0.10-win32-x86_64\bin\verify.dll
0x00007ffc49150000 - 0x00007ffc49177000 	C:\Users\DELL\.gradle\native\1def1411415f61bf3af743bc5b6707747c0891f09f0c88961ee8f79bc544acac\windows-amd64\native-platform.dll
0x00007ffc40770000 - 0x00007ffc407e8000 	C:\Users\DELL\.gradle\native\0.2.7\x86_64-windows-gnu\gradle-fileevents.dll
0x00007ffc4a570000 - 0x00007ffc4a57a000 	C:\Users\DELL\.antigravity-ide\extensions\redhat.java-1.54.0-win32-x64\jre\21.0.10-win32-x86_64\bin\management.dll
0x00007ffc4a3a0000 - 0x00007ffc4a3ac000 	C:\Users\DELL\.antigravity-ide\extensions\redhat.java-1.54.0-win32-x64\jre\21.0.10-win32-x86_64\bin\management_ext.dll
0x00007ffc5d780000 - 0x00007ffc5d788000 	C:\WINDOWS\System32\PSAPI.DLL
0x00007ffc59b80000 - 0x00007ffc59bb3000 	C:\WINDOWS\SYSTEM32\IPHLPAPI.DLL
0x00007ffc5e0a0000 - 0x00007ffc5e0aa000 	C:\WINDOWS\System32\NSI.dll
0x00007ffc4a380000 - 0x00007ffc4a389000 	C:\Users\DELL\.antigravity-ide\extensions\redhat.java-1.54.0-win32-x64\jre\21.0.10-win32-x86_64\bin\extnet.dll
0x00007ffc5aa30000 - 0x00007ffc5aa4b000 	C:\WINDOWS\SYSTEM32\CRYPTSP.dll
0x00007ffc5a040000 - 0x00007ffc5a079000 	C:\WINDOWS\system32\rsaenh.dll
0x00007ffc5a6e0000 - 0x00007ffc5a713000 	C:\WINDOWS\SYSTEM32\USERENV.dll
0x00007ffc5b280000 - 0x00007ffc5b2aa000 	C:\WINDOWS\SYSTEM32\bcrypt.dll
0x00007ffc5a890000 - 0x00007ffc5a89c000 	C:\WINDOWS\SYSTEM32\CRYPTBASE.dll
0x00007ffc4a390000 - 0x00007ffc4a39e000 	C:\Users\DELL\.antigravity-ide\extensions\redhat.java-1.54.0-win32-x64\jre\21.0.10-win32-x86_64\bin\sunmscapi.dll
0x00007ffc5bcf0000 - 0x00007ffc5be68000 	C:\WINDOWS\System32\CRYPT32.dll
0x00007ffc5ab80000 - 0x00007ffc5abb0000 	C:\WINDOWS\SYSTEM32\ncrypt.dll
0x00007ffc5ab30000 - 0x00007ffc5ab6f000 	C:\WINDOWS\SYSTEM32\NTASN1.dll
0x00007ffc0ff70000 - 0x00007ffc0ff78000 	C:\WINDOWS\system32\wshunix.dll
0x00007ffc32ce0000 - 0x00007ffc32cf8000 	C:\WINDOWS\system32\napinsp.dll
0x00007ffc59bc0000 - 0x00007ffc59d0a000 	C:\WINDOWS\SYSTEM32\DNSAPI.dll
0x00007ffc5a470000 - 0x00007ffc5a47d000 	C:\WINDOWS\SYSTEM32\DSPARSE.dll
0x00007ffc32410000 - 0x00007ffc32423000 	C:\WINDOWS\System32\winrnr.dll
0x00007ffc31c20000 - 0x00007ffc31c42000 	C:\WINDOWS\system32\nlansp_c.dll
0x00007ffc31c00000 - 0x00007ffc31c16000 	C:\WINDOWS\system32\wshbth.dll
0x00007ffc4cce0000 - 0x00007ffc4cceb000 	C:\Windows\System32\rasadhlp.dll
0x00007ffc51a10000 - 0x00007ffc51a96000 	C:\WINDOWS\System32\fwpuclnt.dll
0x00007ffc5a200000 - 0x00007ffc5a236000 	C:\WINDOWS\SYSTEM32\ntmarta.dll

JVMTI agents:
C:\Users\DELL\.gradle\wrapper\dists\gradle-8.14-all\c2qonpi39x1mddn7hk5gh9iqj\gradle-8.14\lib\agents\gradle-instrumentation-agent-8.14.jar path:C:\Users\DELL\.antigravity-ide\extensions\redhat.java-1.54.0-win32-x64\jre\21.0.10-win32-x86_64\bin\instrument.dll, loaded, initialized, instrumentlib options:none

dbghelp: loaded successfully - version: 4.0.5 - missing functions: none
symbol engine: initialized successfully - sym options: 0x614 - pdb path: .;C:\Users\DELL\.antigravity-ide\extensions\redhat.java-1.54.0-win32-x64\jre\21.0.10-win32-x86_64\bin;C:\WINDOWS\SYSTEM32;C:\WINDOWS\WinSxS\amd64_microsoft.windows.common-controls_6595b64144ccf1df_6.0.26100.8521_none_3e08b75ce33403b3;C:\Users\DELL\.antigravity-ide\extensions\redhat.java-1.54.0-win32-x64\jre\21.0.10-win32-x86_64\bin\server;C:\Users\DELL\.gradle\native\1def1411415f61bf3af743bc5b6707747c0891f09f0c88961ee8f79bc544acac\windows-amd64;C:\Users\DELL\.gradle\native\0.2.7\x86_64-windows-gnu

VM Arguments:
jvm_args: --add-opens=java.base/java.lang=ALL-UNNAMED --add-opens=java.base/java.lang.invoke=ALL-UNNAMED --add-opens=java.base/java.util=ALL-UNNAMED --add-opens=java.prefs/java.util.prefs=ALL-UNNAMED --add-exports=jdk.compiler/com.sun.tools.javac.api=ALL-UNNAMED --add-exports=jdk.compiler/com.sun.tools.javac.util=ALL-UNNAMED --add-opens=java.base/java.util=ALL-UNNAMED --add-opens=java.prefs/java.util.prefs=ALL-UNNAMED --add-opens=java.base/java.nio.charset=ALL-UNNAMED --add-opens=java.base/java.net=ALL-UNNAMED --add-opens=java.base/java.util.concurrent.atomic=ALL-UNNAMED --add-opens=java.xml/javax.xml.namespace=ALL-UNNAMED -XX:MaxMetaspaceSize=1G -XX:+HeapDumpOnOutOfMemoryError -Xmx2G -Dfile.encoding=UTF-8 -Duser.country=GB -Duser.language=en -Duser.variant -javaagent:C:\Users\DELL\.gradle\wrapper\dists\gradle-8.14-all\c2qonpi39x1mddn7hk5gh9iqj\gradle-8.14\lib\agents\gradle-instrumentation-agent-8.14.jar 
java_command: org.gradle.launcher.daemon.bootstrap.GradleDaemon 8.14
java_class_path (initial): C:\Users\DELL\.gradle\wrapper\dists\gradle-8.14-all\c2qonpi39x1mddn7hk5gh9iqj\gradle-8.14\lib\gradle-daemon-main-8.14.jar
Launcher Type: SUN_STANDARD

[Global flags]
     intx CICompilerCount                          = 4                                         {product} {ergonomic}
   size_t CompressedClassSpaceSize                 = 872415232                                 {product} {ergonomic}
     uint ConcGCThreads                            = 3                                         {product} {ergonomic}
     uint G1ConcRefinementThreads                  = 10                                        {product} {ergonomic}
   size_t G1HeapRegionSize                         = 1048576                                   {product} {ergonomic}
    uintx GCDrainStackTargetSize                   = 64                                        {product} {ergonomic}
     bool HeapDumpOnOutOfMemoryError               = true                                   {manageable} {command line}
   size_t InitialHeapSize                          = 266338304                                 {product} {ergonomic}
   size_t MarkStackSize                            = 4194304                                   {product} {ergonomic}
   size_t MaxHeapSize                              = 2147483648                                {product} {command line}
   size_t MaxMetaspaceSize                         = 1073741824                                {product} {command line}
   size_t MaxNewSize                               = 1287651328                                {product} {ergonomic}
   size_t MinHeapDeltaBytes                        = 1048576                                   {product} {ergonomic}
   size_t MinHeapSize                              = 8388608                                   {product} {ergonomic}
    uintx NonNMethodCodeHeapSize                   = 5839372                                {pd product} {ergonomic}
    uintx NonProfiledCodeHeapSize                  = 122909434                              {pd product} {ergonomic}
    uintx ProfiledCodeHeapSize                     = 122909434                              {pd product} {ergonomic}
    uintx ReservedCodeCacheSize                    = 251658240                              {pd product} {ergonomic}
     bool SegmentedCodeCache                       = true                                      {product} {ergonomic}
   size_t SoftMaxHeapSize                          = 2147483648                             {manageable} {ergonomic}
     bool UseCompressedOops                        = true                           {product lp64_product} {ergonomic}
     bool UseG1GC                                  = true                                      {product} {ergonomic}
     bool UseLargePagesIndividualAllocation        = false                                  {pd product} {ergonomic}

Logging:
Log output configuration:
 #0: stdout all=warning uptime,level,tags foldmultilines=false
 #1: stderr all=off uptime,level,tags foldmultilines=false

Release file:
JAVA_VERSION="21.0.10" 
MODULES="java.base java.compiler java.datatransfer java.xml java.prefs java.desktop java.instrument java.logging java.management java.security.sasl java.naming java.rmi java.management.rmi java.net.http java.scripting java.security.jgss java.transaction.xa java.sql java.sql.rowset java.xml.crypto java.se java.smartcardio jdk.accessibility jdk.internal.jvmstat jdk.attach jdk.charsets jdk.internal.opt jdk.zipfs jdk.compiler jdk.crypto.ec jdk.crypto.cryptoki jdk.crypto.mscapi jdk.dynalink jdk.internal.ed jdk.editpad jdk.hotspot.agent jdk.httpserver jdk.internal.le jdk.internal.vm.ci jdk.internal.vm.compiler jdk.internal.vm.compiler.management jdk.jartool jdk.javadoc jdk.jcmd jdk.management jdk.management.agent jdk.jconsole jdk.jdeps jdk.jdwp.agent jdk.jdi jdk.jfr jdk.jshell jdk.jsobject jdk.jstatd jdk.localedata jdk.management.jfr jdk.naming.dns jdk.naming.rmi jdk.net jdk.nio.mapmode jdk.random jdk.sctp jdk.security.auth jdk.security.jgss jdk.unsupported jdk.unsupported.desktop jdk.xml.dom" 

Environment Variables:
PATH=C:\Program Files (x86)\VMware\VMware Workstation\bin\;C:\Program Files\Python312\Scripts\;C:\Program Files\Python312\;C:\Program Files\Microsoft MPI\Bin\;C:\WINDOWS\system32;C:\WINDOWS;C:\WINDOWS\System32\Wbem;C:\WINDOWS\System32\WindowsPowerShell\v1.0\;C:\WINDOWS\System32\OpenSSH\;C:\Program Files\Microsoft MPI\Bin;C:\ProgramData\chocolatey\bin;C:\Program Files\Git\cmd;C:\Program Files\PostgreSQL\17\bin;C:\Program Files\Docker\Docker\resources\bin;C:\Program Files\Git\bin;C:\Program Files\nodejs\;D:\jdk-25.0.1+8\bin;C:\Program Files\Kubernetes\Minikube;C:\Program Files\MongoDB\Server\8.2\bin;C:\Program Files\Amazon\AWSCLIV2\;D:\terraform;D:\flutter\bin;D:\android\cmdline-tools\latest\bin;D:\android;C:\Users\DELL\AppData\Local\Microsoft\WindowsApps;C:\Users\DELL\AppData\Local\Programs\Microsoft VS Code\bin;C:\Program Files\Microsoft MPI\Bin;C:\Program Files\nodejs;C:\Program Files\PostgreSQL\17\bin;C:\Program Files\JetBrains\IntelliJ IDEA 2024.3.5\bin;;C:\Users\DELL\AppData\Roaming\Python\Python312\Scripts;C:\NuSMV-2.7.0-win64\bin;C:\Users\DELL\AppData\Roaming\npm;D:\apache-maven-3.9.11\bin;D:\jdk-25.0.1+8\bin;C:\Program Files\mongosh\;C:\Users\DELL\AppData\Local\Programs\Antigravity\bin;D:\cursor\resources\app\bin;c:\users\dell\.local\bin;c:\users\dell\.local\bin;c:\users\dell\appdata\roaming\python\python312\scripts;c:\users\dell\appdata\roaming\python\python312\scripts;c:\users\dell\.local\bin;C:\Users\DELL\AppData\Local\Programs\Antigravity IDE\bin
USERNAME=DELL
OS=Windows_NT
PROCESSOR_IDENTIFIER=Intel64 Family 6 Model 158 Stepping 13, GenuineIntel
TMP=C:\Users\DELL\AppData\Local\Temp
TEMP=C:\Users\DELL\AppData\Local\Temp




Periodic native trim disabled

---------------  S Y S T E M  ---------------

OS:
 Windows 11 , 64 bit Build 26100 (10.0.26100.8521)
OS uptime: 0 days 13:07 hours
Hyper-V role detected

CPU: total 12 (initial active 12) (6 cores per cpu, 2 threads per core) family 6 model 158 stepping 13 microcode 0xde, cx8, cmov, fxsr, ht, mmx, 3dnowpref, sse, sse2, sse3, ssse3, sse4.1, sse4.2, popcnt, lzcnt, tsc, tscinvbit, avx, avx2, aes, erms, clmul, bmi1, bmi2, adx, fma, vzeroupper, clflush, clflushopt, hv, rdtscp, f16c
Processor Information for processor 0
  Max Mhz: 2592, Current Mhz: 2592, Mhz Limit: 2592
Processor Information for processor 1
  Max Mhz: 2592, Current Mhz: 2592, Mhz Limit: 2592
Processor Information for processor 2
  Max Mhz: 2592, Current Mhz: 2592, Mhz Limit: 2592
Processor Information for processor 3
  Max Mhz: 2592, Current Mhz: 1495, Mhz Limit: 2592
Processor Information for processor 4
  Max Mhz: 2592, Current Mhz: 1495, Mhz Limit: 2592
Processor Information for processor 5
  Max Mhz: 2592, Current Mhz: 1495, Mhz Limit: 2592
Processor Information for processor 6
  Max Mhz: 2592, Current Mhz: 2592, Mhz Limit: 2592
Processor Information for processor 7
  Max Mhz: 2592, Current Mhz: 1495, Mhz Limit: 2592
Processor Information for processor 8
  Max Mhz: 2592, Current Mhz: 1495, Mhz Limit: 2592
Processor Information for processor 9
  Max Mhz: 2592, Current Mhz: 1495, Mhz Limit: 2592
Processor Information for processor 10
  Max Mhz: 2592, Current Mhz: 2592, Mhz Limit: 2592
Processor Information for processor 11
  Max Mhz: 2592, Current Mhz: 1495, Mhz Limit: 2592

Memory: 4k page, system-wide physical 16166M (989M free)
TotalPageFile size 48665M (AvailPageFile size 4M)
current process WorkingSet (physical memory assigned to process): 939M, peak: 974M
current process commit charge ("private bytes"): 978M, peak: 1011M

vm_info: OpenJDK 64-Bit Server VM (21.0.10+7-LTS) for windows-amd64 JRE (21.0.10+7-LTS), built on 2026-01-20T00:00:00Z by "admin" with MS VC++ 17.12 (VS2022)

END.
