FullName,Length,LastWriteTime
D:\\Vibe Coding\\TwinPacemaker\.gitignore,357,2026-04-02 05:26:02
D:\\Vibe Coding\\TwinPacemaker\cloud_server\db_error.log,189,2026-04-02 06:00:30
D:\\Vibe Coding\\TwinPacemaker\cloud_server\db_manager.py,9372,2026-04-11 22:13:13
D:\\Vibe Coding\\TwinPacemaker\cloud_server\final_seed.py,1372,2026-04-05 21:13:47
D:\\Vibe Coding\\TwinPacemaker\cloud_server\keepbeat_fallback.db,40960,2026-04-04 18:10:21
D:\\Vibe Coding\\TwinPacemaker\cloud_server\keepbeat_v2.db,45056,2026-04-11 22:46:32
D:\\Vibe Coding\\TwinPacemaker\cloud_server\main.py,7905,2026-04-11 22:08:40
D:\\Vibe Coding\\TwinPacemaker\cloud_server\models.py,586,2026-04-06 00:23:34
D:\\Vibe Coding\\TwinPacemaker\cloud_server\requirements.txt,116,2026-04-02 17:07:57
D:\\Vibe Coding\\TwinPacemaker\cloud_server\seed.py,1702,2026-04-02 05:27:43
D:\\Vibe Coding\\TwinPacemaker\cloud_server\test_conn.py,330,2026-04-05 21:12:14
D:\\Vibe Coding\\TwinPacemaker\cloud_server\venv\Include\site\python3.12\greenlet\greenlet.h,4919,2026-04-02 05:06:01
D:\\Vibe Coding\\TwinPacemaker\cloud_server\venv\Lib\site-packages\81d243bd2c585b0f4821__mypyc.cp312-win_amd64.pyd,209408,2026-04-02 05:06:08
D:\\Vibe Coding\\TwinPacemaker\cloud_server\venv\Lib\site-packages\_cffi_backend.cp312-win_amd64.pyd,181248,2026-04-02 05:06:11
D:\\Vibe Coding\\TwinPacemaker\cloud_server\venv\Lib\site-packages\aiosqlite-0.22.1.dist-info\INSTALLER,4,2026-04-02 17:09:40
D:\\Vibe Coding\\TwinPacemaker\cloud_server\venv\Lib\site-packages\aiosqlite-0.22.1.dist-info\licenses\LICENSE,1071,2026-04-02 17:09:40
D:\\Vibe Coding\\TwinPacemaker\cloud_server\venv\Lib\site-packages\aiosqlite-0.22.1.dist-info\METADATA,4311,2026-04-02 17:09:40
D:\\Vibe Coding\\TwinPacemaker\cloud_server\venv\Lib\site-packages\aiosqlite-0.22.1.dist-info\RECORD,1896,2026-04-02 17:09:40
D:\\Vibe Coding\\TwinPacemaker\cloud_server\venv\Lib\site-packages\aiosqlite-0.22.1.dist-info\REQUESTED,0,2026-04-02 17:09:40
D:\\Vibe Coding\\TwinPacemaker\cloud_server\venv\Lib\site-packages\aiosqlite-0.22.1.dist-info\WHEEL,82,2026-04-02 17:09:40
D:\\Vibe Coding\\TwinPacemaker\cloud_server\venv\Lib\site-packages\aiosqlite\__init__.py,888,2026-04-02 17:09:40
D:\\Vibe Coding\\TwinPacemaker\cloud_server\venv\Lib\site-packages\aiosqlite\__version__.py,157,2026-04-02 17:09:40
D:\\Vibe Coding\\TwinPacemaker\cloud_server\venv\Lib\site-packages\aiosqlite\context.py,1448,2026-04-02 17:09:40
D:\\Vibe Coding\\TwinPacemaker\cloud_server\venv\Lib\site-packages\aiosqlite\core.py,15095,2026-04-02 17:09:40
D:\\Vibe Coding\\TwinPacemaker\cloud_server\venv\Lib\site-packages\aiosqlite\cursor.py,3476,2026-04-02 17:09:40
D:\\Vibe Coding\\TwinPacemaker\cloud_server\venv\Lib\site-packages\aiosqlite\py.typed,0,2026-04-02 17:09:40
D:\\Vibe Coding\\TwinPacemaker\cloud_server\venv\Lib\site-packages\aiosqlite\tests\__init__.py,90,2026-04-02 17:09:40
D:\\Vibe Coding\\TwinPacemaker\cloud_server\venv\Lib\site-packages\aiosqlite\tests\__main__.py,162,2026-04-02 17:09:40
D:\\Vibe Coding\\TwinPacemaker\cloud_server\venv\Lib\site-packages\aiosqlite\tests\helpers.py,722,2026-04-02 17:09:40
D:\\Vibe Coding\\TwinPacemaker\cloud_server\venv\Lib\site-packages\aiosqlite\tests\perf.py,7249,2026-04-02 17:09:40
D:\\Vibe Coding\\TwinPacemaker\cloud_server\venv\Lib\site-packages\aiosqlite\tests\smoke.py,19851,2026-04-02 17:09:40
D:\\Vibe Coding\\TwinPacemaker\cloud_server\venv\Lib\site-packages\annotated_doc-0.0.4.dist-info\entry_points.txt,34,2026-04-02 05:06:10
D:\\Vibe Coding\\TwinPacemaker\cloud_server\venv\Lib\site-packages\annotated_doc-0.0.4.dist-info\INSTALLER,4,2026-04-02 05:06:10
D:\\Vibe Coding\\TwinPacemaker\cloud_server\venv\Lib\site-packages\annotated_doc-0.0.4.dist-info\licenses\LICENSE,1086,2026-04-02 05:06:10
D:\\Vibe Coding\\TwinPacemaker\cloud_server\venv\Lib\site-packages\annotated_doc-0.0.4.dist-info\METADATA,6566,2026-04-02 05:06:10
D:\\Vibe Coding\\TwinPacemaker\cloud_server\venv\Lib\site-packages\annotated_doc-0.0.4.dist-info\RECORD,868,2026-04-02 05:06:10
D:\\Vibe Coding\\TwinPacemaker\cloud_server\venv\Lib\site-packages\annotated_doc-0.0.4.dist-info\WHEEL,90,2026-04-02 05:06:10
D:\\Vibe Coding\\TwinPacemaker\cloud_server\venv\Lib\site-packages\annotated_doc\__init__.py,52,2026-04-02 05:06:10
D:\\Vibe Coding\\TwinPacemaker\cloud_server\venv\Lib\site-packages\annotated_doc\main.py,1075,2026-04-02 05:06:10
D:\\Vibe Coding\\TwinPacemaker\cloud_server\venv\Lib\site-packages\annotated_doc\py.typed,0,2026-04-02 05:06:10
D:\\Vibe Coding\\TwinPacemaker\cloud_server\venv\Lib\site-packages\annotated_types-0.7.0.dist-info\INSTALLER,4,2026-04-02 05:06:10
D:\\Vibe Coding\\TwinPacemaker\cloud_server\venv\Lib\site-packages\annotated_types-0.7.0.dist-info\licenses\LICENSE,1083,2026-04-02 05:06:10
D:\\Vibe Coding\\TwinPacemaker\cloud_server\venv\Lib\site-packages\annotated_types-0.7.0.dist-info\METADATA,15046,2026-04-02 05:06:10
D:\\Vibe Coding\\TwinPacemaker\cloud_server\venv\Lib\site-packages\annotated_types-0.7.0.dist-info\RECORD,802,2026-04-02 05:06:10
D:\\Vibe Coding\\TwinPacemaker\cloud_server\venv\Lib\site-packages\annotated_types-0.7.0.dist-info\WHEEL,87,2026-04-02 05:06:10
D:\\Vibe Coding\\TwinPacemaker\cloud_server\venv\Lib\site-packages\annotated_types\__init__.py,13819,2026-04-02 05:06:10
D:\\Vibe Coding\\TwinPacemaker\cloud_server\venv\Lib\site-packages\annotated_types\py.typed,0,2026-04-02 05:06:10
D:\\Vibe Coding\\TwinPacemaker\cloud_server\venv\Lib\site-packages\annotated_types\test_cases.py,6421,2026-04-02 05:06:10
D:\\Vibe Coding\\TwinPacemaker\cloud_server\venv\Lib\site-packages\anyio-4.13.0.dist-info\entry_points.txt,39,2026-04-02 05:06:12
D:\\Vibe Coding\\TwinPacemaker\cloud_server\venv\Lib\site-packages\anyio-4.13.0.dist-info\INSTALLER,4,2026-04-02 05:06:13
D:\\Vibe Coding\\TwinPacemaker\cloud_server\venv\Lib\site-packages\anyio-4.13.0.dist-info\licenses\LICENSE,1081,2026-04-02 05:06:12
D:\\Vibe Coding\\TwinPacemaker\cloud_server\venv\Lib\site-packages\anyio-4.13.0.dist-info\METADATA,4513,2026-04-02 05:06:12
D:\\Vibe Coding\\TwinPacemaker\cloud_server\venv\Lib\site-packages\anyio-4.13.0.dist-info\RECORD,6257,2026-04-02 05:06:13
D:\\Vibe Coding\\TwinPacemaker\cloud_server\venv\Lib\site-packages\anyio-4.13.0.dist-info\top_level.txt,6,2026-04-02 05:06:12
D:\\Vibe Coding\\TwinPacemaker\cloud_server\venv\Lib\site-packages\anyio-4.13.0.dist-info\WHEEL,91,2026-04-02 05:06:12
D:\\Vibe Coding\\TwinPacemaker\cloud_server\venv\Lib\site-packages\anyio\__init__.py,6170,2026-04-02 05:06:12
D:\\Vibe Coding\\TwinPacemaker\cloud_server\venv\Lib\site-packages\anyio\_backends\__init__.py,0,2026-04-02 05:06:12
D:\\Vibe Coding\\TwinPacemaker\cloud_server\venv\Lib\site-packages\anyio\_backends\_asyncio.py,99476,2026-04-02 05:06:12
D:\\Vibe Coding\\TwinPacemaker\cloud_server\venv\Lib\site-packages\anyio\_backends\_trio.py,41366,2026-04-02 05:06:12
D:\\Vibe Coding\\TwinPacemaker\cloud_server\venv\Lib\site-packages\anyio\_core\__init__.py,0,2026-04-02 05:06:12
D:\\Vibe Coding\\TwinPacemaker\cloud_server\venv\Lib\site-packages\anyio\_core\_asyncio_selector_thread.py,5626,2026-04-02 05:06:12
D:\\Vibe Coding\\TwinPacemaker\cloud_server\venv\Lib\site-packages\anyio\_core\_contextmanagers.py,7215,2026-04-02 05:06:12
D:\\Vibe Coding\\TwinPacemaker\cloud_server\venv\Lib\site-packages\anyio\_core\_eventloop.py,6448,2026-04-02 05:06:12
D:\\Vibe Coding\\TwinPacemaker\cloud_server\venv\Lib\site-packages\anyio\_core\_exceptions.py,4407,2026-04-02 05:06:12
D:\\Vibe Coding\\TwinPacemaker\cloud_server\venv\Lib\site-packages\anyio\_core\_fileio.py,25665,2026-04-02 05:06:12
D:\\Vibe Coding\\TwinPacemaker\cloud_server\venv\Lib\site-packages\anyio\_core\_resources.py,435,2026-04-02 05:06:12
D:\\Vibe Coding\\TwinPacemaker\cloud_server\venv\Lib\site-packages\anyio\_core\_signals.py,1016,2026-04-02 05:06:12
D:\\Vibe Coding\\TwinPacemaker\cloud_server\venv\Lib\site-packages\anyio\_core\_sockets.py,34977,2026-04-02 05:06:12
D:\\Vibe Coding\\TwinPacemaker\cloud_server\venv\Lib\site-packages\anyio\_core\_streams.py,1806,2026-04-02 05:06:12
D:\\Vibe Coding\\TwinPacemaker\cloud_server\venv\Lib\site-packages\anyio\_core\_subprocesses.py,7916,2026-04-02 05:06:12
D:\\Vibe Coding\\TwinPacemaker\cloud_server\venv\Lib\site-packages\anyio\_core\_synchronization.py,21061,2026-04-02 05:06:12
D:\\Vibe Coding\\TwinPacemaker\cloud_server\venv\Lib\site-packages\anyio\_core\_tasks.py,5435,2026-04-02 05:06:12
D:\\Vibe Coding\\TwinPacemaker\cloud_server\venv\Lib\site-packages\anyio\_core\_tempfile.py,19624,2026-04-02 05:06:12
D:\\Vibe Coding\\TwinPacemaker\cloud_server\venv\Lib\site-packages\anyio\_core\_testing.py,2340,2026-04-02 05:06:12
D:\\Vibe Coding\\TwinPacemaker\cloud_server\venv\Lib\site-packages\anyio\_core\_typedattr.py,2508,2026-04-02 05:06:12
D:\\Vibe Coding\\TwinPacemaker\cloud_server\venv\Lib\site-packages\anyio\abc\__init__.py,2869,2026-04-02 05:06:12
D:\\Vibe Coding\\TwinPacemaker\cloud_server\venv\Lib\site-packages\anyio\abc\_eventloop.py,10629,2026-04-02 05:06:12
D:\\Vibe Coding\\TwinPacemaker\cloud_server\venv\Lib\site-packages\anyio\abc\_resources.py,783,2026-04-02 05:06:12
D:\\Vibe Coding\\TwinPacemaker\cloud_server\venv\Lib\site-packages\anyio\abc\_sockets.py,13124,2026-04-02 05:06:12
D:\\Vibe Coding\\TwinPacemaker\cloud_server\venv\Lib\site-packages\anyio\abc\_streams.py,7481,2026-04-02 05:06:12
D:\\Vibe Coding\\TwinPacemaker\cloud_server\venv\Lib\site-packages\anyio\abc\_subprocesses.py,2067,2026-04-02 05:06:12
D:\\Vibe Coding\\TwinPacemaker\cloud_server\venv\Lib\site-packages\anyio\abc\_tasks.py,3721,2026-04-02 05:06:12
D:\\Vibe Coding\\TwinPacemaker\cloud_server\venv\Lib\site-packages\anyio\abc\_testing.py,1821,2026-04-02 05:06:12
D:\\Vibe Coding\\TwinPacemaker\cloud_server\venv\Lib\site-packages\anyio\from_thread.py,19141,2026-04-02 05:06:12
D:\\Vibe Coding\\TwinPacemaker\cloud_server\venv\Lib\site-packages\anyio\functools.py,12076,2026-04-02 05:06:12
D:\\Vibe Coding\\TwinPacemaker\cloud_server\venv\Lib\site-packages\anyio\lowlevel.py,5158,2026-04-02 05:06:12
D:\\Vibe Coding\\TwinPacemaker\cloud_server\venv\Lib\site-packages\anyio\py.typed,0,2026-04-02 05:06:12
D:\\Vibe Coding\\TwinPacemaker\cloud_server\venv\Lib\site-packages\anyio\pytest_plugin.py,12775,2026-04-02 05:06:12
D:\\Vibe Coding\\TwinPacemaker\cloud_server\venv\Lib\site-packages\anyio\streams\__init__.py,0,2026-04-02 05:06:12
D:\\Vibe Coding\\TwinPacemaker\cloud_server\venv\Lib\site-packages\anyio\streams\buffered.py,6263,2026-04-02 05:06:12
D:\\Vibe Coding\\TwinPacemaker\cloud_server\venv\Lib\site-packages\anyio\streams\file.py,4428,2026-04-02 05:06:12
D:\\Vibe Coding\\TwinPacemaker\cloud_server\venv\Lib\site-packages\anyio\streams\memory.py,10740,2026-04-02 05:06:12
D:\\Vibe Coding\\TwinPacemaker\cloud_server\venv\Lib\site-packages\anyio\streams\stapled.py,4390,2026-04-02 05:06:12
D:\\Vibe Coding\\TwinPacemaker\cloud_server\venv\Lib\site-packages\anyio\streams\text.py,5765,2026-04-02 05:06:12
D:\\Vibe Coding\\TwinPacemaker\cloud_server\venv\Lib\site-packages\anyio\streams\tls.py,15303,2026-04-02 05:06:12
D:\\Vibe Coding\\TwinPacemaker\cloud_server\venv\Lib\site-packages\anyio\to_interpreter.py,7100,2026-04-02 05:06:12
D:\\Vibe Coding\\TwinPacemaker\cloud_server\venv\Lib\site-packages\anyio\to_process.py,9798,2026-04-02 05:06:12
D:\\Vibe Coding\\TwinPacemaker\cloud_server\venv\Lib\site-packages\anyio\to_thread.py,2693,2026-04-02 05:06:12
D:\\Vibe Coding\\TwinPacemaker\cloud_server\venv\Lib\site-packages\argparse-1.4.0.dist-info\DESCRIPTION.rst,1540,2026-04-05 21:11:15
D:\\Vibe Coding\\TwinPacemaker\cloud_server\venv\Lib\site-packages\argparse-1.4.0.dist-info\INSTALLER,4,2026-04-05 21:11:15
D:\\Vibe Coding\\TwinPacemaker\cloud_server\venv\Lib\site-packages\argparse-1.4.0.dist-info\METADATA,2792,2026-04-05 21:11:15
D:\\Vibe Coding\\TwinPacemaker\cloud_server\venv\Lib\site-packages\argparse-1.4.0.dist-info\metadata.json,1326,2026-04-05 21:11:15
D:\\Vibe Coding\\TwinPacemaker\cloud_server\venv\Lib\site-packages\argparse-1.4.0.dist-info\RECORD,699,2026-04-05 21:11:15
D:\\Vibe Coding\\TwinPacemaker\cloud_server\venv\Lib\site-packages\argparse-1.4.0.dist-info\top_level.txt,9,2026-04-05 21:11:15
D:\\Vibe Coding\\TwinPacemaker\cloud_server\venv\Lib\site-packages\argparse-1.4.0.dist-info\WHEEL,110,2026-04-05 21:11:15
D:\\Vibe Coding\\TwinPacemaker\cloud_server\venv\Lib\site-packages\argparse.py,89214,2026-04-05 21:11:15
D:\\Vibe Coding\\TwinPacemaker\cloud_server\venv\Lib\site-packages\asyncpg-0.31.0.dist-info\INSTALLER,4,2026-04-02 05:06:09
D:\\Vibe Coding\\TwinPacemaker\cloud_server\venv\Lib\site-packages\asyncpg-0.31.0.dist-info\licenses\LICENSE,11670,2026-04-02 05:06:09
D:\\Vibe Coding\\TwinPacemaker\cloud_server\venv\Lib\site-packages\asyncpg-0.31.0.dist-info\METADATA,4543,2026-04-02 05:06:09
D:\\Vibe Coding\\TwinPacemaker\cloud_server\venv\Lib\site-packages\asyncpg-0.31.0.dist-info\RECORD,9097,2026-04-02 05:06:10
D:\\Vibe Coding\\TwinPacemaker\cloud_server\venv\Lib\site-packages\asyncpg-0.31.0.dist-info\REQUESTED,0,2026-04-02 05:06:09
D:\\Vibe Coding\\TwinPacemaker\cloud_server\venv\Lib\site-packages\asyncpg-0.31.0.dist-info\top_level.txt,8,2026-04-02 05:06:09
D:\\Vibe Coding\\TwinPacemaker\cloud_server\venv\Lib\site-packages\asyncpg-0.31.0.dist-info\WHEEL,101,2026-04-02 05:06:09
D:\\Vibe Coding\\TwinPacemaker\cloud_server\venv\Lib\site-packages\asyncpg\__init__.py,671,2026-04-02 05:06:09
D:\\Vibe Coding\\TwinPacemaker\cloud_server\venv\Lib\site-packages\asyncpg\_asyncio_compat.py,2634,2026-04-02 05:06:09
D:\\Vibe Coding\\TwinPacemaker\cloud_server\venv\Lib\site-packages\asyncpg\_testbase\__init__.py,17042,2026-04-02 05:06:09
D:\\Vibe Coding\\TwinPacemaker\cloud_server\venv\Lib\site-packages\asyncpg\_testbase\fuzzer.py,10110,2026-04-02 05:06:09
D:\\Vibe Coding\\TwinPacemaker\cloud_server\venv\Lib\site-packages\asyncpg\_version.py,658,2026-04-02 05:06:09
D:\\Vibe Coding\\TwinPacemaker\cloud_server\venv\Lib\site-packages\asyncpg\cluster.py,25205,2026-04-02 05:06:09
D:\\Vibe Coding\\TwinPacemaker\cloud_server\venv\Lib\site-packages\asyncpg\compat.py,2547,2026-04-02 05:06:09
D:\\Vibe Coding\\TwinPacemaker\cloud_server\venv\Lib\site-packages\asyncpg\connect_utils.py,44751,2026-04-02 05:06:09
D:\\Vibe Coding\\TwinPacemaker\cloud_server\venv\Lib\site-packages\asyncpg\connection.py,101842,2026-04-02 05:06:09
D:\\Vibe Coding\\TwinPacemaker\cloud_server\venv\Lib\site-packages\asyncpg\connresource.py,1428,2026-04-02 05:06:09
D:\\Vibe Coding\\TwinPacemaker\cloud_server\venv\Lib\site-packages\asyncpg\cursor.py,9483,2026-04-02 05:06:09
D:\\Vibe Coding\\TwinPacemaker\cloud_server\venv\Lib\site-packages\asyncpg\exceptions\__init__.py,30368,2026-04-02 05:06:09
D:\\Vibe Coding\\TwinPacemaker\cloud_server\venv\Lib\site-packages\asyncpg\exceptions\_base.py,9559,2026-04-02 05:06:09
D:\\Vibe Coding\\TwinPacemaker\cloud_server\venv\Lib\site-packages\asyncpg\introspection.py,9636,2026-04-02 05:06:09
D:\\Vibe Coding\\TwinPacemaker\cloud_server\venv\Lib\site-packages\asyncpg\pgproto\__init__.pxd,218,2026-04-02 05:06:09
D:\\Vibe Coding\\TwinPacemaker\cloud_server\venv\Lib\site-packages\asyncpg\pgproto\__init__.py,218,2026-04-02 05:06:09
D:\\Vibe Coding\\TwinPacemaker\cloud_server\venv\Lib\site-packages\asyncpg\pgproto\buffer.pxd,4685,2026-04-02 05:06:09
D:\\Vibe Coding\\TwinPacemaker\cloud_server\venv\Lib\site-packages\asyncpg\pgproto\buffer.pxi,96,2026-04-02 05:06:09
D:\\Vibe Coding\\TwinPacemaker\cloud_server\venv\Lib\site-packages\asyncpg\pgproto\buffer.pyx,26539,2026-04-02 05:06:09
D:\\Vibe Coding\\TwinPacemaker\cloud_server\venv\Lib\site-packages\asyncpg\pgproto\codecs\__init__.pxd,6289,2026-04-02 05:06:09
D:\\Vibe Coding\\TwinPacemaker\cloud_server\venv\Lib\site-packages\asyncpg\pgproto\codecs\bits.pyx,1522,2026-04-02 05:06:09
D:\\Vibe Coding\\TwinPacemaker\cloud_server\venv\Lib\site-packages\asyncpg\pgproto\codecs\bytea.pyx,1031,2026-04-02 05:06:09
D:\\Vibe Coding\\TwinPacemaker\cloud_server\venv\Lib\site-packages\asyncpg\pgproto\codecs\context.pyx,649,2026-04-02 05:06:09
D:\\Vibe Coding\\TwinPacemaker\cloud_server\venv\Lib\site-packages\asyncpg\pgproto\codecs\datetime.pyx,13278,2026-04-02 05:06:09
D:\\Vibe Coding\\TwinPacemaker\cloud_server\venv\Lib\site-packages\asyncpg\pgproto\codecs\float.pyx,1065,2026-04-02 05:06:09
D:\\Vibe Coding\\TwinPacemaker\cloud_server\venv\Lib\site-packages\asyncpg\pgproto\codecs\geometry.pyx,4829,2026-04-02 05:06:09
D:\\Vibe Coding\\TwinPacemaker\cloud_server\venv\Lib\site-packages\asyncpg\pgproto\codecs\hstore.pyx,2091,2026-04-02 05:06:09
D:\\Vibe Coding\\TwinPacemaker\cloud_server\venv\Lib\site-packages\asyncpg\pgproto\codecs\int.pyx,4670,2026-04-02 05:06:09
D:\\Vibe Coding\\TwinPacemaker\cloud_server\venv\Lib\site-packages\asyncpg\pgproto\codecs\json.pyx,1511,2026-04-02 05:06:09
D:\\Vibe Coding\\TwinPacemaker\cloud_server\venv\Lib\site-packages\asyncpg\pgproto\codecs\jsonpath.pyx,862,2026-04-02 05:06:09
D:\\Vibe Coding\\TwinPacemaker\cloud_server\venv\Lib\site-packages\asyncpg\pgproto\codecs\misc.pyx,500,2026-04-02 05:06:09
D:\\Vibe Coding\\TwinPacemaker\cloud_server\venv\Lib\site-packages\asyncpg\pgproto\codecs\network.pyx,4056,2026-04-02 05:06:09
D:\\Vibe Coding\\TwinPacemaker\cloud_server\venv\Lib\site-packages\asyncpg\pgproto\codecs\numeric.pyx,10729,2026-04-02 05:06:09
D:\\Vibe Coding\\TwinPacemaker\cloud_server\venv\Lib\site-packages\asyncpg\pgproto\codecs\pg_snapshot.pyx,1877,2026-04-02 05:06:09
D:\\Vibe Coding\\TwinPacemaker\cloud_server\venv\Lib\site-packages\asyncpg\pgproto\codecs\text.pyx,1564,2026-04-02 05:06:09
D:\\Vibe Coding\\TwinPacemaker\cloud_server\venv\Lib\site-packages\asyncpg\pgproto\codecs\tid.pyx,1600,2026-04-02 05:06:09
D:\\Vibe Coding\\TwinPacemaker\cloud_server\venv\Lib\site-packages\asyncpg\pgproto\codecs\uuid.pyx,882,2026-04-02 05:06:09
D:\\Vibe Coding\\TwinPacemaker\cloud_server\venv\Lib\site-packages\asyncpg\pgproto\consts.pxi,291,2026-04-02 05:06:09
D:\\Vibe Coding\\TwinPacemaker\cloud_server\venv\Lib\site-packages\asyncpg\pgproto\cpythonx.pxd,759,2026-04-02 05:06:09
D:\\Vibe Coding\\TwinPacemaker\cloud_server\venv\Lib\site-packages\asyncpg\pgproto\debug.pxd,273,2026-04-02 05:06:09
D:\\Vibe Coding\\TwinPacemaker\cloud_server\venv\Lib\site-packages\asyncpg\pgproto\frb.pxd,1260,2026-04-02 05:06:09
D:\\Vibe Coding\\TwinPacemaker\cloud_server\venv\Lib\site-packages\asyncpg\pgproto\frb.pyx,421,2026-04-02 05:06:09
D:\\Vibe Coding\\TwinPacemaker\cloud_server\venv\Lib\site-packages\asyncpg\pgproto\hton.pxd,977,2026-04-02 05:06:09
D:\\Vibe Coding\\TwinPacemaker\cloud_server\venv\Lib\site-packages\asyncpg\pgproto\pgproto.cp312-win_amd64.pyd,250880,2026-04-02 05:06:09
D:\\Vibe Coding\\TwinPacemaker\cloud_server\venv\Lib\site-packages\asyncpg\pgproto\pgproto.pxd,449,2026-04-02 05:06:09
D:\\Vibe Coding\\TwinPacemaker\cloud_server\venv\Lib\site-packages\asyncpg\pgproto\pgproto.pyi,431,2026-04-02 05:06:09
D:\\Vibe Coding\\TwinPacemaker\cloud_server\venv\Lib\site-packages\asyncpg\pgproto\pgproto.pyx,1298,2026-04-02 05:06:09
D:\\Vibe Coding\\TwinPacemaker\cloud_server\venv\Lib\site-packages\asyncpg\pgproto\tohex.pxd,371,2026-04-02 05:06:09
D:\\Vibe Coding\\TwinPacemaker\cloud_server\venv\Lib\site-packages\asyncpg\pgproto\types.py,13210,2026-04-02 05:06:09
D:\\Vibe Coding\\TwinPacemaker\cloud_server\venv\Lib\site-packages\asyncpg\pgproto\uuid.pyx,10602,2026-04-02 05:06:09
D:\\Vibe Coding\\TwinPacemaker\cloud_server\venv\Lib\site-packages\asyncpg\pool.py,43616,2026-04-02 05:06:09
D:\\Vibe Coding\\TwinPacemaker\cloud_server\venv\Lib\site-packages\asyncpg\prepared_stmt.py,10069,2026-04-02 05:06:09
D:\\Vibe Coding\\TwinPacemaker\cloud_server\venv\Lib\site-packages\asyncpg\protocol\__init__.py,371,2026-04-02 05:06:09
D:\\Vibe Coding\\TwinPacemaker\cloud_server\venv\Lib\site-packages\asyncpg\protocol\codecs\__init__.py,0,2026-04-02 05:06:09
D:\\Vibe Coding\\TwinPacemaker\cloud_server\venv\Lib\site-packages\asyncpg\protocol\codecs\array.pyx,30361,2026-04-02 05:06:09
D:\\Vibe Coding\\TwinPacemaker\cloud_server\venv\Lib\site-packages\asyncpg\protocol\codecs\base.pxd,6813,2026-04-02 05:06:09
D:\\Vibe Coding\\TwinPacemaker\cloud_server\venv\Lib\site-packages\asyncpg\protocol\codecs\base.pyx,35382,2026-04-02 05:06:09
D:\\Vibe Coding\\TwinPacemaker\cloud_server\venv\Lib\site-packages\asyncpg\protocol\codecs\pgproto.pyx,17659,2026-04-02 05:06:09
D:\\Vibe Coding\\TwinPacemaker\cloud_server\venv\Lib\site-packages\asyncpg\protocol\codecs\range.pyx,6566,2026-04-02 05:06:09
D:\\Vibe Coding\\TwinPacemaker\cloud_server\venv\Lib\site-packages\asyncpg\protocol\codecs\record.pyx,2433,2026-04-02 05:06:09
D:\\Vibe Coding\\TwinPacemaker\cloud_server\venv\Lib\site-packages\asyncpg\protocol\codecs\textutils.pyx,2110,2026-04-02 05:06:09
D:\\Vibe Coding\\TwinPacemaker\cloud_server\venv\Lib\site-packages\asyncpg\protocol\consts.pxi,393,2026-04-02 05:06:09
D:\\Vibe Coding\\TwinPacemaker\cloud_server\venv\Lib\site-packages\asyncpg\protocol\coreproto.pxd,6407,2026-04-02 05:06:09
D:\\Vibe Coding\\TwinPacemaker\cloud_server\venv\Lib\site-packages\asyncpg\protocol\coreproto.pyx,42238,2026-04-02 05:06:09
D:\\Vibe Coding\\TwinPacemaker\cloud_server\venv\Lib\site-packages\asyncpg\protocol\cpythonx.pxd,632,2026-04-02 05:06:09
D:\\Vibe Coding\\TwinPacemaker\cloud_server\venv\Lib\site-packages\asyncpg\protocol\encodings.pyx,1697,2026-04-02 05:06:09
D:\\Vibe Coding\\TwinPacemaker\cloud_server\venv\Lib\site-packages\asyncpg\protocol\pgtypes.pxi,7184,2026-04-02 05:06:09
D:\\Vibe Coding\\TwinPacemaker\cloud_server\venv\Lib\site-packages\asyncpg\protocol\prepared_stmt.pxd,1154,2026-04-02 05:06:09
D:\\Vibe Coding\\TwinPacemaker\cloud_server\venv\Lib\site-packages\asyncpg\protocol\prepared_stmt.pyx,13431,2026-04-02 05:06:09
D:\\Vibe Coding\\TwinPacemaker\cloud_server\venv\Lib\site-packages\asyncpg\protocol\protocol.cp312-win_amd64.pyd,700416,2026-04-02 05:06:09
D:\\Vibe Coding\\TwinPacemaker\cloud_server\venv\Lib\site-packages\asyncpg\protocol\protocol.pxd,2004,2026-04-02 05:06:09
D:\\Vibe Coding\\TwinPacemaker\cloud_server\venv\Lib\site-packages\asyncpg\protocol\protocol.pyi,9390,2026-04-02 05:06:09
D:\\Vibe Coding\\TwinPacemaker\cloud_server\venv\Lib\site-packages\asyncpg\protocol\protocol.pyx,35524,2026-04-02 05:06:09
D:\\Vibe Coding\\TwinPacemaker\cloud_server\venv\Lib\site-packages\asyncpg\protocol\record.cp312-win_amd64.pyd,28160,2026-04-02 05:06:09
D:\\Vibe Coding\\TwinPacemaker\cloud_server\venv\Lib\site-packages\asyncpg\protocol\record.pyi,770,2026-04-02 05:06:09
D:\\Vibe Coding\\TwinPacemaker\cloud_server\venv\Lib\site-packages\asyncpg\protocol\recordcapi.pxd,374,2026-04-02 05:06:09
D:\\Vibe Coding\\TwinPacemaker\cloud_server\venv\Lib\site-packages\asyncpg\protocol\scram.pxd,1330,2026-04-02 05:06:09
D:\\Vibe Coding\\TwinPacemaker\cloud_server\venv\Lib\site-packages\asyncpg\protocol\scram.pyx,14935,2026-04-02 05:06:09
D:\\Vibe Coding\\TwinPacemaker\cloud_server\venv\Lib\site-packages\asyncpg\protocol\settings.pxd,1096,2026-04-02 05:06:09
D:\\Vibe Coding\\TwinPacemaker\cloud_server\venv\Lib\site-packages\asyncpg\protocol\settings.pyx,3883,2026-04-02 05:06:09
D:\\Vibe Coding\\TwinPacemaker\cloud_server\venv\Lib\site-packages\asyncpg\serverversion.py,2203,2026-04-02 05:06:09
D:\\Vibe Coding\\TwinPacemaker\cloud_server\venv\Lib\site-packages\asyncpg\transaction.py,8743,2026-04-02 05:06:09
D:\\Vibe Coding\\TwinPacemaker\cloud_server\venv\Lib\site-packages\asyncpg\types.py,5735,2026-04-02 05:06:09
D:\\Vibe Coding\\TwinPacemaker\cloud_server\venv\Lib\site-packages\asyncpg\utils.py,1547,2026-04-02 05:06:09
D:\\Vibe Coding\\TwinPacemaker\cloud_server\venv\Lib\site-packages\certifi-2026.2.25.dist-info\INSTALLER,4,2026-04-02 05:06:09
D:\\Vibe Coding\\TwinPacemaker\cloud_server\venv\Lib\site-packages\certifi-2026.2.25.dist-info\licenses\LICENSE,989,2026-04-02 05:06:08
D:\\Vibe Coding\\TwinPacemaker\cloud_server\venv\Lib\site-packages\certifi-2026.2.25.dist-info\METADATA,2474,2026-04-02 05:06:08
D:\\Vibe Coding\\TwinPacemaker\cloud_server\venv\Lib\site-packages\certifi-2026.2.25.dist-info\RECORD,1023,2026-04-02 05:06:09
D:\\Vibe Coding\\TwinPacemaker\cloud_server\venv\Lib\site-packages\certifi-2026.2.25.dist-info\top_level.txt,8,2026-04-02 05:06:08
D:\\Vibe Coding\\TwinPacemaker\cloud_server\venv\Lib\site-packages\certifi-2026.2.25.dist-info\WHEEL,91,2026-04-02 05:06:08
D:\\Vibe Coding\\TwinPacemaker\cloud_server\venv\Lib\site-packages\certifi\__init__.py,94,2026-04-02 05:06:08
D:\\Vibe Coding\\TwinPacemaker\cloud_server\venv\Lib\site-packages\certifi\__main__.py,243,2026-04-02 05:06:08
D:\\Vibe Coding\\TwinPacemaker\cloud_server\venv\Lib\site-packages\certifi\cacert.pem,272441,2026-04-02 05:06:08
D:\\Vibe Coding\\TwinPacemaker\cloud_server\venv\Lib\site-packages\certifi\core.py,3394,2026-04-02 05:06:08
D:\\Vibe Coding\\TwinPacemaker\cloud_server\venv\Lib\site-packages\certifi\py.typed,0,2026-04-02 05:06:08
D:\\Vibe Coding\\TwinPacemaker\cloud_server\venv\Lib\site-packages\cffi-2.0.0.dist-info\entry_points.txt,75,2026-04-02 05:06:11
D:\\Vibe Coding\\TwinPacemaker\cloud_server\venv\Lib\site-packages\cffi-2.0.0.dist-info\INSTALLER,4,2026-04-02 05:06:12
D:\\Vibe Coding\\TwinPacemaker\cloud_server\venv\Lib\site-packages\cffi-2.0.0.dist-info\licenses\AUTHORS,208,2026-04-02 05:06:11
D:\\Vibe Coding\\TwinPacemaker\cloud_server\venv\Lib\site-packages\cffi-2.0.0.dist-info\licenses\LICENSE,1123,2026-04-02 05:06:11
D:\\Vibe Coding\\TwinPacemaker\cloud_server\venv\Lib\site-packages\cffi-2.0.0.dist-info\METADATA,2627,2026-04-02 05:06:11
D:\\Vibe Coding\\TwinPacemaker\cloud_server\venv\Lib\site-packages\cffi-2.0.0.dist-info\RECORD,3269,2026-04-02 05:06:12
D:\\Vibe Coding\\TwinPacemaker\cloud_server\venv\Lib\site-packages\cffi-2.0.0.dist-info\top_level.txt,19,2026-04-02 05:06:11
D:\\Vibe Coding\\TwinPacemaker\cloud_server\venv\Lib\site-packages\cffi-2.0.0.dist-info\WHEEL,101,2026-04-02 05:06:11
D:\\Vibe Coding\\TwinPacemaker\cloud_server\venv\Lib\site-packages\cffi\__init__.py,511,2026-04-02 05:06:11
D:\\Vibe Coding\\TwinPacemaker\cloud_server\venv\Lib\site-packages\cffi\_cffi_errors.h,3908,2026-04-02 05:06:11
D:\\Vibe Coding\\TwinPacemaker\cloud_server\venv\Lib\site-packages\cffi\_cffi_include.h,15055,2026-04-02 05:06:11
D:\\Vibe Coding\\TwinPacemaker\cloud_server\venv\Lib\site-packages\cffi\_embedding.h,18786,2026-04-02 05:06:11
D:\\Vibe Coding\\TwinPacemaker\cloud_server\venv\Lib\site-packages\cffi\_imp_emulation.py,2960,2026-04-02 05:06:11
D:\\Vibe Coding\\TwinPacemaker\cloud_server\venv\Lib\site-packages\cffi\_shimmed_dist_utils.py,2230,2026-04-02 05:06:11
D:\\Vibe Coding\\TwinPacemaker\cloud_server\venv\Lib\site-packages\cffi\api.py,42169,2026-04-02 05:06:11
D:\\Vibe Coding\\TwinPacemaker\cloud_server\venv\Lib\site-packages\cffi\backend_ctypes.py,42454,2026-04-02 05:06:11
D:\\Vibe Coding\\TwinPacemaker\cloud_server\venv\Lib\site-packages\cffi\cffi_opcode.py,5731,2026-04-02 05:06:11
D:\\Vibe Coding\\TwinPacemaker\cloud_server\venv\Lib\site-packages\cffi\commontypes.py,2805,2026-04-02 05:06:11
D:\\Vibe Coding\\TwinPacemaker\cloud_server\venv\Lib\site-packages\cffi\cparser.py,44790,2026-04-02 05:06:11
D:\\Vibe Coding\\TwinPacemaker\cloud_server\venv\Lib\site-packages\cffi\error.py,877,2026-04-02 05:06:11
D:\\Vibe Coding\\TwinPacemaker\cloud_server\venv\Lib\site-packages\cffi\ffiplatform.py,3584,2026-04-02 05:06:11
D:\\Vibe Coding\\TwinPacemaker\cloud_server\venv\Lib\site-packages\cffi\lock.py,747,2026-04-02 05:06:11
D:\\Vibe Coding\\TwinPacemaker\cloud_server\venv\Lib\site-packages\cffi\model.py,21797,2026-04-02 05:06:11
D:\\Vibe Coding\\TwinPacemaker\cloud_server\venv\Lib\site-packages\cffi\parse_c_type.h,5976,2026-04-02 05:06:11
D:\\Vibe Coding\\TwinPacemaker\cloud_server\venv\Lib\site-packages\cffi\pkgconfig.py,4374,2026-04-02 05:06:11
D:\\Vibe Coding\\TwinPacemaker\cloud_server\venv\Lib\site-packages\cffi\recompiler.py,65509,2026-04-02 05:06:11
D:\\Vibe Coding\\TwinPacemaker\cloud_server\venv\Lib\site-packages\cffi\setuptools_ext.py,9411,2026-04-02 05:06:11
D:\\Vibe Coding\\TwinPacemaker\cloud_server\venv\Lib\site-packages\cffi\vengine_cpy.py,43881,2026-04-02 05:06:11
D:\\Vibe Coding\\TwinPacemaker\cloud_server\venv\Lib\site-packages\cffi\vengine_gen.py,26939,2026-04-02 05:06:11
D:\\Vibe Coding\\TwinPacemaker\cloud_server\venv\Lib\site-packages\cffi\verifier.py,11182,2026-04-02 05:06:11
D:\\Vibe Coding\\TwinPacemaker\cloud_server\venv\Lib\site-packages\charset_normalizer-3.4.6.dist-info\entry_points.txt,65,2026-04-02 05:06:08
D:\\Vibe Coding\\TwinPacemaker\cloud_server\venv\Lib\site-packages\charset_normalizer-3.4.6.dist-info\INSTALLER,4,2026-04-02 05:06:08
D:\\Vibe Coding\\TwinPacemaker\cloud_server\venv\Lib\site-packages\charset_normalizer-3.4.6.dist-info\licenses\LICENSE,1092,2026-04-02 05:06:08
D:\\Vibe Coding\\TwinPacemaker\cloud_server\venv\Lib\site-packages\charset_normalizer-3.4.6.dist-info\METADATA,41354,2026-04-02 05:06:08
D:\\Vibe Coding\\TwinPacemaker\cloud_server\venv\Lib\site-packages\charset_normalizer-3.4.6.dist-info\RECORD,2874,2026-04-02 05:06:08
D:\\Vibe Coding\\TwinPacemaker\cloud_server\venv\Lib\site-packages\charset_normalizer-3.4.6.dist-info\top_level.txt,47,2026-04-02 05:06:08
D:\\Vibe Coding\\TwinPacemaker\cloud_server\venv\Lib\site-packages\charset_normalizer-3.4.6.dist-info\WHEEL,101,2026-04-02 05:06:08
D:\\Vibe Coding\\TwinPacemaker\cloud_server\venv\Lib\site-packages\charset_normalizer\__init__.py,1638,2026-04-02 05:06:08
D:\\Vibe Coding\\TwinPacemaker\cloud_server\venv\Lib\site-packages\charset_normalizer\__main__.py,115,2026-04-02 05:06:08
D:\\Vibe Coding\\TwinPacemaker\cloud_server\venv\Lib\site-packages\charset_normalizer\api.py,38934,2026-04-02 05:06:08
D:\\Vibe Coding\\TwinPacemaker\cloud_server\venv\Lib\site-packages\charset_normalizer\cd.cp312-win_amd64.pyd,10752,2026-04-02 05:06:08
D:\\Vibe Coding\\TwinPacemaker\cloud_server\venv\Lib\site-packages\charset_normalizer\cd.py,15628,2026-04-02 05:06:08
D:\\Vibe Coding\\TwinPacemaker\cloud_server\venv\Lib\site-packages\charset_normalizer\cli\__init__.py,144,2026-04-02 05:06:08
D:\\Vibe Coding\\TwinPacemaker\cloud_server\venv\Lib\site-packages\charset_normalizer\cli\__main__.py,12302,2026-04-02 05:06:08
D:\\Vibe Coding\\TwinPacemaker\cloud_server\venv\Lib\site-packages\charset_normalizer\constant.py,46481,2026-04-02 05:06:08
D:\\Vibe Coding\\TwinPacemaker\cloud_server\venv\Lib\site-packages\charset_normalizer\legacy.py,2740,2026-04-02 05:06:08
D:\\Vibe Coding\\TwinPacemaker\cloud_server\venv\Lib\site-packages\charset_normalizer\md.cp312-win_amd64.pyd,10752,2026-04-02 05:06:08
D:\\Vibe Coding\\TwinPacemaker\cloud_server\venv\Lib\site-packages\charset_normalizer\md.py,31377,2026-04-02 05:06:08
D:\\Vibe Coding\\TwinPacemaker\cloud_server\venv\Lib\site-packages\charset_normalizer\models.py,12719,2026-04-02 05:06:08
D:\\Vibe Coding\\TwinPacemaker\cloud_server\venv\Lib\site-packages\charset_normalizer\py.typed,0,2026-04-02 05:06:08
D:\\Vibe Coding\\TwinPacemaker\cloud_server\venv\Lib\site-packages\charset_normalizer\utils.py,12704,2026-04-02 05:06:08
D:\\Vibe Coding\\TwinPacemaker\cloud_server\venv\Lib\site-packages\charset_normalizer\version.py,123,2026-04-02 05:06:08
D:\\Vibe Coding\\TwinPacemaker\cloud_server\venv\Lib\site-packages\click-8.3.1.dist-info\INSTALLER,4,2026-04-02 05:06:11
D:\\Vibe Coding\\TwinPacemaker\cloud_server\venv\Lib\site-packages\click-8.3.1.dist-info\licenses\LICENSE.txt,1475,2026-04-02 05:06:11
D:\\Vibe Coding\\TwinPacemaker\cloud_server\venv\Lib\site-packages\click-8.3.1.dist-info\METADATA,2621,2026-04-02 05:06:11
D:\\Vibe Coding\\TwinPacemaker\cloud_server\venv\Lib\site-packages\click-8.3.1.dist-info\RECORD,2531,2026-04-02 05:06:11
D:\\Vibe Coding\\TwinPacemaker\cloud_server\venv\Lib\site-packages\click-8.3.1.dist-info\WHEEL,82,2026-04-02 05:06:11
D:\\Vibe Coding\\TwinPacemaker\cloud_server\venv\Lib\site-packages\click\__init__.py,4473,2026-04-02 05:06:11
D:\\Vibe Coding\\TwinPacemaker\cloud_server\venv\Lib\site-packages\click\_compat.py,18693,2026-04-02 05:06:11
D:\\Vibe Coding\\TwinPacemaker\cloud_server\venv\Lib\site-packages\click\_termui_impl.py,27093,2026-04-02 05:06:11
D:\\Vibe Coding\\TwinPacemaker\cloud_server\venv\Lib\site-packages\click\_textwrap.py,1400,2026-04-02 05:06:11
D:\\Vibe Coding\\TwinPacemaker\cloud_server\venv\Lib\site-packages\click\_utils.py,943,2026-04-02 05:06:11
D:\\Vibe Coding\\TwinPacemaker\cloud_server\venv\Lib\site-packages\click\_winconsole.py,8465,2026-04-02 05:06:11
D:\\Vibe Coding\\TwinPacemaker\cloud_server\venv\Lib\site-packages\click\core.py,132105,2026-04-02 05:06:11
D:\\Vibe Coding\\TwinPacemaker\cloud_server\venv\Lib\site-packages\click\decorators.py,18461,2026-04-02 05:06:11
D:\\Vibe Coding\\TwinPacemaker\cloud_server\venv\Lib\site-packages\click\exceptions.py,9954,2026-04-02 05:06:11
D:\\Vibe Coding\\TwinPacemaker\cloud_server\venv\Lib\site-packages\click\formatting.py,9730,2026-04-02 05:06:11
D:\\Vibe Coding\\TwinPacemaker\cloud_server\venv\Lib\site-packages\click\globals.py,1923,2026-04-02 05:06:11
D:\\Vibe Coding\\TwinPacemaker\cloud_server\venv\Lib\site-packages\click\parser.py,19010,2026-04-02 05:06:11
D:\\Vibe Coding\\TwinPacemaker\cloud_server\venv\Lib\site-packages\click\py.typed,0,2026-04-02 05:06:11
D:\\Vibe Coding\\TwinPacemaker\cloud_server\venv\Lib\site-packages\click\shell_completion.py,20994,2026-04-02 05:06:11
D:\\Vibe Coding\\TwinPacemaker\cloud_server\venv\Lib\site-packages\click\termui.py,31037,2026-04-02 05:06:11
D:\\Vibe Coding\\TwinPacemaker\cloud_server\venv\Lib\site-packages\click\testing.py,19102,2026-04-02 05:06:11
D:\\Vibe Coding\\TwinPacemaker\cloud_server\venv\Lib\site-packages\click\types.py,39927,2026-04-02 05:06:11
D:\\Vibe Coding\\TwinPacemaker\cloud_server\venv\Lib\site-packages\click\utils.py,20257,2026-04-02 05:06:11
D:\\Vibe Coding\\TwinPacemaker\cloud_server\venv\Lib\site-packages\colorama-0.4.6.dist-info\INSTALLER,4,2026-04-02 05:06:08
D:\\Vibe Coding\\TwinPacemaker\cloud_server\venv\Lib\site-packages\colorama-0.4.6.dist-info\licenses\LICENSE.txt,1491,2026-04-02 05:06:08
D:\\Vibe Coding\\TwinPacemaker\cloud_server\venv\Lib\site-packages\colorama-0.4.6.dist-info\METADATA,17158,2026-04-02 05:06:08
D:\\Vibe Coding\\TwinPacemaker\cloud_server\venv\Lib\site-packages\colorama-0.4.6.dist-info\RECORD,2174,2026-04-02 05:06:08
D:\\Vibe Coding\\TwinPacemaker\cloud_server\venv\Lib\site-packages\colorama-0.4.6.dist-info\WHEEL,105,2026-04-02 05:06:08
D:\\Vibe Coding\\TwinPacemaker\cloud_server\venv\Lib\site-packages\colorama\__init__.py,266,2026-04-02 05:06:08
D:\\Vibe Coding\\TwinPacemaker\cloud_server\venv\Lib\site-packages\colorama\ansi.py,2522,2026-04-02 05:06:08
D:\\Vibe Coding\\TwinPacemaker\cloud_server\venv\Lib\site-packages\colorama\ansitowin32.py,11128,2026-04-02 05:06:08
D:\\Vibe Coding\\TwinPacemaker\cloud_server\venv\Lib\site-packages\colorama\initialise.py,3325,2026-04-02 05:06:08
D:\\Vibe Coding\\TwinPacemaker\cloud_server\venv\Lib\site-packages\colorama\tests\__init__.py,75,2026-04-02 05:06:08
D:\\Vibe Coding\\TwinPacemaker\cloud_server\venv\Lib\site-packages\colorama\tests\ansi_test.py,2839,2026-04-02 05:06:08
D:\\Vibe Coding\\TwinPacemaker\cloud_server\venv\Lib\site-packages\colorama\tests\ansitowin32_test.py,10678,2026-04-02 05:06:08
D:\\Vibe Coding\\TwinPacemaker\cloud_server\venv\Lib\site-packages\colorama\tests\initialise_test.py,6741,2026-04-02 05:06:08
D:\\Vibe Coding\\TwinPacemaker\cloud_server\venv\Lib\site-packages\colorama\tests\isatty_test.py,1866,2026-04-02 05:06:08
D:\\Vibe Coding\\TwinPacemaker\cloud_server\venv\Lib\site-packages\colorama\tests\utils.py,1079,2026-04-02 05:06:08
D:\\Vibe Coding\\TwinPacemaker\cloud_server\venv\Lib\site-packages\colorama\tests\winterm_test.py,3709,2026-04-02 05:06:08
D:\\Vibe Coding\\TwinPacemaker\cloud_server\venv\Lib\site-packages\colorama\win32.py,6181,2026-04-02 05:06:08
D:\\Vibe Coding\\TwinPacemaker\cloud_server\venv\Lib\site-packages\colorama\winterm.py,7134,2026-04-02 05:06:08
D:\\Vibe Coding\\TwinPacemaker\cloud_server\venv\Lib\site-packages\cors-1.0.1.dist-info\entry_points.txt,52,2026-04-02 05:06:30
D:\\Vibe Coding\\TwinPacemaker\cloud_server\venv\Lib\site-packages\cors-1.0.1.dist-info\INSTALLER,4,2026-04-02 05:06:30
D:\\Vibe Coding\\TwinPacemaker\cloud_server\venv\Lib\site-packages\cors-1.0.1.dist-info\METADATA,9350,2026-04-02 05:06:30
D:\\Vibe Coding\\TwinPacemaker\cloud_server\venv\Lib\site-packages\cors-1.0.1.dist-info\RECORD,2162,2026-04-02 05:06:31
D:\\Vibe Coding\\TwinPacemaker\cloud_server\venv\Lib\site-packages\cors-1.0.1.dist-info\REQUESTED,0,2026-04-02 05:06:31
D:\\Vibe Coding\\TwinPacemaker\cloud_server\venv\Lib\site-packages\cors-1.0.1.dist-info\top_level.txt,11,2026-04-02 05:06:30
D:\\Vibe Coding\\TwinPacemaker\cloud_server\venv\Lib\site-packages\cors-1.0.1.dist-info\WHEEL,92,2026-04-02 05:06:30
D:\\Vibe Coding\\TwinPacemaker\cloud_server\venv\Lib\site-packages\CORScanner\.github\workflows\python-publish.yml,1037,2026-04-02 05:06:30
D:\\Vibe Coding\\TwinPacemaker\cloud_server\venv\Lib\site-packages\CORScanner\.gitignore,1166,2026-04-02 05:06:30
D:\\Vibe Coding\\TwinPacemaker\cloud_server\venv\Lib\site-packages\CORScanner\__init__.py,139,2026-04-02 05:06:30
D:\\Vibe Coding\\TwinPacemaker\cloud_server\venv\Lib\site-packages\CORScanner\common\__init__.py,0,2026-04-02 05:06:30
D:\\Vibe Coding\\TwinPacemaker\cloud_server\venv\Lib\site-packages\CORScanner\common\common.py,857,2026-04-02 05:06:30
D:\\Vibe Coding\\TwinPacemaker\cloud_server\venv\Lib\site-packages\CORScanner\common\corscheck.py,10275,2026-04-02 05:06:30
D:\\Vibe Coding\\TwinPacemaker\cloud_server\venv\Lib\site-packages\CORScanner\common\logger.py,1427,2026-04-02 05:06:30
D:\\Vibe Coding\\TwinPacemaker\cloud_server\venv\Lib\site-packages\CORScanner\cors_scan.py,4737,2026-04-02 05:06:30
D:\\Vibe Coding\\TwinPacemaker\cloud_server\venv\Lib\site-packages\CORScanner\images\screenshot.png,879153,2026-04-02 05:06:30
D:\\Vibe Coding\\TwinPacemaker\cloud_server\venv\Lib\site-packages\CORScanner\images\walmart.png,1421279,2026-04-02 05:06:30
D:\\Vibe Coding\\TwinPacemaker\cloud_server\venv\Lib\site-packages\CORScanner\LICENSE,1069,2026-04-02 05:06:30
D:\\Vibe Coding\\TwinPacemaker\cloud_server\venv\Lib\site-packages\CORScanner\origins.json,175,2026-04-02 05:06:30
D:\\Vibe Coding\\TwinPacemaker\cloud_server\venv\Lib\site-packages\CORScanner\requirements.txt,60,2026-04-02 05:06:30
D:\\Vibe Coding\\TwinPacemaker\cloud_server\venv\Lib\site-packages\CORScanner\top_100_domains.txt,1158,2026-04-02 05:06:30
D:\\Vibe Coding\\TwinPacemaker\cloud_server\venv\Lib\site-packages\dotenv\__init__.py,1230,2026-04-02 05:05:58
D:\\Vibe Coding\\TwinPacemaker\cloud_server\venv\Lib\site-packages\dotenv\__main__.py,129,2026-04-02 05:05:58
D:\\Vibe Coding\\TwinPacemaker\cloud_server\venv\Lib\site-packages\dotenv\cli.py,6542,2026-04-02 05:05:58
D:\\Vibe Coding\\TwinPacemaker\cloud_server\venv\Lib\site-packages\dotenv\ipython.py,1326,2026-04-02 05:05:58
D:\\Vibe Coding\\TwinPacemaker\cloud_server\venv\Lib\site-packages\dotenv\main.py,14683,2026-04-02 05:05:58
D:\\Vibe Coding\\TwinPacemaker\cloud_server\venv\Lib\site-packages\dotenv\parser.py,5179,2026-04-02 05:05:58
D:\\Vibe Coding\\TwinPacemaker\cloud_server\venv\Lib\site-packages\dotenv\py.typed,26,2026-04-02 05:05:58
D:\\Vibe Coding\\TwinPacemaker\cloud_server\venv\Lib\site-packages\dotenv\variables.py,2348,2026-04-02 05:05:58
D:\\Vibe Coding\\TwinPacemaker\cloud_server\venv\Lib\site-packages\dotenv\version.py,22,2026-04-02 05:05:58
D:\\Vibe Coding\\TwinPacemaker\cloud_server\venv\Lib\site-packages\fastapi-0.135.3.dist-info\entry_points.txt,61,2026-04-02 05:06:28
D:\\Vibe Coding\\TwinPacemaker\cloud_server\venv\Lib\site-packages\fastapi-0.135.3.dist-info\INSTALLER,4,2026-04-02 05:06:30
D:\\Vibe Coding\\TwinPacemaker\cloud_server\venv\Lib\site-packages\fastapi-0.135.3.dist-info\licenses\LICENSE,1086,2026-04-02 05:06:28
D:\\Vibe Coding\\TwinPacemaker\cloud_server\venv\Lib\site-packages\fastapi-0.135.3.dist-info\METADATA,28675,2026-04-02 05:06:28
D:\\Vibe Coding\\TwinPacemaker\cloud_server\venv\Lib\site-packages\fastapi-0.135.3.dist-info\RECORD,7657,2026-04-02 05:06:30
D:\\Vibe Coding\\TwinPacemaker\cloud_server\venv\Lib\site-packages\fastapi-0.135.3.dist-info\REQUESTED,0,2026-04-02 05:06:30
D:\\Vibe Coding\\TwinPacemaker\cloud_server\venv\Lib\site-packages\fastapi-0.135.3.dist-info\WHEEL,90,2026-04-02 05:06:28
D:\\Vibe Coding\\TwinPacemaker\cloud_server\venv\Lib\site-packages\fastapi\.agents\skills\fastapi\references\dependencies.md,3263,2026-04-02 05:06:28
D:\\Vibe Coding\\TwinPacemaker\cloud_server\venv\Lib\site-packages\fastapi\.agents\skills\fastapi\references\other-tools.md,1526,2026-04-02 05:06:28
D:\\Vibe Coding\\TwinPacemaker\cloud_server\venv\Lib\site-packages\fastapi\.agents\skills\fastapi\references\streaming.md,2581,2026-04-02 05:06:28
D:\\Vibe Coding\\TwinPacemaker\cloud_server\venv\Lib\site-packages\fastapi\.agents\skills\fastapi\SKILL.md,10388,2026-04-02 05:06:28
D:\\Vibe Coding\\TwinPacemaker\cloud_server\venv\Lib\site-packages\fastapi\__init__.py,1081,2026-04-02 05:06:28
D:\\Vibe Coding\\TwinPacemaker\cloud_server\venv\Lib\site-packages\fastapi\__main__.py,37,2026-04-02 05:06:28
D:\\Vibe Coding\\TwinPacemaker\cloud_server\venv\Lib\site-packages\fastapi\_compat\__init__.py,2121,2026-04-02 05:06:28
D:\\Vibe Coding\\TwinPacemaker\cloud_server\venv\Lib\site-packages\fastapi\_compat\shared.py,7045,2026-04-02 05:06:28
D:\\Vibe Coding\\TwinPacemaker\cloud_server\venv\Lib\site-packages\fastapi\_compat\v2.py,17110,2026-04-02 05:06:28
D:\\Vibe Coding\\TwinPacemaker\cloud_server\venv\Lib\site-packages\fastapi\applications.py,182934,2026-04-02 05:06:28
D:\\Vibe Coding\\TwinPacemaker\cloud_server\venv\Lib\site-packages\fastapi\background.py,1820,2026-04-02 05:06:28
D:\\Vibe Coding\\TwinPacemaker\cloud_server\venv\Lib\site-packages\fastapi\cli.py,455,2026-04-02 05:06:28
D:\\Vibe Coding\\TwinPacemaker\cloud_server\venv\Lib\site-packages\fastapi\concurrency.py,1489,2026-04-02 05:06:28
D:\\Vibe Coding\\TwinPacemaker\cloud_server\venv\Lib\site-packages\fastapi\datastructures.py,5321,2026-04-02 05:06:28
D:\\Vibe Coding\\TwinPacemaker\cloud_server\venv\Lib\site-packages\fastapi\dependencies\__init__.py,0,2026-04-02 05:06:28
D:\\Vibe Coding\\TwinPacemaker\cloud_server\venv\Lib\site-packages\fastapi\dependencies\models.py,7250,2026-04-02 05:06:28
D:\\Vibe Coding\\TwinPacemaker\cloud_server\venv\Lib\site-packages\fastapi\dependencies\utils.py,39626,2026-04-02 05:06:28
D:\\Vibe Coding\\TwinPacemaker\cloud_server\venv\Lib\site-packages\fastapi\encoders.py,11175,2026-04-02 05:06:28
D:\\Vibe Coding\\TwinPacemaker\cloud_server\venv\Lib\site-packages\fastapi\exception_handlers.py,1275,2026-04-02 05:06:28
D:\\Vibe Coding\\TwinPacemaker\cloud_server\venv\Lib\site-packages\fastapi\exceptions.py,7453,2026-04-02 05:06:28
D:\\Vibe Coding\\TwinPacemaker\cloud_server\venv\Lib\site-packages\fastapi\logger.py,54,2026-04-02 05:06:28
D:\\Vibe Coding\\TwinPacemaker\cloud_server\venv\Lib\site-packages\fastapi\middleware\__init__.py,58,2026-04-02 05:06:28
D:\\Vibe Coding\\TwinPacemaker\cloud_server\venv\Lib\site-packages\fastapi\middleware\asyncexitstack.py,637,2026-04-02 05:06:28
D:\\Vibe Coding\\TwinPacemaker\cloud_server\venv\Lib\site-packages\fastapi\middleware\cors.py,79,2026-04-02 05:06:28
D:\\Vibe Coding\\TwinPacemaker\cloud_server\venv\Lib\site-packages\fastapi\middleware\gzip.py,79,2026-04-02 05:06:28
D:\\Vibe Coding\\TwinPacemaker\cloud_server\venv\Lib\site-packages\fastapi\middleware\httpsredirect.py,115,2026-04-02 05:06:28
D:\\Vibe Coding\\TwinPacemaker\cloud_server\venv\Lib\site-packages\fastapi\middleware\trustedhost.py,109,2026-04-02 05:06:28
D:\\Vibe Coding\\TwinPacemaker\cloud_server\venv\Lib\site-packages\fastapi\middleware\wsgi.py,107,2026-04-02 05:06:28
D:\\Vibe Coding\\TwinPacemaker\cloud_server\venv\Lib\site-packages\fastapi\openapi\__init__.py,0,2026-04-02 05:06:28
D:\\Vibe Coding\\TwinPacemaker\cloud_server\venv\Lib\site-packages\fastapi\openapi\constants.py,153,2026-04-02 05:06:28
D:\\Vibe Coding\\TwinPacemaker\cloud_server\venv\Lib\site-packages\fastapi\openapi\docs.py,12425,2026-04-02 05:06:28
D:\\Vibe Coding\\TwinPacemaker\cloud_server\venv\Lib\site-packages\fastapi\openapi\models.py,14591,2026-04-02 05:06:28
D:\\Vibe Coding\\TwinPacemaker\cloud_server\venv\Lib\site-packages\fastapi\openapi\utils.py,26262,2026-04-02 05:06:28
D:\\Vibe Coding\\TwinPacemaker\cloud_server\venv\Lib\site-packages\fastapi\param_functions.py,69596,2026-04-02 05:06:28
D:\\Vibe Coding\\TwinPacemaker\cloud_server\venv\Lib\site-packages\fastapi\params.py,26275,2026-04-02 05:06:28
D:\\Vibe Coding\\TwinPacemaker\cloud_server\venv\Lib\site-packages\fastapi\py.typed,0,2026-04-02 05:06:28
D:\\Vibe Coding\\TwinPacemaker\cloud_server\venv\Lib\site-packages\fastapi\requests.py,142,2026-04-02 05:06:28
D:\\Vibe Coding\\TwinPacemaker\cloud_server\venv\Lib\site-packages\fastapi\responses.py,3710,2026-04-02 05:06:28
D:\\Vibe Coding\\TwinPacemaker\cloud_server\venv\Lib\site-packages\fastapi\routing.py,197632,2026-04-02 05:06:28
D:\\Vibe Coding\\TwinPacemaker\cloud_server\venv\Lib\site-packages\fastapi\security\__init__.py,881,2026-04-02 05:06:28
D:\\Vibe Coding\\TwinPacemaker\cloud_server\venv\Lib\site-packages\fastapi\security\api_key.py,9793,2026-04-02 05:06:28
D:\\Vibe Coding\\TwinPacemaker\cloud_server\venv\Lib\site-packages\fastapi\security\base.py,141,2026-04-02 05:06:28
D:\\Vibe Coding\\TwinPacemaker\cloud_server\venv\Lib\site-packages\fastapi\security\http.py,13410,2026-04-02 05:06:28
D:\\Vibe Coding\\TwinPacemaker\cloud_server\venv\Lib\site-packages\fastapi\security\oauth2.py,24178,2026-04-02 05:06:28
D:\\Vibe Coding\\TwinPacemaker\cloud_server\venv\Lib\site-packages\fastapi\security\open_id_connect_url.py,3136,2026-04-02 05:06:28
D:\\Vibe Coding\\TwinPacemaker\cloud_server\venv\Lib\site-packages\fastapi\security\utils.py,261,2026-04-02 05:06:28
D:\\Vibe Coding\\TwinPacemaker\cloud_server\venv\Lib\site-packages\fastapi\sse.py,6394,2026-04-02 05:06:28
D:\\Vibe Coding\\TwinPacemaker\cloud_server\venv\Lib\site-packages\fastapi\staticfiles.py,69,2026-04-02 05:06:28
D:\\Vibe Coding\\TwinPacemaker\cloud_server\venv\Lib\site-packages\fastapi\templating.py,76,2026-04-02 05:06:28
D:\\Vibe Coding\\TwinPacemaker\cloud_server\venv\Lib\site-packages\fastapi\testclient.py,66,2026-04-02 05:06:28
D:\\Vibe Coding\\TwinPacemaker\cloud_server\venv\Lib\site-packages\fastapi\types.py,438,2026-04-02 05:06:28
D:\\Vibe Coding\\TwinPacemaker\cloud_server\venv\Lib\site-packages\fastapi\utils.py,4341,2026-04-02 05:06:28
D:\\Vibe Coding\\TwinPacemaker\cloud_server\venv\Lib\site-packages\fastapi\websockets.py,222,2026-04-02 05:06:28
D:\\Vibe Coding\\TwinPacemaker\cloud_server\venv\Lib\site-packages\filelock-3.25.2.dist-info\INSTALLER,4,2026-04-02 05:06:08
D:\\Vibe Coding\\TwinPacemaker\cloud_server\venv\Lib\site-packages\filelock-3.25.2.dist-info\licenses\LICENSE,1088,2026-04-02 05:06:07
D:\\Vibe Coding\\TwinPacemaker\cloud_server\venv\Lib\site-packages\filelock-3.25.2.dist-info\METADATA,1977,2026-04-02 05:06:07
D:\\Vibe Coding\\TwinPacemaker\cloud_server\venv\Lib\site-packages\filelock-3.25.2.dist-info\RECORD,1865,2026-04-02 05:06:08
D:\\Vibe Coding\\TwinPacemaker\cloud_server\venv\Lib\site-packages\filelock-3.25.2.dist-info\WHEEL,87,2026-04-02 05:06:07
D:\\Vibe Coding\\TwinPacemaker\cloud_server\venv\Lib\site-packages\filelock\__init__.py,2305,2026-04-02 05:06:07
D:\\Vibe Coding\\TwinPacemaker\cloud_server\venv\Lib\site-packages\filelock\_api.py,21159,2026-04-02 05:06:07
D:\\Vibe Coding\\TwinPacemaker\cloud_server\venv\Lib\site-packages\filelock\_async_read_write.py,7545,2026-04-02 05:06:07
D:\\Vibe Coding\\TwinPacemaker\cloud_server\venv\Lib\site-packages\filelock\_error.py,788,2026-04-02 05:06:07
D:\\Vibe Coding\\TwinPacemaker\cloud_server\venv\Lib\site-packages\filelock\_read_write.py,15323,2026-04-02 05:06:07
D:\\Vibe Coding\\TwinPacemaker\cloud_server\venv\Lib\site-packages\filelock\_soft.py,4677,2026-04-02 05:06:07
D:\\Vibe Coding\\TwinPacemaker\cloud_server\venv\Lib\site-packages\filelock\_unix.py,4579,2026-04-02 05:06:07
D:\\Vibe Coding\\TwinPacemaker\cloud_server\venv\Lib\site-packages\filelock\_util.py,1716,2026-04-02 05:06:07
D:\\Vibe Coding\\TwinPacemaker\cloud_server\venv\Lib\site-packages\filelock\_windows.py,3943,2026-04-02 05:06:07
D:\\Vibe Coding\\TwinPacemaker\cloud_server\venv\Lib\site-packages\filelock\asyncio.py,13943,2026-04-02 05:06:07
D:\\Vibe Coding\\TwinPacemaker\cloud_server\venv\Lib\site-packages\filelock\py.typed,0,2026-04-02 05:06:07
D:\\Vibe Coding\\TwinPacemaker\cloud_server\venv\Lib\site-packages\filelock\version.py,706,2026-04-02 05:06:07
D:\\Vibe Coding\\TwinPacemaker\cloud_server\venv\Lib\site-packages\future-1.0.0.dist-info\entry_points.txt,88,2026-04-02 05:06:02
D:\\Vibe Coding\\TwinPacemaker\cloud_server\venv\Lib\site-packages\future-1.0.0.dist-info\INSTALLER,4,2026-04-02 05:06:07
D:\\Vibe Coding\\TwinPacemaker\cloud_server\venv\Lib\site-packages\future-1.0.0.dist-info\LICENSE.txt,1075,2026-04-02 05:06:02
D:\\Vibe Coding\\TwinPacemaker\cloud_server\venv\Lib\site-packages\future-1.0.0.dist-info\METADATA,3959,2026-04-02 05:06:02
D:\\Vibe Coding\\TwinPacemaker\cloud_server\venv\Lib\site-packages\future-1.0.0.dist-info\RECORD,31567,2026-04-02 05:06:07
D:\\Vibe Coding\\TwinPacemaker\cloud_server\venv\Lib\site-packages\future-1.0.0.dist-info\top_level.txt,38,2026-04-02 05:06:02
D:\\Vibe Coding\\TwinPacemaker\cloud_server\venv\Lib\site-packages\future-1.0.0.dist-info\WHEEL,92,2026-04-02 05:06:02
D:\\Vibe Coding\\TwinPacemaker\cloud_server\venv\Lib\site-packages\future\__init__.py,2938,2026-04-02 05:06:01
D:\\Vibe Coding\\TwinPacemaker\cloud_server\venv\Lib\site-packages\future\backports\__init__.py,530,2026-04-02 05:06:01
D:\\Vibe Coding\\TwinPacemaker\cloud_server\venv\Lib\site-packages\future\backports\_markupbase.py,16215,2026-04-02 05:06:01
D:\\Vibe Coding\\TwinPacemaker\cloud_server\venv\Lib\site-packages\future\backports\datetime.py,75553,2026-04-02 05:06:01
D:\\Vibe Coding\\TwinPacemaker\cloud_server\venv\Lib\site-packages\future\backports\email\__init__.py,2269,2026-04-02 05:06:01
D:\\Vibe Coding\\TwinPacemaker\cloud_server\venv\Lib\site-packages\future\backports\email\_encoded_words.py,8443,2026-04-02 05:06:01
D:\\Vibe Coding\\TwinPacemaker\cloud_server\venv\Lib\site-packages\future\backports\email\_header_value_parser.py,104692,2026-04-02 05:06:01
D:\\Vibe Coding\\TwinPacemaker\cloud_server\venv\Lib\site-packages\future\backports\email\_parseaddr.py,17389,2026-04-02 05:06:01
D:\\Vibe Coding\\TwinPacemaker\cloud_server\venv\Lib\site-packages\future\backports\email\_policybase.py,14647,2026-04-02 05:06:01
D:\\Vibe Coding\\TwinPacemaker\cloud_server\venv\Lib\site-packages\future\backports\email\base64mime.py,3761,2026-04-02 05:06:01
D:\\Vibe Coding\\TwinPacemaker\cloud_server\venv\Lib\site-packages\future\backports\email\charset.py,17439,2026-04-02 05:06:01
D:\\Vibe Coding\\TwinPacemaker\cloud_server\venv\Lib\site-packages\future\backports\email\encoders.py,2800,2026-04-02 05:06:01
D:\\Vibe Coding\\TwinPacemaker\cloud_server\venv\Lib\site-packages\future\backports\email\errors.py,3680,2026-04-02 05:06:01
D:\\Vibe Coding\\TwinPacemaker\cloud_server\venv\Lib\site-packages\future\backports\email\feedparser.py,22736,2026-04-02 05:06:01
D:\\Vibe Coding\\TwinPacemaker\cloud_server\venv\Lib\site-packages\future\backports\email\generator.py,19520,2026-04-02 05:06:01
D:\\Vibe Coding\\TwinPacemaker\cloud_server\venv\Lib\site-packages\future\backports\email\header.py,24448,2026-04-02 05:06:01
D:\\Vibe Coding\\TwinPacemaker\cloud_server\venv\Lib\site-packages\future\backports\email\headerregistry.py,20637,2026-04-02 05:06:01
D:\\Vibe Coding\\TwinPacemaker\cloud_server\venv\Lib\site-packages\future\backports\email\iterators.py,2348,2026-04-02 05:06:01
D:\\Vibe Coding\\TwinPacemaker\cloud_server\venv\Lib\site-packages\future\backports\email\message.py,35237,2026-04-02 05:06:01
D:\\Vibe Coding\\TwinPacemaker\cloud_server\venv\Lib\site-packages\future\backports\email\mime\__init__.py,0,2026-04-02 05:06:01
D:\\Vibe Coding\\TwinPacemaker\cloud_server\venv\Lib\site-packages\future\backports\email\mime\application.py,1401,2026-04-02 05:06:01
D:\\Vibe Coding\\TwinPacemaker\cloud_server\venv\Lib\site-packages\future\backports\email\mime\audio.py,2815,2026-04-02 05:06:01
D:\\Vibe Coding\\TwinPacemaker\cloud_server\venv\Lib\site-packages\future\backports\email\mime\base.py,875,2026-04-02 05:06:01
D:\\Vibe Coding\\TwinPacemaker\cloud_server\venv\Lib\site-packages\future\backports\email\mime\image.py,1907,2026-04-02 05:06:01
D:\\Vibe Coding\\TwinPacemaker\cloud_server\venv\Lib\site-packages\future\backports\email\mime\message.py,1429,2026-04-02 05:06:01
D:\\Vibe Coding\\TwinPacemaker\cloud_server\venv\Lib\site-packages\future\backports\email\mime\multipart.py,1699,2026-04-02 05:06:01
D:\\Vibe Coding\\TwinPacemaker\cloud_server\venv\Lib\site-packages\future\backports\email\mime\nonmultipart.py,832,2026-04-02 05:06:01
D:\\Vibe Coding\\TwinPacemaker\cloud_server\venv\Lib\site-packages\future\backports\email\mime\text.py,1552,2026-04-02 05:06:01
D:\\Vibe Coding\\TwinPacemaker\cloud_server\venv\Lib\site-packages\future\backports\email\parser.py,5310,2026-04-02 05:06:01
D:\\Vibe Coding\\TwinPacemaker\cloud_server\venv\Lib\site-packages\future\backports\email\policy.py,8823,2026-04-02 05:06:01
D:\\Vibe Coding\\TwinPacemaker\cloud_server\venv\Lib\site-packages\future\backports\email\quoprimime.py,10923,2026-04-02 05:06:01
D:\\Vibe Coding\\TwinPacemaker\cloud_server\venv\Lib\site-packages\future\backports\email\utils.py,14270,2026-04-02 05:06:01
D:\\Vibe Coding\\TwinPacemaker\cloud_server\venv\Lib\site-packages\future\backports\html\__init__.py,924,2026-04-02 05:06:01
D:\\Vibe Coding\\TwinPacemaker\cloud_server\venv\Lib\site-packages\future\backports\html\entities.py,75428,2026-04-02 05:06:01
D:\\Vibe Coding\\TwinPacemaker\cloud_server\venv\Lib\site-packages\future\backports\html\parser.py,19770,2026-04-02 05:06:01
D:\\Vibe Coding\\TwinPacemaker\cloud_server\venv\Lib\site-packages\future\backports\http\__init__.py,0,2026-04-02 05:06:01
D:\\Vibe Coding\\TwinPacemaker\cloud_server\venv\Lib\site-packages\future\backports\http\client.py,47602,2026-04-02 05:06:01
D:\\Vibe Coding\\TwinPacemaker\cloud_server\venv\Lib\site-packages\future\backports\http\cookiejar.py,76608,2026-04-02 05:06:01
D:\\Vibe Coding\\TwinPacemaker\cloud_server\venv\Lib\site-packages\future\backports\http\cookies.py,21581,2026-04-02 05:06:01
D:\\Vibe Coding\\TwinPacemaker\cloud_server\venv\Lib\site-packages\future\backports\http\server.py,45523,2026-04-02 05:06:01
D:\\Vibe Coding\\TwinPacemaker\cloud_server\venv\Lib\site-packages\future\backports\misc.py,33063,2026-04-02 05:06:01
D:\\Vibe Coding\\TwinPacemaker\cloud_server\venv\Lib\site-packages\future\backports\socket.py,15663,2026-04-02 05:06:01
D:\\Vibe Coding\\TwinPacemaker\cloud_server\venv\Lib\site-packages\future\backports\socketserver.py,24286,2026-04-02 05:06:01
D:\\Vibe Coding\\TwinPacemaker\cloud_server\venv\Lib\site-packages\future\backports\test\__init__.py,264,2026-04-02 05:06:01
D:\\Vibe Coding\\TwinPacemaker\cloud_server\venv\Lib\site-packages\future\backports\test\badcert.pem,1928,2026-04-02 05:06:01
D:\\Vibe Coding\\TwinPacemaker\cloud_server\venv\Lib\site-packages\future\backports\test\badkey.pem,2162,2026-04-02 05:06:01
D:\\Vibe Coding\\TwinPacemaker\cloud_server\venv\Lib\site-packages\future\backports\test\dh512.pem,402,2026-04-02 05:06:01
D:\\Vibe Coding\\TwinPacemaker\cloud_server\venv\Lib\site-packages\future\backports\test\https_svn_python_org_root.pem,2569,2026-04-02 05:06:01
D:\\Vibe Coding\\TwinPacemaker\cloud_server\venv\Lib\site-packages\future\backports\test\keycert.passwd.pem,1830,2026-04-02 05:06:01
D:\\Vibe Coding\\TwinPacemaker\cloud_server\venv\Lib\site-packages\future\backports\test\keycert.pem,1783,2026-04-02 05:06:01
D:\\Vibe Coding\\TwinPacemaker\cloud_server\venv\Lib\site-packages\future\backports\test\keycert2.pem,1795,2026-04-02 05:06:01
D:\\Vibe Coding\\TwinPacemaker\cloud_server\venv\Lib\site-packages\future\backports\test\nokia.pem,1923,2026-04-02 05:06:01
D:\\Vibe Coding\\TwinPacemaker\cloud_server\venv\Lib\site-packages\future\backports\test\nullbytecert.pem,5435,2026-04-02 05:06:01
D:\\Vibe Coding\\TwinPacemaker\cloud_server\venv\Lib\site-packages\future\backports\test\nullcert.pem,0,2026-04-02 05:06:01
D:\\Vibe Coding\\TwinPacemaker\cloud_server\venv\Lib\site-packages\future\backports\test\pystone.py,7427,2026-04-02 05:06:01
D:\\Vibe Coding\\TwinPacemaker\cloud_server\venv\Lib\site-packages\future\backports\test\sha256.pem,8344,2026-04-02 05:06:01
D:\\Vibe Coding\\TwinPacemaker\cloud_server\venv\Lib\site-packages\future\backports\test\ssl_cert.pem,867,2026-04-02 05:06:01
D:\\Vibe Coding\\TwinPacemaker\cloud_server\venv\Lib\site-packages\future\backports\test\ssl_key.passwd.pem,963,2026-04-02 05:06:01
D:\\Vibe Coding\\TwinPacemaker\cloud_server\venv\Lib\site-packages\future\backports\test\ssl_key.pem,916,2026-04-02 05:06:01
D:\\Vibe Coding\\TwinPacemaker\cloud_server\venv\Lib\site-packages\future\backports\test\ssl_servers.py,7209,2026-04-02 05:06:01
D:\\Vibe Coding\\TwinPacemaker\cloud_server\venv\Lib\site-packages\future\backports\test\support.py,69620,2026-04-02 05:06:01
D:\\Vibe Coding\\TwinPacemaker\cloud_server\venv\Lib\site-packages\future\backports\total_ordering.py,1929,2026-04-02 05:06:01
D:\\Vibe Coding\\TwinPacemaker\cloud_server\venv\Lib\site-packages\future\backports\urllib\__init__.py,0,2026-04-02 05:06:01
D:\\Vibe Coding\\TwinPacemaker\cloud_server\venv\Lib\site-packages\future\backports\urllib\error.py,2715,2026-04-02 05:06:01
D:\\Vibe Coding\\TwinPacemaker\cloud_server\venv\Lib\site-packages\future\backports\urllib\parse.py,35792,2026-04-02 05:06:01
D:\\Vibe Coding\\TwinPacemaker\cloud_server\venv\Lib\site-packages\future\backports\urllib\request.py,96276,2026-04-02 05:06:01
D:\\Vibe Coding\\TwinPacemaker\cloud_server\venv\Lib\site-packages\future\backports\urllib\response.py,3180,2026-04-02 05:06:01
D:\\Vibe Coding\\TwinPacemaker\cloud_server\venv\Lib\site-packages\future\backports\urllib\robotparser.py,6865,2026-04-02 05:06:01
D:\\Vibe Coding\\TwinPacemaker\cloud_server\venv\Lib\site-packages\future\backports\xmlrpc\__init__.py,38,2026-04-02 05:06:01
D:\\Vibe Coding\\TwinPacemaker\cloud_server\venv\Lib\site-packages\future\backports\xmlrpc\client.py,48175,2026-04-02 05:06:01
D:\\Vibe Coding\\TwinPacemaker\cloud_server\venv\Lib\site-packages\future\backports\xmlrpc\server.py,37285,2026-04-02 05:06:01
D:\\Vibe Coding\\TwinPacemaker\cloud_server\venv\Lib\site-packages\future\builtins\__init__.py,1688,2026-04-02 05:06:01
D:\\Vibe Coding\\TwinPacemaker\cloud_server\venv\Lib\site-packages\future\builtins\disabled.py,2109,2026-04-02 05:06:01
D:\\Vibe Coding\\TwinPacemaker\cloud_server\venv\Lib\site-packages\future\builtins\iterators.py,1396,2026-04-02 05:06:01
D:\\Vibe Coding\\TwinPacemaker\cloud_server\venv\Lib\site-packages\future\builtins\misc.py,4550,2026-04-02 05:06:02
D:\\Vibe Coding\\TwinPacemaker\cloud_server\venv\Lib\site-packages\future\builtins\new_min_max.py,1757,2026-04-02 05:06:02
D:\\Vibe Coding\\TwinPacemaker\cloud_server\venv\Lib\site-packages\future\builtins\newnext.py,2009,2026-04-02 05:06:02
D:\\Vibe Coding\\TwinPacemaker\cloud_server\venv\Lib\site-packages\future\builtins\newround.py,3190,2026-04-02 05:06:02
D:\\Vibe Coding\\TwinPacemaker\cloud_server\venv\Lib\site-packages\future\builtins\newsuper.py,3849,2026-04-02 05:06:02
D:\\Vibe Coding\\TwinPacemaker\cloud_server\venv\Lib\site-packages\future\moves\__init__.py,220,2026-04-02 05:06:02
D:\\Vibe Coding\\TwinPacemaker\cloud_server\venv\Lib\site-packages\future\moves\_dummy_thread.py,348,2026-04-02 05:06:02
D:\\Vibe Coding\\TwinPacemaker\cloud_server\venv\Lib\site-packages\future\moves\_markupbase.py,171,2026-04-02 05:06:02
D:\\Vibe Coding\\TwinPacemaker\cloud_server\venv\Lib\site-packages\future\moves\_thread.py,163,2026-04-02 05:06:02
D:\\Vibe Coding\\TwinPacemaker\cloud_server\venv\Lib\site-packages\future\moves\builtins.py,281,2026-04-02 05:06:02
D:\\Vibe Coding\\TwinPacemaker\cloud_server\venv\Lib\site-packages\future\moves\collections.py,417,2026-04-02 05:06:02
D:\\Vibe Coding\\TwinPacemaker\cloud_server\venv\Lib\site-packages\future\moves\configparser.py,146,2026-04-02 05:06:02
D:\\Vibe Coding\\TwinPacemaker\cloud_server\venv\Lib\site-packages\future\moves\copyreg.py,438,2026-04-02 05:06:02
D:\\Vibe Coding\\TwinPacemaker\cloud_server\venv\Lib\site-packages\future\moves\dbm\__init__.py,488,2026-04-02 05:06:02
D:\\Vibe Coding\\TwinPacemaker\cloud_server\venv\Lib\site-packages\future\moves\dbm\dumb.py,166,2026-04-02 05:06:02
D:\\Vibe Coding\\TwinPacemaker\cloud_server\venv\Lib\site-packages\future\moves\dbm\gnu.py,162,2026-04-02 05:06:02
D:\\Vibe Coding\\TwinPacemaker\cloud_server\venv\Lib\site-packages\future\moves\dbm\ndbm.py,162,2026-04-02 05:06:02
D:\\Vibe Coding\\TwinPacemaker\cloud_server\venv\Lib\site-packages\future\moves\html\__init__.py,1016,2026-04-02 05:06:02
D:\\Vibe Coding\\TwinPacemaker\cloud_server\venv\Lib\site-packages\future\moves\html\entities.py,177,2026-04-02 05:06:02
D:\\Vibe Coding\\TwinPacemaker\cloud_server\venv\Lib\site-packages\future\moves\html\parser.py,167,2026-04-02 05:06:02
D:\\Vibe Coding\\TwinPacemaker\cloud_server\venv\Lib\site-packages\future\moves\http\__init__.py,71,2026-04-02 05:06:02
D:\\Vibe Coding\\TwinPacemaker\cloud_server\venv\Lib\site-packages\future\moves\http\client.py,165,2026-04-02 05:06:02
D:\\Vibe Coding\\TwinPacemaker\cloud_server\venv\Lib\site-packages\future\moves\http\cookiejar.py,173,2026-04-02 05:06:02
D:\\Vibe Coding\\TwinPacemaker\cloud_server\venv\Lib\site-packages\future\moves\http\cookies.py,233,2026-04-02 05:06:02
D:\\Vibe Coding\\TwinPacemaker\cloud_server\venv\Lib\site-packages\future\moves\http\server.py,606,2026-04-02 05:06:02
D:\\Vibe Coding\\TwinPacemaker\cloud_server\venv\Lib\site-packages\future\moves\itertools.py,158,2026-04-02 05:06:02
D:\\Vibe Coding\\TwinPacemaker\cloud_server\venv\Lib\site-packages\future\moves\multiprocessing.py,191,2026-04-02 05:06:02
D:\\Vibe Coding\\TwinPacemaker\cloud_server\venv\Lib\site-packages\future\moves\pickle.py,229,2026-04-02 05:06:02
D:\\Vibe Coding\\TwinPacemaker\cloud_server\venv\Lib\site-packages\future\moves\queue.py,160,2026-04-02 05:06:02
D:\\Vibe Coding\\TwinPacemaker\cloud_server\venv\Lib\site-packages\future\moves\reprlib.py,161,2026-04-02 05:06:02
D:\\Vibe Coding\\TwinPacemaker\cloud_server\venv\Lib\site-packages\future\moves\socketserver.py,174,2026-04-02 05:06:02
D:\\Vibe Coding\\TwinPacemaker\cloud_server\venv\Lib\site-packages\future\moves\subprocess.py,251,2026-04-02 05:06:02
D:\\Vibe Coding\\TwinPacemaker\cloud_server\venv\Lib\site-packages\future\moves\sys.py,132,2026-04-02 05:06:02
D:\\Vibe Coding\\TwinPacemaker\cloud_server\venv\Lib\site-packages\future\moves\test\__init__.py,110,2026-04-02 05:06:02
D:\\Vibe Coding\\TwinPacemaker\cloud_server\venv\Lib\site-packages\future\moves\test\support.py,484,2026-04-02 05:06:02
D:\\Vibe Coding\\TwinPacemaker\cloud_server\venv\Lib\site-packages\future\moves\tkinter\__init__.py,620,2026-04-02 05:06:02
D:\\Vibe Coding\\TwinPacemaker\cloud_server\venv\Lib\site-packages\future\moves\tkinter\colorchooser.py,333,2026-04-02 05:06:02
D:\\Vibe Coding\\TwinPacemaker\cloud_server\venv\Lib\site-packages\future\moves\tkinter\commondialog.py,333,2026-04-02 05:06:02
D:\\Vibe Coding\\TwinPacemaker\cloud_server\venv\Lib\site-packages\future\moves\tkinter\constants.py,324,2026-04-02 05:06:02
D:\\Vibe Coding\\TwinPacemaker\cloud_server\venv\Lib\site-packages\future\moves\tkinter\dialog.py,311,2026-04-02 05:06:02
D:\\Vibe Coding\\TwinPacemaker\cloud_server\venv\Lib\site-packages\future\moves\tkinter\dnd.py,306,2026-04-02 05:06:02
D:\\Vibe Coding\\TwinPacemaker\cloud_server\venv\Lib\site-packages\future\moves\tkinter\filedialog.py,534,2026-04-02 05:06:02
D:\\Vibe Coding\\TwinPacemaker\cloud_server\venv\Lib\site-packages\future\moves\tkinter\font.py,309,2026-04-02 05:06:02
D:\\Vibe Coding\\TwinPacemaker\cloud_server\venv\Lib\site-packages\future\moves\tkinter\messagebox.py,327,2026-04-02 05:06:02
D:\\Vibe Coding\\TwinPacemaker\cloud_server\venv\Lib\site-packages\future\moves\tkinter\scrolledtext.py,329,2026-04-02 05:06:02
D:\\Vibe Coding\\TwinPacemaker\cloud_server\venv\Lib\site-packages\future\moves\tkinter\simpledialog.py,329,2026-04-02 05:06:02
D:\\Vibe Coding\\TwinPacemaker\cloud_server\venv\Lib\site-packages\future\moves\tkinter\tix.py,302,2026-04-02 05:06:02
D:\\Vibe Coding\\TwinPacemaker\cloud_server\venv\Lib\site-packages\future\moves\tkinter\ttk.py,302,2026-04-02 05:06:02
D:\\Vibe Coding\\TwinPacemaker\cloud_server\venv\Lib\site-packages\future\moves\urllib\__init__.py,110,2026-04-02 05:06:02
D:\\Vibe Coding\\TwinPacemaker\cloud_server\venv\Lib\site-packages\future\moves\urllib\error.py,479,2026-04-02 05:06:02
D:\\Vibe Coding\\TwinPacemaker\cloud_server\venv\Lib\site-packages\future\moves\urllib\parse.py,1045,2026-04-02 05:06:02
D:\\Vibe Coding\\TwinPacemaker\cloud_server\venv\Lib\site-packages\future\moves\urllib\request.py,3496,2026-04-02 05:06:02
D:\\Vibe Coding\\TwinPacemaker\cloud_server\venv\Lib\site-packages\future\moves\urllib\response.py,342,2026-04-02 05:06:02
D:\\Vibe Coding\\TwinPacemaker\cloud_server\venv\Lib\site-packages\future\moves\urllib\robotparser.py,179,2026-04-02 05:06:02
D:\\Vibe Coding\\TwinPacemaker\cloud_server\venv\Lib\site-packages\future\moves\winreg.py,163,2026-04-02 05:06:02
D:\\Vibe Coding\\TwinPacemaker\cloud_server\venv\Lib\site-packages\future\moves\xmlrpc\__init__.py,0,2026-04-02 05:06:02
D:\\Vibe Coding\\TwinPacemaker\cloud_server\venv\Lib\site-packages\future\moves\xmlrpc\client.py,143,2026-04-02 05:06:02
D:\\Vibe Coding\\TwinPacemaker\cloud_server\venv\Lib\site-packages\future\moves\xmlrpc\server.py,143,2026-04-02 05:06:02
D:\\Vibe Coding\\TwinPacemaker\cloud_server\venv\Lib\site-packages\future\standard_library\__init__.py,28065,2026-04-02 05:06:02
D:\\Vibe Coding\\TwinPacemaker\cloud_server\venv\Lib\site-packages\future\tests\__init__.py,0,2026-04-02 05:06:02
D:\\Vibe Coding\\TwinPacemaker\cloud_server\venv\Lib\site-packages\future\tests\base.py,19956,2026-04-02 05:06:02
D:\\Vibe Coding\\TwinPacemaker\cloud_server\venv\Lib\site-packages\future\types\__init__.py,6831,2026-04-02 05:06:02
D:\\Vibe Coding\\TwinPacemaker\cloud_server\venv\Lib\site-packages\future\types\newbytes.py,16303,2026-04-02 05:06:02
D:\\Vibe Coding\\TwinPacemaker\cloud_server\venv\Lib\site-packages\future\types\newdict.py,2011,2026-04-02 05:06:02
D:\\Vibe Coding\\TwinPacemaker\cloud_server\venv\Lib\site-packages\future\types\newint.py,13406,2026-04-02 05:06:02
D:\\Vibe Coding\\TwinPacemaker\cloud_server\venv\Lib\site-packages\future\types\newlist.py,2284,2026-04-02 05:06:02
D:\\Vibe Coding\\TwinPacemaker\cloud_server\venv\Lib\site-packages\future\types\newmemoryview.py,712,2026-04-02 05:06:02
D:\\Vibe Coding\\TwinPacemaker\cloud_server\venv\Lib\site-packages\future\types\newobject.py,3358,2026-04-02 05:06:02
D:\\Vibe Coding\\TwinPacemaker\cloud_server\venv\Lib\site-packages\future\types\newopen.py,810,2026-04-02 05:06:02
D:\\Vibe Coding\\TwinPacemaker\cloud_server\venv\Lib\site-packages\future\types\newrange.py,5296,2026-04-02 05:06:02
D:\\Vibe Coding\\TwinPacemaker\cloud_server\venv\Lib\site-packages\future\types\newstr.py,15758,2026-04-02 05:06:02
D:\\Vibe Coding\\TwinPacemaker\cloud_server\venv\Lib\site-packages\future\utils\__init__.py,21960,2026-04-02 05:06:02
D:\\Vibe Coding\\TwinPacemaker\cloud_server\venv\Lib\site-packages\future\utils\surrogateescape.py,6097,2026-04-02 05:06:02
D:\\Vibe Coding\\TwinPacemaker\cloud_server\venv\Lib\site-packages\gevent-25.9.1.dist-info\entry_points.txt,95,2026-04-02 05:06:21
D:\\Vibe Coding\\TwinPacemaker\cloud_server\venv\Lib\site-packages\gevent-25.9.1.dist-info\INSTALLER,4,2026-04-02 05:06:27
D:\\Vibe Coding\\TwinPacemaker\cloud_server\venv\Lib\site-packages\gevent-25.9.1.dist-info\licenses\LICENSE,1235,2026-04-02 05:06:21
D:\\Vibe Coding\\TwinPacemaker\cloud_server\venv\Lib\site-packages\gevent-25.9.1.dist-info\METADATA,14811,2026-04-02 05:06:21
D:\\Vibe Coding\\TwinPacemaker\cloud_server\venv\Lib\site-packages\gevent-25.9.1.dist-info\RECORD,41333,2026-04-02 05:06:27
D:\\Vibe Coding\\TwinPacemaker\cloud_server\venv\Lib\site-packages\gevent-25.9.1.dist-info\top_level.txt,7,2026-04-02 05:06:21
D:\\Vibe Coding\\TwinPacemaker\cloud_server\venv\Lib\site-packages\gevent-25.9.1.dist-info\WHEEL,101,2026-04-02 05:06:21
D:\\Vibe Coding\\TwinPacemaker\cloud_server\venv\Lib\site-packages\gevent\__init__.py,3406,2026-04-02 05:06:20
D:\\Vibe Coding\\TwinPacemaker\cloud_server\venv\Lib\site-packages\gevent\_abstract_linkable.py,23307,2026-04-02 05:06:20
D:\\Vibe Coding\\TwinPacemaker\cloud_server\venv\Lib\site-packages\gevent\_compat.py,4185,2026-04-02 05:06:20
D:\\Vibe Coding\\TwinPacemaker\cloud_server\venv\Lib\site-packages\gevent\_config.py,21843,2026-04-02 05:06:20
D:\\Vibe Coding\\TwinPacemaker\cloud_server\venv\Lib\site-packages\gevent\_ffi\__init__.py,493,2026-04-02 05:06:20
D:\\Vibe Coding\\TwinPacemaker\cloud_server\venv\Lib\site-packages\gevent\_ffi\callback.py,1564,2026-04-02 05:06:20
D:\\Vibe Coding\\TwinPacemaker\cloud_server\venv\Lib\site-packages\gevent\_ffi\loop.py,32221,2026-04-02 05:06:20
D:\\Vibe Coding\\TwinPacemaker\cloud_server\venv\Lib\site-packages\gevent\_ffi\watcher.py,20982,2026-04-02 05:06:20
D:\\Vibe Coding\\TwinPacemaker\cloud_server\venv\Lib\site-packages\gevent\_fileobjectcommon.py,24359,2026-04-02 05:06:20
D:\\Vibe Coding\\TwinPacemaker\cloud_server\venv\Lib\site-packages\gevent\_fileobjectposix.py,12867,2026-04-02 05:06:20
D:\\Vibe Coding\\TwinPacemaker\cloud_server\venv\Lib\site-packages\gevent\_gevent_c_abstract_linkable.cp312-win_amd64.pyd,94208,2026-04-02 05:06:20
D:\\Vibe Coding\\TwinPacemaker\cloud_server\venv\Lib\site-packages\gevent\_gevent_c_greenlet_primitives.cp312-win_amd64.pyd,57344,2026-04-02 05:06:20
D:\\Vibe Coding\\TwinPacemaker\cloud_server\venv\Lib\site-packages\gevent\_gevent_c_hub_local.cp312-win_amd64.pyd,51200,2026-04-02 05:06:20
D:\\Vibe Coding\\TwinPacemaker\cloud_server\venv\Lib\site-packages\gevent\_gevent_c_hub_primitives.cp312-win_amd64.pyd,108544,2026-04-02 05:06:20
D:\\Vibe Coding\\TwinPacemaker\cloud_server\venv\Lib\site-packages\gevent\_gevent_c_ident.cp312-win_amd64.pyd,45568,2026-04-02 05:06:20
D:\\Vibe Coding\\TwinPacemaker\cloud_server\venv\Lib\site-packages\gevent\_gevent_c_imap.cp312-win_amd64.pyd,75264,2026-04-02 05:06:20
D:\\Vibe Coding\\TwinPacemaker\cloud_server\venv\Lib\site-packages\gevent\_gevent_c_semaphore.cp312-win_amd64.pyd,102400,2026-04-02 05:06:20
D:\\Vibe Coding\\TwinPacemaker\cloud_server\venv\Lib\site-packages\gevent\_gevent_c_tracer.cp312-win_amd64.pyd,76288,2026-04-02 05:06:20
D:\\Vibe Coding\\TwinPacemaker\cloud_server\venv\Lib\site-packages\gevent\_gevent_c_waiter.cp312-win_amd64.pyd,71168,2026-04-02 05:06:20
D:\\Vibe Coding\\TwinPacemaker\cloud_server\venv\Lib\site-packages\gevent\_gevent_cevent.cp312-win_amd64.pyd,93184,2026-04-02 05:06:20
D:\\Vibe Coding\\TwinPacemaker\cloud_server\venv\Lib\site-packages\gevent\_gevent_cgreenlet.cp312-win_amd64.pyd,203264,2026-04-02 05:06:20
D:\\Vibe Coding\\TwinPacemaker\cloud_server\venv\Lib\site-packages\gevent\_gevent_clocal.cp312-win_amd64.pyd,109056,2026-04-02 05:06:20
D:\\Vibe Coding\\TwinPacemaker\cloud_server\venv\Lib\site-packages\gevent\_gevent_cqueue.cp312-win_amd64.pyd,179712,2026-04-02 05:06:20
D:\\Vibe Coding\\TwinPacemaker\cloud_server\venv\Lib\site-packages\gevent\_greenlet_primitives.py,4647,2026-04-02 05:06:20
D:\\Vibe Coding\\TwinPacemaker\cloud_server\venv\Lib\site-packages\gevent\_hub_local.py,4827,2026-04-02 05:06:20
D:\\Vibe Coding\\TwinPacemaker\cloud_server\venv\Lib\site-packages\gevent\_hub_primitives.py,14026,2026-04-02 05:06:20
D:\\Vibe Coding\\TwinPacemaker\cloud_server\venv\Lib\site-packages\gevent\_ident.py,2249,2026-04-02 05:06:20
D:\\Vibe Coding\\TwinPacemaker\cloud_server\venv\Lib\site-packages\gevent\_imap.py,7672,2026-04-02 05:06:20
D:\\Vibe Coding\\TwinPacemaker\cloud_server\venv\Lib\site-packages\gevent\_interfaces.py,9985,2026-04-02 05:06:20
D:\\Vibe Coding\\TwinPacemaker\cloud_server\venv\Lib\site-packages\gevent\_monitor.py,12079,2026-04-02 05:06:20
D:\\Vibe Coding\\TwinPacemaker\cloud_server\venv\Lib\site-packages\gevent\_patcher.py,9020,2026-04-02 05:06:20
D:\\Vibe Coding\\TwinPacemaker\cloud_server\venv\Lib\site-packages\gevent\_semaphore.py,20887,2026-04-02 05:06:20
D:\\Vibe Coding\\TwinPacemaker\cloud_server\venv\Lib\site-packages\gevent\_socket3.py,23663,2026-04-02 05:06:20
D:\\Vibe Coding\\TwinPacemaker\cloud_server\venv\Lib\site-packages\gevent\_socketcommon.py,26066,2026-04-02 05:06:20
D:\\Vibe Coding\\TwinPacemaker\cloud_server\venv\Lib\site-packages\gevent\_tblib.py,12810,2026-04-02 05:06:20
D:\\Vibe Coding\\TwinPacemaker\cloud_server\venv\Lib\site-packages\gevent\_threading.py,8342,2026-04-02 05:06:20
D:\\Vibe Coding\\TwinPacemaker\cloud_server\venv\Lib\site-packages\gevent\_tracer.py,6455,2026-04-02 05:06:20
D:\\Vibe Coding\\TwinPacemaker\cloud_server\venv\Lib\site-packages\gevent\_util.py,10984,2026-04-02 05:06:20
D:\\Vibe Coding\\TwinPacemaker\cloud_server\venv\Lib\site-packages\gevent\_waiter.py,7387,2026-04-02 05:06:20
D:\\Vibe Coding\\TwinPacemaker\cloud_server\venv\Lib\site-packages\gevent\ares.py,383,2026-04-02 05:06:20
D:\\Vibe Coding\\TwinPacemaker\cloud_server\venv\Lib\site-packages\gevent\backdoor.py,8674,2026-04-02 05:06:20
D:\\Vibe Coding\\TwinPacemaker\cloud_server\venv\Lib\site-packages\gevent\baseserver.py,16716,2026-04-02 05:06:20
D:\\Vibe Coding\\TwinPacemaker\cloud_server\venv\Lib\site-packages\gevent\builtins.py,4108,2026-04-02 05:06:20
D:\\Vibe Coding\\TwinPacemaker\cloud_server\venv\Lib\site-packages\gevent\contextvars.py,9838,2026-04-02 05:06:20
D:\\Vibe Coding\\TwinPacemaker\cloud_server\venv\Lib\site-packages\gevent\core.py,479,2026-04-02 05:06:20
D:\\Vibe Coding\\TwinPacemaker\cloud_server\venv\Lib\site-packages\gevent\event.py,15110,2026-04-02 05:06:20
D:\\Vibe Coding\\TwinPacemaker\cloud_server\venv\Lib\site-packages\gevent\events.py,17182,2026-04-02 05:06:20
D:\\Vibe Coding\\TwinPacemaker\cloud_server\venv\Lib\site-packages\gevent\exceptions.py,3823,2026-04-02 05:06:20
D:\\Vibe Coding\\TwinPacemaker\cloud_server\venv\Lib\site-packages\gevent\fileobject.py,3020,2026-04-02 05:06:20
D:\\Vibe Coding\\TwinPacemaker\cloud_server\venv\Lib\site-packages\gevent\greenlet.py,45203,2026-04-02 05:06:20
D:\\Vibe Coding\\TwinPacemaker\cloud_server\venv\Lib\site-packages\gevent\hub.py,34590,2026-04-02 05:06:20
D:\\Vibe Coding\\TwinPacemaker\cloud_server\venv\Lib\site-packages\gevent\libev\__init__.py,169,2026-04-02 05:06:20
D:\\Vibe Coding\\TwinPacemaker\cloud_server\venv\Lib\site-packages\gevent\libev\_corecffi_build.py,4059,2026-04-02 05:06:20
D:\\Vibe Coding\\TwinPacemaker\cloud_server\venv\Lib\site-packages\gevent\libev\corecext.cp312-win_amd64.pyd,240640,2026-04-02 05:06:20
D:\\Vibe Coding\\TwinPacemaker\cloud_server\venv\Lib\site-packages\gevent\libev\corecffi.py,13720,2026-04-02 05:06:20
D:\\Vibe Coding\\TwinPacemaker\cloud_server\venv\Lib\site-packages\gevent\libev\watcher.py,8196,2026-04-02 05:06:20
D:\\Vibe Coding\\TwinPacemaker\cloud_server\venv\Lib\site-packages\gevent\libuv\__init__.py,169,2026-04-02 05:06:20
D:\\Vibe Coding\\TwinPacemaker\cloud_server\venv\Lib\site-packages\gevent\libuv\_corecffi.pyd,226816,2026-04-02 05:06:20
D:\\Vibe Coding\\TwinPacemaker\cloud_server\venv\Lib\site-packages\gevent\libuv\_corecffi_build.py,11707,2026-04-02 05:06:20
D:\\Vibe Coding\\TwinPacemaker\cloud_server\venv\Lib\site-packages\gevent\libuv\loop.py,30385,2026-04-02 05:06:20
D:\\Vibe Coding\\TwinPacemaker\cloud_server\venv\Lib\site-packages\gevent\libuv\watcher.py,29069,2026-04-02 05:06:20
D:\\Vibe Coding\\TwinPacemaker\cloud_server\venv\Lib\site-packages\gevent\local.py,21457,2026-04-02 05:06:20
D:\\Vibe Coding\\TwinPacemaker\cloud_server\venv\Lib\site-packages\gevent\lock.py,11587,2026-04-02 05:06:20
D:\\Vibe Coding\\TwinPacemaker\cloud_server\venv\Lib\site-packages\gevent\monkey\__init__.py,26713,2026-04-02 05:06:20
D:\\Vibe Coding\\TwinPacemaker\cloud_server\venv\Lib\site-packages\gevent\monkey\__main__.py,31,2026-04-02 05:06:20
D:\\Vibe Coding\\TwinPacemaker\cloud_server\venv\Lib\site-packages\gevent\monkey\_errors.py,547,2026-04-02 05:06:20
D:\\Vibe Coding\\TwinPacemaker\cloud_server\venv\Lib\site-packages\gevent\monkey\_main.py,4411,2026-04-02 05:06:20
D:\\Vibe Coding\\TwinPacemaker\cloud_server\venv\Lib\site-packages\gevent\monkey\_patch_thread_common.py,13253,2026-04-02 05:06:20
D:\\Vibe Coding\\TwinPacemaker\cloud_server\venv\Lib\site-packages\gevent\monkey\_patch_thread_gte313.py,4082,2026-04-02 05:06:20
D:\\Vibe Coding\\TwinPacemaker\cloud_server\venv\Lib\site-packages\gevent\monkey\_patch_thread_lt313.py,3182,2026-04-02 05:06:20
D:\\Vibe Coding\\TwinPacemaker\cloud_server\venv\Lib\site-packages\gevent\monkey\_state.py,1897,2026-04-02 05:06:20
D:\\Vibe Coding\\TwinPacemaker\cloud_server\venv\Lib\site-packages\gevent\monkey\_util.py,3689,2026-04-02 05:06:20
D:\\Vibe Coding\\TwinPacemaker\cloud_server\venv\Lib\site-packages\gevent\monkey\api.py,6760,2026-04-02 05:06:20
D:\\Vibe Coding\\TwinPacemaker\cloud_server\venv\Lib\site-packages\gevent\os.py,26187,2026-04-02 05:06:20
D:\\Vibe Coding\\TwinPacemaker\cloud_server\venv\Lib\site-packages\gevent\pool.py,25634,2026-04-02 05:06:20
D:\\Vibe Coding\\TwinPacemaker\cloud_server\venv\Lib\site-packages\gevent\pywsgi.py,69235,2026-04-02 05:06:20
D:\\Vibe Coding\\TwinPacemaker\cloud_server\venv\Lib\site-packages\gevent\queue.py,27832,2026-04-02 05:06:20
D:\\Vibe Coding\\TwinPacemaker\cloud_server\venv\Lib\site-packages\gevent\resolver\__init__.py,10760,2026-04-02 05:06:20
D:\\Vibe Coding\\TwinPacemaker\cloud_server\venv\Lib\site-packages\gevent\resolver\_addresses.py,4795,2026-04-02 05:06:20
D:\\Vibe Coding\\TwinPacemaker\cloud_server\venv\Lib\site-packages\gevent\resolver\_hostsfile.py,4629,2026-04-02 05:06:20
D:\\Vibe Coding\\TwinPacemaker\cloud_server\venv\Lib\site-packages\gevent\resolver\ares.py,12965,2026-04-02 05:06:20
D:\\Vibe Coding\\TwinPacemaker\cloud_server\venv\Lib\site-packages\gevent\resolver\blocking.py,1216,2026-04-02 05:06:20
D:\\Vibe Coding\\TwinPacemaker\cloud_server\venv\Lib\site-packages\gevent\resolver\cares.cp312-win_amd64.pyd,299520,2026-04-02 05:06:20
D:\\Vibe Coding\\TwinPacemaker\cloud_server\venv\Lib\site-packages\gevent\resolver\dnspython.py,20706,2026-04-02 05:06:20
D:\\Vibe Coding\\TwinPacemaker\cloud_server\venv\Lib\site-packages\gevent\resolver\thread.py,2487,2026-04-02 05:06:20
D:\\Vibe Coding\\TwinPacemaker\cloud_server\venv\Lib\site-packages\gevent\resolver_ares.py,486,2026-04-02 05:06:20
D:\\Vibe Coding\\TwinPacemaker\cloud_server\venv\Lib\site-packages\gevent\resolver_thread.py,504,2026-04-02 05:06:20
D:\\Vibe Coding\\TwinPacemaker\cloud_server\venv\Lib\site-packages\gevent\select.py,13582,2026-04-02 05:06:20
D:\\Vibe Coding\\TwinPacemaker\cloud_server\venv\Lib\site-packages\gevent\selectors.py,12573,2026-04-02 05:06:20
D:\\Vibe Coding\\TwinPacemaker\cloud_server\venv\Lib\site-packages\gevent\server.py,10852,2026-04-02 05:06:20
D:\\Vibe Coding\\TwinPacemaker\cloud_server\venv\Lib\site-packages\gevent\signal.py,6834,2026-04-02 05:06:20
D:\\Vibe Coding\\TwinPacemaker\cloud_server\venv\Lib\site-packages\gevent\socket.py,6503,2026-04-02 05:06:20
D:\\Vibe Coding\\TwinPacemaker\cloud_server\venv\Lib\site-packages\gevent\ssl.py,34772,2026-04-02 05:06:20
D:\\Vibe Coding\\TwinPacemaker\cloud_server\venv\Lib\site-packages\gevent\subprocess.py,86431,2026-04-02 05:06:20
D:\\Vibe Coding\\TwinPacemaker\cloud_server\venv\Lib\site-packages\gevent\testing\__init__.py,5714,2026-04-02 05:06:20
D:\\Vibe Coding\\TwinPacemaker\cloud_server\venv\Lib\site-packages\gevent\testing\coveragesite\sitecustomize.py,2433,2026-04-02 05:06:20
D:\\Vibe Coding\\TwinPacemaker\cloud_server\venv\Lib\site-packages\gevent\testing\errorhandler.py,2329,2026-04-02 05:06:20
D:\\Vibe Coding\\TwinPacemaker\cloud_server\venv\Lib\site-packages\gevent\testing\exception.py,1265,2026-04-02 05:06:20
D:\\Vibe Coding\\TwinPacemaker\cloud_server\venv\Lib\site-packages\gevent\testing\flaky.py,4104,2026-04-02 05:06:20
D:\\Vibe Coding\\TwinPacemaker\cloud_server\venv\Lib\site-packages\gevent\testing\hub.py,3115,2026-04-02 05:06:20
D:\\Vibe Coding\\TwinPacemaker\cloud_server\venv\Lib\site-packages\gevent\testing\leakcheck.py,8227,2026-04-02 05:06:20
D:\\Vibe Coding\\TwinPacemaker\cloud_server\venv\Lib\site-packages\gevent\testing\modules.py,4987,2026-04-02 05:06:20
D:\\Vibe Coding\\TwinPacemaker\cloud_server\venv\Lib\site-packages\gevent\testing\monkey_test.py,6111,2026-04-02 05:06:20
D:\\Vibe Coding\\TwinPacemaker\cloud_server\venv\Lib\site-packages\gevent\testing\openfiles.py,8739,2026-04-02 05:06:20
D:\\Vibe Coding\\TwinPacemaker\cloud_server\venv\Lib\site-packages\gevent\testing\params.py,2674,2026-04-02 05:06:20
D:\\Vibe Coding\\TwinPacemaker\cloud_server\venv\Lib\site-packages\gevent\testing\patched_tests_setup.py,69384,2026-04-02 05:06:20
D:\\Vibe Coding\\TwinPacemaker\cloud_server\venv\Lib\site-packages\gevent\testing\resources.py,7481,2026-04-02 05:06:20
D:\\Vibe Coding\\TwinPacemaker\cloud_server\venv\Lib\site-packages\gevent\testing\six.py,1035,2026-04-02 05:06:20
D:\\Vibe Coding\\TwinPacemaker\cloud_server\venv\Lib\site-packages\gevent\testing\skipping.py,6719,2026-04-02 05:06:20
D:\\Vibe Coding\\TwinPacemaker\cloud_server\venv\Lib\site-packages\gevent\testing\sockets.py,2285,2026-04-02 05:06:20
D:\\Vibe Coding\\TwinPacemaker\cloud_server\venv\Lib\site-packages\gevent\testing\support.py,4631,2026-04-02 05:06:20
D:\\Vibe Coding\\TwinPacemaker\cloud_server\venv\Lib\site-packages\gevent\testing\switching.py,2708,2026-04-02 05:06:20
D:\\Vibe Coding\\TwinPacemaker\cloud_server\venv\Lib\site-packages\gevent\testing\sysinfo.py,8376,2026-04-02 05:06:20
D:\\Vibe Coding\\TwinPacemaker\cloud_server\venv\Lib\site-packages\gevent\testing\testcase.py,18602,2026-04-02 05:06:20
D:\\Vibe Coding\\TwinPacemaker\cloud_server\venv\Lib\site-packages\gevent\testing\testrunner.py,36740,2026-04-02 05:06:20
D:\\Vibe Coding\\TwinPacemaker\cloud_server\venv\Lib\site-packages\gevent\testing\timing.py,4982,2026-04-02 05:06:20
D:\\Vibe Coding\\TwinPacemaker\cloud_server\venv\Lib\site-packages\gevent\testing\travis.py,877,2026-04-02 05:06:20
D:\\Vibe Coding\\TwinPacemaker\cloud_server\venv\Lib\site-packages\gevent\testing\util.py,19302,2026-04-02 05:06:20
D:\\Vibe Coding\\TwinPacemaker\cloud_server\venv\Lib\site-packages\gevent\tests\2_7_keycert.pem,5081,2026-04-02 05:06:20
D:\\Vibe Coding\\TwinPacemaker\cloud_server\venv\Lib\site-packages\gevent\tests\__init__.py,0,2026-04-02 05:06:20
D:\\Vibe Coding\\TwinPacemaker\cloud_server\venv\Lib\site-packages\gevent\tests\__main__.py,179,2026-04-02 05:06:20
D:\\Vibe Coding\\TwinPacemaker\cloud_server\venv\Lib\site-packages\gevent\tests\_blocks_at_top_level.py,48,2026-04-02 05:06:20
D:\\Vibe Coding\\TwinPacemaker\cloud_server\venv\Lib\site-packages\gevent\tests\_import_import_patch.py,28,2026-04-02 05:06:20
D:\\Vibe Coding\\TwinPacemaker\cloud_server\venv\Lib\site-packages\gevent\tests\_import_patch.py,47,2026-04-02 05:06:20
D:\\Vibe Coding\\TwinPacemaker\cloud_server\venv\Lib\site-packages\gevent\tests\_import_wait.py,570,2026-04-02 05:06:20
D:\\Vibe Coding\\TwinPacemaker\cloud_server\venv\Lib\site-packages\gevent\tests\_imports_at_top_level.py,55,2026-04-02 05:06:20
D:\\Vibe Coding\\TwinPacemaker\cloud_server\venv\Lib\site-packages\gevent\tests\_imports_imports_at_top_level.py,345,2026-04-02 05:06:20
D:\\Vibe Coding\\TwinPacemaker\cloud_server\venv\Lib\site-packages\gevent\tests\badcert.pem,1928,2026-04-02 05:06:20
D:\\Vibe Coding\\TwinPacemaker\cloud_server\venv\Lib\site-packages\gevent\tests\badkey.pem,2162,2026-04-02 05:06:20
D:\\Vibe Coding\\TwinPacemaker\cloud_server\venv\Lib\site-packages\gevent\tests\getaddrinfo_module.py,116,2026-04-02 05:06:20
D:\\Vibe Coding\\TwinPacemaker\cloud_server\venv\Lib\site-packages\gevent\tests\hosts_file.txt,290909,2026-04-02 05:06:20
D:\\Vibe Coding\\TwinPacemaker\cloud_server\venv\Lib\site-packages\gevent\tests\https_svn_python_org_root.pem,2569,2026-04-02 05:06:20
D:\\Vibe Coding\\TwinPacemaker\cloud_server\venv\Lib\site-packages\gevent\tests\keycert.pem,1872,2026-04-02 05:06:20
D:\\Vibe Coding\\TwinPacemaker\cloud_server\venv\Lib\site-packages\gevent\tests\known_failures.py,17690,2026-04-02 05:06:20
D:\\Vibe Coding\\TwinPacemaker\cloud_server\venv\Lib\site-packages\gevent\tests\lock_tests.py,21858,2026-04-02 05:06:20
D:\\Vibe Coding\\TwinPacemaker\cloud_server\venv\Lib\site-packages\gevent\tests\monkey_package\__init__.py,329,2026-04-02 05:06:21
D:\\Vibe Coding\\TwinPacemaker\cloud_server\venv\Lib\site-packages\gevent\tests\monkey_package\__main__.py,363,2026-04-02 05:06:21
D:\\Vibe Coding\\TwinPacemaker\cloud_server\venv\Lib\site-packages\gevent\tests\monkey_package\issue1526_no_monkey.py,573,2026-04-02 05:06:21
D:\\Vibe Coding\\TwinPacemaker\cloud_server\venv\Lib\site-packages\gevent\tests\monkey_package\issue1526_with_monkey.py,666,2026-04-02 05:06:21
D:\\Vibe Coding\\TwinPacemaker\cloud_server\venv\Lib\site-packages\gevent\tests\monkey_package\issue302monkey.py,935,2026-04-02 05:06:21
D:\\Vibe Coding\\TwinPacemaker\cloud_server\venv\Lib\site-packages\gevent\tests\monkey_package\script.py,427,2026-04-02 05:06:21
D:\\Vibe Coding\\TwinPacemaker\cloud_server\venv\Lib\site-packages\gevent\tests\monkey_package\threadpool_monkey_patches.py,869,2026-04-02 05:06:21
D:\\Vibe Coding\\TwinPacemaker\cloud_server\venv\Lib\site-packages\gevent\tests\monkey_package\threadpool_no_monkey.py,787,2026-04-02 05:06:21
D:\\Vibe Coding\\TwinPacemaker\cloud_server\venv\Lib\site-packages\gevent\tests\nullcert.pem,0,2026-04-02 05:06:20
D:\\Vibe Coding\\TwinPacemaker\cloud_server\venv\Lib\site-packages\gevent\tests\server.crt,1809,2026-04-02 05:06:21
D:\\Vibe Coding\\TwinPacemaker\cloud_server\venv\Lib\site-packages\gevent\tests\server.key,3272,2026-04-02 05:06:21
D:\\Vibe Coding\\TwinPacemaker\cloud_server\venv\Lib\site-packages\gevent\tests\sha256.pem,2065,2026-04-02 05:06:21
D:\\Vibe Coding\\TwinPacemaker\cloud_server\venv\Lib\site-packages\gevent\tests\test___config.py,4889,2026-04-02 05:06:21
D:\\Vibe Coding\\TwinPacemaker\cloud_server\venv\Lib\site-packages\gevent\tests\test___ident.py,2109,2026-04-02 05:06:21
D:\\Vibe Coding\\TwinPacemaker\cloud_server\venv\Lib\site-packages\gevent\tests\test___monitor.py,12624,2026-04-02 05:06:21
D:\\Vibe Coding\\TwinPacemaker\cloud_server\venv\Lib\site-packages\gevent\tests\test___monkey_patching.py,3502,2026-04-02 05:06:21
D:\\Vibe Coding\\TwinPacemaker\cloud_server\venv\Lib\site-packages\gevent\tests\test__all__.py,11547,2026-04-02 05:06:21
D:\\Vibe Coding\\TwinPacemaker\cloud_server\venv\Lib\site-packages\gevent\tests\test__api.py,4550,2026-04-02 05:06:21
D:\\Vibe Coding\\TwinPacemaker\cloud_server\venv\Lib\site-packages\gevent\tests\test__api_timeout.py,6323,2026-04-02 05:06:21
D:\\Vibe Coding\\TwinPacemaker\cloud_server\venv\Lib\site-packages\gevent\tests\test__ares_host_result.py,908,2026-04-02 05:06:21
D:\\Vibe Coding\\TwinPacemaker\cloud_server\venv\Lib\site-packages\gevent\tests\test__ares_timeout.py,1015,2026-04-02 05:06:21
D:\\Vibe Coding\\TwinPacemaker\cloud_server\venv\Lib\site-packages\gevent\tests\test__backdoor.py,6900,2026-04-02 05:06:21
D:\\Vibe Coding\\TwinPacemaker\cloud_server\venv\Lib\site-packages\gevent\tests\test__close_backend_fd.py,3865,2026-04-02 05:06:21
D:\\Vibe Coding\\TwinPacemaker\cloud_server\venv\Lib\site-packages\gevent\tests\test__compat.py,1439,2026-04-02 05:06:21
D:\\Vibe Coding\\TwinPacemaker\cloud_server\venv\Lib\site-packages\gevent\tests\test__contextvars.py,31717,2026-04-02 05:06:21
D:\\Vibe Coding\\TwinPacemaker\cloud_server\venv\Lib\site-packages\gevent\tests\test__core.py,5618,2026-04-02 05:06:21
D:\\Vibe Coding\\TwinPacemaker\cloud_server\venv\Lib\site-packages\gevent\tests\test__core_async.py,761,2026-04-02 05:06:21
D:\\Vibe Coding\\TwinPacemaker\cloud_server\venv\Lib\site-packages\gevent\tests\test__core_callback.py,618,2026-04-02 05:06:21
D:\\Vibe Coding\\TwinPacemaker\cloud_server\venv\Lib\site-packages\gevent\tests\test__core_fork.py,2738,2026-04-02 05:06:21
D:\\Vibe Coding\\TwinPacemaker\cloud_server\venv\Lib\site-packages\gevent\tests\test__core_loop_run.py,494,2026-04-02 05:06:21
D:\\Vibe Coding\\TwinPacemaker\cloud_server\venv\Lib\site-packages\gevent\tests\test__core_stat.py,3754,2026-04-02 05:06:21
D:\\Vibe Coding\\TwinPacemaker\cloud_server\venv\Lib\site-packages\gevent\tests\test__core_timer.py,4330,2026-04-02 05:06:21
D:\\Vibe Coding\\TwinPacemaker\cloud_server\venv\Lib\site-packages\gevent\tests\test__core_watcher.py,3573,2026-04-02 05:06:21
D:\\Vibe Coding\\TwinPacemaker\cloud_server\venv\Lib\site-packages\gevent\tests\test__destroy.py,1765,2026-04-02 05:06:21
D:\\Vibe Coding\\TwinPacemaker\cloud_server\venv\Lib\site-packages\gevent\tests\test__destroy_default_loop.py,2199,2026-04-02 05:06:21
D:\\Vibe Coding\\TwinPacemaker\cloud_server\venv\Lib\site-packages\gevent\tests\test__doctests.py,3613,2026-04-02 05:06:21
D:\\Vibe Coding\\TwinPacemaker\cloud_server\venv\Lib\site-packages\gevent\tests\test__environ.py,608,2026-04-02 05:06:21
D:\\Vibe Coding\\TwinPacemaker\cloud_server\venv\Lib\site-packages\gevent\tests\test__event.py,14176,2026-04-02 05:06:21
D:\\Vibe Coding\\TwinPacemaker\cloud_server\venv\Lib\site-packages\gevent\tests\test__events.py,1465,2026-04-02 05:06:21
D:\\Vibe Coding\\TwinPacemaker\cloud_server\venv\Lib\site-packages\gevent\tests\test__example_echoserver.py,1198,2026-04-02 05:06:21
D:\\Vibe Coding\\TwinPacemaker\cloud_server\venv\Lib\site-packages\gevent\tests\test__example_portforwarder.py,2025,2026-04-02 05:06:21
D:\\Vibe Coding\\TwinPacemaker\cloud_server\venv\Lib\site-packages\gevent\tests\test__example_udp_client.py,884,2026-04-02 05:06:21
D:\\Vibe Coding\\TwinPacemaker\cloud_server\venv\Lib\site-packages\gevent\tests\test__example_udp_server.py,513,2026-04-02 05:06:21
D:\\Vibe Coding\\TwinPacemaker\cloud_server\venv\Lib\site-packages\gevent\tests\test__example_webproxy.py,807,2026-04-02 05:06:21
D:\\Vibe Coding\\TwinPacemaker\cloud_server\venv\Lib\site-packages\gevent\tests\test__example_wsgiserver.py,3202,2026-04-02 05:06:21
D:\\Vibe Coding\\TwinPacemaker\cloud_server\venv\Lib\site-packages\gevent\tests\test__example_wsgiserver_ssl.py,649,2026-04-02 05:06:21
D:\\Vibe Coding\\TwinPacemaker\cloud_server\venv\Lib\site-packages\gevent\tests\test__examples.py,3336,2026-04-02 05:06:21
D:\\Vibe Coding\\TwinPacemaker\cloud_server\venv\Lib\site-packages\gevent\tests\test__exc_info.py,1377,2026-04-02 05:06:21
D:\\Vibe Coding\\TwinPacemaker\cloud_server\venv\Lib\site-packages\gevent\tests\test__execmodules.py,1628,2026-04-02 05:06:21
D:\\Vibe Coding\\TwinPacemaker\cloud_server\venv\Lib\site-packages\gevent\tests\test__fileobject.py,19018,2026-04-02 05:06:21
D:\\Vibe Coding\\TwinPacemaker\cloud_server\venv\Lib\site-packages\gevent\tests\test__getaddrinfo_import.py,463,2026-04-02 05:06:21
D:\\Vibe Coding\\TwinPacemaker\cloud_server\venv\Lib\site-packages\gevent\tests\test__greenio.py,5523,2026-04-02 05:06:21
D:\\Vibe Coding\\TwinPacemaker\cloud_server\venv\Lib\site-packages\gevent\tests\test__greenlet.py,32010,2026-04-02 05:06:21
D:\\Vibe Coding\\TwinPacemaker\cloud_server\venv\Lib\site-packages\gevent\tests\test__GreenletExit.py,127,2026-04-02 05:06:21
D:\\Vibe Coding\\TwinPacemaker\cloud_server\venv\Lib\site-packages\gevent\tests\test__greenletset.py,5032,2026-04-02 05:06:21
D:\\Vibe Coding\\TwinPacemaker\cloud_server\venv\Lib\site-packages\gevent\tests\test__greenness.py,2790,2026-04-02 05:06:21
D:\\Vibe Coding\\TwinPacemaker\cloud_server\venv\Lib\site-packages\gevent\tests\test__hub.py,13728,2026-04-02 05:06:21
D:\\Vibe Coding\\TwinPacemaker\cloud_server\venv\Lib\site-packages\gevent\tests\test__hub_join.py,3217,2026-04-02 05:06:21
D:\\Vibe Coding\\TwinPacemaker\cloud_server\venv\Lib\site-packages\gevent\tests\test__hub_join_timeout.py,2913,2026-04-02 05:06:21
D:\\Vibe Coding\\TwinPacemaker\cloud_server\venv\Lib\site-packages\gevent\tests\test__import_blocking_in_greenlet.py,1134,2026-04-02 05:06:21
D:\\Vibe Coding\\TwinPacemaker\cloud_server\venv\Lib\site-packages\gevent\tests\test__import_wait.py,252,2026-04-02 05:06:21
D:\\Vibe Coding\\TwinPacemaker\cloud_server\venv\Lib\site-packages\gevent\tests\test__issue112.py,338,2026-04-02 05:06:21
D:\\Vibe Coding\\TwinPacemaker\cloud_server\venv\Lib\site-packages\gevent\tests\test__issue1686.py,2878,2026-04-02 05:06:21
D:\\Vibe Coding\\TwinPacemaker\cloud_server\venv\Lib\site-packages\gevent\tests\test__issue1864.py,1291,2026-04-02 05:06:21
D:\\Vibe Coding\\TwinPacemaker\cloud_server\venv\Lib\site-packages\gevent\tests\test__issue230.py,500,2026-04-02 05:06:21
D:\\Vibe Coding\\TwinPacemaker\cloud_server\venv\Lib\site-packages\gevent\tests\test__issue330.py,2333,2026-04-02 05:06:21
D:\\Vibe Coding\\TwinPacemaker\cloud_server\venv\Lib\site-packages\gevent\tests\test__issue467.py,1205,2026-04-02 05:06:21
D:\\Vibe Coding\\TwinPacemaker\cloud_server\venv\Lib\site-packages\gevent\tests\test__issue6.py,1530,2026-04-02 05:06:21
D:\\Vibe Coding\\TwinPacemaker\cloud_server\venv\Lib\site-packages\gevent\tests\test__issue600.py,1386,2026-04-02 05:06:21
D:\\Vibe Coding\\TwinPacemaker\cloud_server\venv\Lib\site-packages\gevent\tests\test__issue607.py,1354,2026-04-02 05:06:21
D:\\Vibe Coding\\TwinPacemaker\cloud_server\venv\Lib\site-packages\gevent\tests\test__issue639.py,214,2026-04-02 05:06:21
D:\\Vibe Coding\\TwinPacemaker\cloud_server\venv\Lib\site-packages\gevent\tests\test__issue_728.py,212,2026-04-02 05:06:21
D:\\Vibe Coding\\TwinPacemaker\cloud_server\venv\Lib\site-packages\gevent\tests\test__issues461_471.py,3889,2026-04-02 05:06:21
D:\\Vibe Coding\\TwinPacemaker\cloud_server\venv\Lib\site-packages\gevent\tests\test__iwait.py,1205,2026-04-02 05:06:21
D:\\Vibe Coding\\TwinPacemaker\cloud_server\venv\Lib\site-packages\gevent\tests\test__joinall.py,296,2026-04-02 05:06:21
D:\\Vibe Coding\\TwinPacemaker\cloud_server\venv\Lib\site-packages\gevent\tests\test__local.py,11741,2026-04-02 05:06:21
D:\\Vibe Coding\\TwinPacemaker\cloud_server\venv\Lib\site-packages\gevent\tests\test__lock.py,2242,2026-04-02 05:06:21
D:\\Vibe Coding\\TwinPacemaker\cloud_server\venv\Lib\site-packages\gevent\tests\test__loop_callback.py,356,2026-04-02 05:06:21
D:\\Vibe Coding\\TwinPacemaker\cloud_server\venv\Lib\site-packages\gevent\tests\test__makefile_ref.py,19536,2026-04-02 05:06:21
D:\\Vibe Coding\\TwinPacemaker\cloud_server\venv\Lib\site-packages\gevent\tests\test__memleak.py,1466,2026-04-02 05:06:21
D:\\Vibe Coding\\TwinPacemaker\cloud_server\venv\Lib\site-packages\gevent\tests\test__monkey.py,6581,2026-04-02 05:06:21
D:\\Vibe Coding\\TwinPacemaker\cloud_server\venv\Lib\site-packages\gevent\tests\test__monkey_builtins_future.py,521,2026-04-02 05:06:21
D:\\Vibe Coding\\TwinPacemaker\cloud_server\venv\Lib\site-packages\gevent\tests\test__monkey_hub_in_thread.py,520,2026-04-02 05:06:21
D:\\Vibe Coding\\TwinPacemaker\cloud_server\venv\Lib\site-packages\gevent\tests\test__monkey_logging.py,1564,2026-04-02 05:06:21
D:\\Vibe Coding\\TwinPacemaker\cloud_server\venv\Lib\site-packages\gevent\tests\test__monkey_module_run.py,4368,2026-04-02 05:06:21
D:\\Vibe Coding\\TwinPacemaker\cloud_server\venv\Lib\site-packages\gevent\tests\test__monkey_multiple_imports.py,296,2026-04-02 05:06:21
D:\\Vibe Coding\\TwinPacemaker\cloud_server\venv\Lib\site-packages\gevent\tests\test__monkey_queue.py,12337,2026-04-02 05:06:21
D:\\Vibe Coding\\TwinPacemaker\cloud_server\venv\Lib\site-packages\gevent\tests\test__monkey_select.py,741,2026-04-02 05:06:21
D:\\Vibe Coding\\TwinPacemaker\cloud_server\venv\Lib\site-packages\gevent\tests\test__monkey_selectors.py,2580,2026-04-02 05:06:21
D:\\Vibe Coding\\TwinPacemaker\cloud_server\venv\Lib\site-packages\gevent\tests\test__monkey_sigchld.py,2939,2026-04-02 05:06:21
D:\\Vibe Coding\\TwinPacemaker\cloud_server\venv\Lib\site-packages\gevent\tests\test__monkey_sigchld_2.py,1774,2026-04-02 05:06:21
D:\\Vibe Coding\\TwinPacemaker\cloud_server\venv\Lib\site-packages\gevent\tests\test__monkey_sigchld_3.py,1755,2026-04-02 05:06:21
D:\\Vibe Coding\\TwinPacemaker\cloud_server\venv\Lib\site-packages\gevent\tests\test__monkey_sigchld_wakeup_fd.py,1096,2026-04-02 05:06:21
D:\\Vibe Coding\\TwinPacemaker\cloud_server\venv\Lib\site-packages\gevent\tests\test__monkey_ssl_warning.py,1250,2026-04-02 05:06:21
D:\\Vibe Coding\\TwinPacemaker\cloud_server\venv\Lib\site-packages\gevent\tests\test__monkey_ssl_warning2.py,1255,2026-04-02 05:06:21
D:\\Vibe Coding\\TwinPacemaker\cloud_server\venv\Lib\site-packages\gevent\tests\test__monkey_ssl_warning3.py,1330,2026-04-02 05:06:21
D:\\Vibe Coding\\TwinPacemaker\cloud_server\venv\Lib\site-packages\gevent\tests\test__nondefaultloop.py,204,2026-04-02 05:06:21
D:\\Vibe Coding\\TwinPacemaker\cloud_server\venv\Lib\site-packages\gevent\tests\test__order.py,1125,2026-04-02 05:06:21
D:\\Vibe Coding\\TwinPacemaker\cloud_server\venv\Lib\site-packages\gevent\tests\test__os.py,5963,2026-04-02 05:06:21
D:\\Vibe Coding\\TwinPacemaker\cloud_server\venv\Lib\site-packages\gevent\tests\test__pool.py,18351,2026-04-02 05:06:21
D:\\Vibe Coding\\TwinPacemaker\cloud_server\venv\Lib\site-packages\gevent\tests\test__pywsgi.py,74589,2026-04-02 05:06:21
D:\\Vibe Coding\\TwinPacemaker\cloud_server\venv\Lib\site-packages\gevent\tests\test__queue.py,17294,2026-04-02 05:06:21
D:\\Vibe Coding\\TwinPacemaker\cloud_server\venv\Lib\site-packages\gevent\tests\test__real_greenlet.py,693,2026-04-02 05:06:21
D:\\Vibe Coding\\TwinPacemaker\cloud_server\venv\Lib\site-packages\gevent\tests\test__refcount.py,5866,2026-04-02 05:06:21
D:\\Vibe Coding\\TwinPacemaker\cloud_server\venv\Lib\site-packages\gevent\tests\test__refcount_core.py,600,2026-04-02 05:06:21
D:\\Vibe Coding\\TwinPacemaker\cloud_server\venv\Lib\site-packages\gevent\tests\test__resolver_dnspython.py,1117,2026-04-02 05:06:21
D:\\Vibe Coding\\TwinPacemaker\cloud_server\venv\Lib\site-packages\gevent\tests\test__select.py,10188,2026-04-02 05:06:21
D:\\Vibe Coding\\TwinPacemaker\cloud_server\venv\Lib\site-packages\gevent\tests\test__selectors.py,5763,2026-04-02 05:06:21
D:\\Vibe Coding\\TwinPacemaker\cloud_server\venv\Lib\site-packages\gevent\tests\test__semaphore.py,13756,2026-04-02 05:06:21
D:\\Vibe Coding\\TwinPacemaker\cloud_server\venv\Lib\site-packages\gevent\tests\test__server.py,20329,2026-04-02 05:06:21
D:\\Vibe Coding\\TwinPacemaker\cloud_server\venv\Lib\site-packages\gevent\tests\test__server_pywsgi.py,3074,2026-04-02 05:06:21
D:\\Vibe Coding\\TwinPacemaker\cloud_server\venv\Lib\site-packages\gevent\tests\test__signal.py,3813,2026-04-02 05:06:21
D:\\Vibe Coding\\TwinPacemaker\cloud_server\venv\Lib\site-packages\gevent\tests\test__sleep0.py,139,2026-04-02 05:06:21
D:\\Vibe Coding\\TwinPacemaker\cloud_server\venv\Lib\site-packages\gevent\tests\test__socket.py,23490,2026-04-02 05:06:21
D:\\Vibe Coding\\TwinPacemaker\cloud_server\venv\Lib\site-packages\gevent\tests\test__socket_close.py,1862,2026-04-02 05:06:21
D:\\Vibe Coding\\TwinPacemaker\cloud_server\venv\Lib\site-packages\gevent\tests\test__socket_dns.py,36681,2026-04-02 05:06:21
D:\\Vibe Coding\\TwinPacemaker\cloud_server\venv\Lib\site-packages\gevent\tests\test__socket_dns6.py,3716,2026-04-02 05:06:21
D:\\Vibe Coding\\TwinPacemaker\cloud_server\venv\Lib\site-packages\gevent\tests\test__socket_errors.py,1869,2026-04-02 05:06:21
D:\\Vibe Coding\\TwinPacemaker\cloud_server\venv\Lib\site-packages\gevent\tests\test__socket_ex.py,1110,2026-04-02 05:06:21
D:\\Vibe Coding\\TwinPacemaker\cloud_server\venv\Lib\site-packages\gevent\tests\test__socket_send_memoryview.py,960,2026-04-02 05:06:21
D:\\Vibe Coding\\TwinPacemaker\cloud_server\venv\Lib\site-packages\gevent\tests\test__socket_ssl.py,865,2026-04-02 05:06:21
D:\\Vibe Coding\\TwinPacemaker\cloud_server\venv\Lib\site-packages\gevent\tests\test__socket_timeout.py,1351,2026-04-02 05:06:21
D:\\Vibe Coding\\TwinPacemaker\cloud_server\venv\Lib\site-packages\gevent\tests\test__socketpair.py,951,2026-04-02 05:06:21
D:\\Vibe Coding\\TwinPacemaker\cloud_server\venv\Lib\site-packages\gevent\tests\test__ssl.py,5597,2026-04-02 05:06:21
D:\\Vibe Coding\\TwinPacemaker\cloud_server\venv\Lib\site-packages\gevent\tests\test__subprocess.py,20244,2026-04-02 05:06:21
D:\\Vibe Coding\\TwinPacemaker\cloud_server\venv\Lib\site-packages\gevent\tests\test__subprocess_interrupted.py,1922,2026-04-02 05:06:21
D:\\Vibe Coding\\TwinPacemaker\cloud_server\venv\Lib\site-packages\gevent\tests\test__subprocess_poll.py,346,2026-04-02 05:06:21
D:\\Vibe Coding\\TwinPacemaker\cloud_server\venv\Lib\site-packages\gevent\tests\test__systemerror.py,3295,2026-04-02 05:06:21
D:\\Vibe Coding\\TwinPacemaker\cloud_server\venv\Lib\site-packages\gevent\tests\test__thread.py,780,2026-04-02 05:06:21
D:\\Vibe Coding\\TwinPacemaker\cloud_server\venv\Lib\site-packages\gevent\tests\test__threading.py,2586,2026-04-02 05:06:21
D:\\Vibe Coding\\TwinPacemaker\cloud_server\venv\Lib\site-packages\gevent\tests\test__threading_2.py,23796,2026-04-02 05:06:21
D:\\Vibe Coding\\TwinPacemaker\cloud_server\venv\Lib\site-packages\gevent\tests\test__threading_before_monkey.py,714,2026-04-02 05:06:21
D:\\Vibe Coding\\TwinPacemaker\cloud_server\venv\Lib\site-packages\gevent\tests\test__threading_fork_from_dummy.py,2181,2026-04-02 05:06:21
D:\\Vibe Coding\\TwinPacemaker\cloud_server\venv\Lib\site-packages\gevent\tests\test__threading_holding_lock_while_monkey.py,411,2026-04-02 05:06:21
D:\\Vibe Coding\\TwinPacemaker\cloud_server\venv\Lib\site-packages\gevent\tests\test__threading_monkey_in_thread.py,2366,2026-04-02 05:06:21
D:\\Vibe Coding\\TwinPacemaker\cloud_server\venv\Lib\site-packages\gevent\tests\test__threading_native_before_monkey.py,2157,2026-04-02 05:06:21
D:\\Vibe Coding\\TwinPacemaker\cloud_server\venv\Lib\site-packages\gevent\tests\test__threading_no_monkey.py,806,2026-04-02 05:06:21
D:\\Vibe Coding\\TwinPacemaker\cloud_server\venv\Lib\site-packages\gevent\tests\test__threading_patched_local.py,675,2026-04-02 05:06:21
D:\\Vibe Coding\\TwinPacemaker\cloud_server\venv\Lib\site-packages\gevent\tests\test__threading_vs_settrace.py,5023,2026-04-02 05:06:21
D:\\Vibe Coding\\TwinPacemaker\cloud_server\venv\Lib\site-packages\gevent\tests\test__threadpool.py,24825,2026-04-02 05:06:21
D:\\Vibe Coding\\TwinPacemaker\cloud_server\venv\Lib\site-packages\gevent\tests\test__threadpool_executor_patched.py,386,2026-04-02 05:06:21
D:\\Vibe Coding\\TwinPacemaker\cloud_server\venv\Lib\site-packages\gevent\tests\test__timeout.py,5243,2026-04-02 05:06:21
D:\\Vibe Coding\\TwinPacemaker\cloud_server\venv\Lib\site-packages\gevent\tests\test__util.py,10705,2026-04-02 05:06:21
D:\\Vibe Coding\\TwinPacemaker\cloud_server\venv\Lib\site-packages\gevent\tests\test_server.crt,1809,2026-04-02 05:06:21
D:\\Vibe Coding\\TwinPacemaker\cloud_server\venv\Lib\site-packages\gevent\tests\test_server.key,3268,2026-04-02 05:06:21
D:\\Vibe Coding\\TwinPacemaker\cloud_server\venv\Lib\site-packages\gevent\tests\tests_that_dont_do_leakchecks.txt,223,2026-04-02 05:06:21
D:\\Vibe Coding\\TwinPacemaker\cloud_server\venv\Lib\site-packages\gevent\tests\tests_that_dont_monkeypatch.txt,647,2026-04-02 05:06:21
D:\\Vibe Coding\\TwinPacemaker\cloud_server\venv\Lib\site-packages\gevent\tests\tests_that_dont_use_resolver.txt,3184,2026-04-02 05:06:21
D:\\Vibe Coding\\TwinPacemaker\cloud_server\venv\Lib\site-packages\gevent\tests\wrongcert.pem,1880,2026-04-02 05:06:21
D:\\Vibe Coding\\TwinPacemaker\cloud_server\venv\Lib\site-packages\gevent\thread.py,11531,2026-04-02 05:06:20
D:\\Vibe Coding\\TwinPacemaker\cloud_server\venv\Lib\site-packages\gevent\threading.py,19405,2026-04-02 05:06:20
D:\\Vibe Coding\\TwinPacemaker\cloud_server\venv\Lib\site-packages\gevent\threadpool.py,30975,2026-04-02 05:06:20
D:\\Vibe Coding\\TwinPacemaker\cloud_server\venv\Lib\site-packages\gevent\time.py,491,2026-04-02 05:06:20
D:\\Vibe Coding\\TwinPacemaker\cloud_server\venv\Lib\site-packages\gevent\timeout.py,13682,2026-04-02 05:06:20
D:\\Vibe Coding\\TwinPacemaker\cloud_server\venv\Lib\site-packages\gevent\util.py,22571,2026-04-02 05:06:20
D:\\Vibe Coding\\TwinPacemaker\cloud_server\venv\Lib\site-packages\gevent\win32util.py,3637,2026-04-02 05:06:20
D:\\Vibe Coding\\TwinPacemaker\cloud_server\venv\Lib\site-packages\greenlet-3.3.2.dist-info\INSTALLER,4,2026-04-02 05:06:01
D:\\Vibe Coding\\TwinPacemaker\cloud_server\venv\Lib\site-packages\greenlet-3.3.2.dist-info\licenses\LICENSE,1464,2026-04-02 05:06:01
D:\\Vibe Coding\\TwinPacemaker\cloud_server\venv\Lib\site-packages\greenlet-3.3.2.dist-info\licenses\LICENSE.PSF,2471,2026-04-02 05:06:01
D:\\Vibe Coding\\TwinPacemaker\cloud_server\venv\Lib\site-packages\greenlet-3.3.2.dist-info\METADATA,3829,2026-04-02 05:06:01
D:\\Vibe Coding\\TwinPacemaker\cloud_server\venv\Lib\site-packages\greenlet-3.3.2.dist-info\RECORD,10481,2026-04-02 05:06:01
D:\\Vibe Coding\\TwinPacemaker\cloud_server\venv\Lib\site-packages\greenlet-3.3.2.dist-info\top_level.txt,9,2026-04-02 05:06:01
D:\\Vibe Coding\\TwinPacemaker\cloud_server\venv\Lib\site-packages\greenlet-3.3.2.dist-info\WHEEL,101,2026-04-02 05:06:01
D:\\Vibe Coding\\TwinPacemaker\cloud_server\venv\Lib\site-packages\greenlet\__init__.py,1794,2026-04-02 05:06:00
D:\\Vibe Coding\\TwinPacemaker\cloud_server\venv\Lib\site-packages\greenlet\_greenlet.cp312-win_amd64.pyd,73216,2026-04-02 05:06:00
D:\\Vibe Coding\\TwinPacemaker\cloud_server\venv\Lib\site-packages\greenlet\CObjects.cpp,3665,2026-04-02 05:06:00
D:\\Vibe Coding\\TwinPacemaker\cloud_server\venv\Lib\site-packages\greenlet\greenlet.cpp,11416,2026-04-02 05:06:00
D:\\Vibe Coding\\TwinPacemaker\cloud_server\venv\Lib\site-packages\greenlet\greenlet.h,4919,2026-04-02 05:06:00
D:\\Vibe Coding\\TwinPacemaker\cloud_server\venv\Lib\site-packages\greenlet\greenlet_allocator.hpp,1911,2026-04-02 05:06:00
D:\\Vibe Coding\\TwinPacemaker\cloud_server\venv\Lib\site-packages\greenlet\greenlet_compiler_compat.hpp,4444,2026-04-02 05:06:00
D:\\Vibe Coding\\TwinPacemaker\cloud_server\venv\Lib\site-packages\greenlet\greenlet_cpython_compat.hpp,4409,2026-04-02 05:06:00
D:\\Vibe Coding\\TwinPacemaker\cloud_server\venv\Lib\site-packages\greenlet\greenlet_exceptions.hpp,4674,2026-04-02 05:06:00
D:\\Vibe Coding\\TwinPacemaker\cloud_server\venv\Lib\site-packages\greenlet\greenlet_internal.hpp,2816,2026-04-02 05:06:00
D:\\Vibe Coding\\TwinPacemaker\cloud_server\venv\Lib\site-packages\greenlet\greenlet_msvc_compat.hpp,3295,2026-04-02 05:06:00
D:\\Vibe Coding\\TwinPacemaker\cloud_server\venv\Lib\site-packages\greenlet\greenlet_refs.hpp,35554,2026-04-02 05:06:00
D:\\Vibe Coding\\TwinPacemaker\cloud_server\venv\Lib\site-packages\greenlet\greenlet_slp_switch.hpp,3401,2026-04-02 05:06:00
D:\\Vibe Coding\\TwinPacemaker\cloud_server\venv\Lib\site-packages\greenlet\greenlet_thread_support.hpp,898,2026-04-02 05:06:00
D:\\Vibe Coding\\TwinPacemaker\cloud_server\venv\Lib\site-packages\greenlet\platform\__init__.py,0,2026-04-02 05:06:00
D:\\Vibe Coding\\TwinPacemaker\cloud_server\venv\Lib\site-packages\greenlet\platform\setup_switch_x64_masm.cmd,143,2026-04-02 05:06:00
D:\\Vibe Coding\\TwinPacemaker\cloud_server\venv\Lib\site-packages\greenlet\platform\switch_aarch64_gcc.h,4431,2026-04-02 05:06:00
D:\\Vibe Coding\\TwinPacemaker\cloud_server\venv\Lib\site-packages\greenlet\platform\switch_alpha_unix.h,701,2026-04-02 05:06:00
D:\\Vibe Coding\\TwinPacemaker\cloud_server\venv\Lib\site-packages\greenlet\platform\switch_amd64_unix.h,2835,2026-04-02 05:06:00
D:\\Vibe Coding\\TwinPacemaker\cloud_server\venv\Lib\site-packages\greenlet\platform\switch_arm32_gcc.h,2558,2026-04-02 05:06:01
D:\\Vibe Coding\\TwinPacemaker\cloud_server\venv\Lib\site-packages\greenlet\platform\switch_arm32_ios.h,1959,2026-04-02 05:06:01
D:\\Vibe Coding\\TwinPacemaker\cloud_server\venv\Lib\site-packages\greenlet\platform\switch_arm64_masm.asm,1298,2026-04-02 05:06:01
D:\\Vibe Coding\\TwinPacemaker\cloud_server\venv\Lib\site-packages\greenlet\platform\switch_arm64_masm.obj,746,2026-04-02 05:06:01
D:\\Vibe Coding\\TwinPacemaker\cloud_server\venv\Lib\site-packages\greenlet\platform\switch_arm64_msvc.h,414,2026-04-02 05:06:01
D:\\Vibe Coding\\TwinPacemaker\cloud_server\venv\Lib\site-packages\greenlet\platform\switch_csky_gcc.h,1379,2026-04-02 05:06:01
D:\\Vibe Coding\\TwinPacemaker\cloud_server\venv\Lib\site-packages\greenlet\platform\switch_loongarch64_linux.h,810,2026-04-02 05:06:01
D:\\Vibe Coding\\TwinPacemaker\cloud_server\venv\Lib\site-packages\greenlet\platform\switch_m68k_gcc.h,966,2026-04-02 05:06:01
D:\\Vibe Coding\\TwinPacemaker\cloud_server\venv\Lib\site-packages\greenlet\platform\switch_mips_unix.h,1527,2026-04-02 05:06:01
D:\\Vibe Coding\\TwinPacemaker\cloud_server\venv\Lib\site-packages\greenlet\platform\switch_ppc64_aix.h,3963,2026-04-02 05:06:01
D:\\Vibe Coding\\TwinPacemaker\cloud_server\venv\Lib\site-packages\greenlet\platform\switch_ppc64_linux.h,3920,2026-04-02 05:06:01
D:\\Vibe Coding\\TwinPacemaker\cloud_server\venv\Lib\site-packages\greenlet\platform\switch_ppc_aix.h,3028,2026-04-02 05:06:01
D:\\Vibe Coding\\TwinPacemaker\cloud_server\venv\Lib\site-packages\greenlet\platform\switch_ppc_linux.h,2843,2026-04-02 05:06:01
D:\\Vibe Coding\\TwinPacemaker\cloud_server\venv\Lib\site-packages\greenlet\platform\switch_ppc_macosx.h,2706,2026-04-02 05:06:01
D:\\Vibe Coding\\TwinPacemaker\cloud_server\venv\Lib\site-packages\greenlet\platform\switch_ppc_unix.h,2734,2026-04-02 05:06:01
D:\\Vibe Coding\\TwinPacemaker\cloud_server\venv\Lib\site-packages\greenlet\platform\switch_riscv_unix.h,990,2026-04-02 05:06:01
D:\\Vibe Coding\\TwinPacemaker\cloud_server\venv\Lib\site-packages\greenlet\platform\switch_s390_unix.h,2850,2026-04-02 05:06:01
D:\\Vibe Coding\\TwinPacemaker\cloud_server\venv\Lib\site-packages\greenlet\platform\switch_sh_gcc.h,937,2026-04-02 05:06:01
D:\\Vibe Coding\\TwinPacemaker\cloud_server\venv\Lib\site-packages\greenlet\platform\switch_sparc_sun_gcc.h,2889,2026-04-02 05:06:01
D:\\Vibe Coding\\TwinPacemaker\cloud_server\venv\Lib\site-packages\greenlet\platform\switch_x32_unix.h,1572,2026-04-02 05:06:01
D:\\Vibe Coding\\TwinPacemaker\cloud_server\venv\Lib\site-packages\greenlet\platform\switch_x64_masm.asm,1951,2026-04-02 05:06:01
D:\\Vibe Coding\\TwinPacemaker\cloud_server\venv\Lib\site-packages\greenlet\platform\switch_x64_masm.obj,1078,2026-04-02 05:06:01
D:\\Vibe Coding\\TwinPacemaker\cloud_server\venv\Lib\site-packages\greenlet\platform\switch_x64_msvc.h,1864,2026-04-02 05:06:01
D:\\Vibe Coding\\TwinPacemaker\cloud_server\venv\Lib\site-packages\greenlet\platform\switch_x86_msvc.h,13164,2026-04-02 05:06:01
D:\\Vibe Coding\\TwinPacemaker\cloud_server\venv\Lib\site-packages\greenlet\platform\switch_x86_unix.h,3164,2026-04-02 05:06:01
D:\\Vibe Coding\\TwinPacemaker\cloud_server\venv\Lib\site-packages\greenlet\PyGreenlet.cpp,27106,2026-04-02 05:06:00
D:\\Vibe Coding\\TwinPacemaker\cloud_server\venv\Lib\site-packages\greenlet\PyGreenlet.hpp,1498,2026-04-02 05:06:00
D:\\Vibe Coding\\TwinPacemaker\cloud_server\venv\Lib\site-packages\greenlet\PyGreenletUnswitchable.cpp,4522,2026-04-02 05:06:00
D:\\Vibe Coding\\TwinPacemaker\cloud_server\venv\Lib\site-packages\greenlet\PyModule.cpp,8941,2026-04-02 05:06:00
D:\\Vibe Coding\\TwinPacemaker\cloud_server\venv\Lib\site-packages\greenlet\slp_platformselect.h,4036,2026-04-02 05:06:00
D:\\Vibe Coding\\TwinPacemaker\cloud_server\venv\Lib\site-packages\greenlet\TBrokenGreenlet.cpp,1066,2026-04-02 05:06:00
D:\\Vibe Coding\\TwinPacemaker\cloud_server\venv\Lib\site-packages\greenlet\tests\__init__.py,9984,2026-04-02 05:06:01
D:\\Vibe Coding\\TwinPacemaker\cloud_server\venv\Lib\site-packages\greenlet\tests\_test_extension.c,7179,2026-04-02 05:06:01
D:\\Vibe Coding\\TwinPacemaker\cloud_server\venv\Lib\site-packages\greenlet\tests\_test_extension.cp312-win_amd64.pyd,14336,2026-04-02 05:06:01
D:\\Vibe Coding\\TwinPacemaker\cloud_server\venv\Lib\site-packages\greenlet\tests\_test_extension_cpp.cp312-win_amd64.pyd,15872,2026-04-02 05:06:01
D:\\Vibe Coding\\TwinPacemaker\cloud_server\venv\Lib\site-packages\greenlet\tests\_test_extension_cpp.cpp,6915,2026-04-02 05:06:01
D:\\Vibe Coding\\TwinPacemaker\cloud_server\venv\Lib\site-packages\greenlet\tests\fail_clearing_run_switches.py,1310,2026-04-02 05:06:01
D:\\Vibe Coding\\TwinPacemaker\cloud_server\venv\Lib\site-packages\greenlet\tests\fail_cpp_exception.py,1018,2026-04-02 05:06:01
D:\\Vibe Coding\\TwinPacemaker\cloud_server\venv\Lib\site-packages\greenlet\tests\fail_initialstub_already_started.py,2039,2026-04-02 05:06:01
D:\\Vibe Coding\\TwinPacemaker\cloud_server\venv\Lib\site-packages\greenlet\tests\fail_slp_switch.py,553,2026-04-02 05:06:01
D:\\Vibe Coding\\TwinPacemaker\cloud_server\venv\Lib\site-packages\greenlet\tests\fail_switch_three_greenlets.py,1000,2026-04-02 05:06:01
D:\\Vibe Coding\\TwinPacemaker\cloud_server\venv\Lib\site-packages\greenlet\tests\fail_switch_three_greenlets2.py,1340,2026-04-02 05:06:01
D:\\Vibe Coding\\TwinPacemaker\cloud_server\venv\Lib\site-packages\greenlet\tests\fail_switch_two_greenlets.py,858,2026-04-02 05:06:01
D:\\Vibe Coding\\TwinPacemaker\cloud_server\venv\Lib\site-packages\greenlet\tests\leakcheck.py,12988,2026-04-02 05:06:01
D:\\Vibe Coding\\TwinPacemaker\cloud_server\venv\Lib\site-packages\greenlet\tests\test_contextvars.py,10853,2026-04-02 05:06:01
D:\\Vibe Coding\\TwinPacemaker\cloud_server\venv\Lib\site-packages\greenlet\tests\test_cpp.py,2809,2026-04-02 05:06:01
D:\\Vibe Coding\\TwinPacemaker\cloud_server\venv\Lib\site-packages\greenlet\tests\test_extension_interface.py,3944,2026-04-02 05:06:01
D:\\Vibe Coding\\TwinPacemaker\cloud_server\venv\Lib\site-packages\greenlet\tests\test_gc.py,3008,2026-04-02 05:06:01
D:\\Vibe Coding\\TwinPacemaker\cloud_server\venv\Lib\site-packages\greenlet\tests\test_generator.py,1299,2026-04-02 05:06:01
D:\\Vibe Coding\\TwinPacemaker\cloud_server\venv\Lib\site-packages\greenlet\tests\test_generator_nested.py,3886,2026-04-02 05:06:01
D:\\Vibe Coding\\TwinPacemaker\cloud_server\venv\Lib\site-packages\greenlet\tests\test_greenlet.py,49804,2026-04-02 05:06:01
D:\\Vibe Coding\\TwinPacemaker\cloud_server\venv\Lib\site-packages\greenlet\tests\test_greenlet_trash.py,8134,2026-04-02 05:06:01
D:\\Vibe Coding\\TwinPacemaker\cloud_server\venv\Lib\site-packages\greenlet\tests\test_interpreter_shutdown.py,12269,2026-04-02 05:06:01
D:\\Vibe Coding\\TwinPacemaker\cloud_server\venv\Lib\site-packages\greenlet\tests\test_leaks.py,19397,2026-04-02 05:06:01
D:\\Vibe Coding\\TwinPacemaker\cloud_server\venv\Lib\site-packages\greenlet\tests\test_stack_saved.py,465,2026-04-02 05:06:01
D:\\Vibe Coding\\TwinPacemaker\cloud_server\venv\Lib\site-packages\greenlet\tests\test_throw.py,3840,2026-04-02 05:06:01
D:\\Vibe Coding\\TwinPacemaker\cloud_server\venv\Lib\site-packages\greenlet\tests\test_tracing.py,8890,2026-04-02 05:06:01
D:\\Vibe Coding\\TwinPacemaker\cloud_server\venv\Lib\site-packages\greenlet\tests\test_version.py,1380,2026-04-02 05:06:01
D:\\Vibe Coding\\TwinPacemaker\cloud_server\venv\Lib\site-packages\greenlet\tests\test_weakref.py,918,2026-04-02 05:06:01
D:\\Vibe Coding\\TwinPacemaker\cloud_server\venv\Lib\site-packages\greenlet\TExceptionState.cpp,1421,2026-04-02 05:06:00
D:\\Vibe Coding\\TwinPacemaker\cloud_server\venv\Lib\site-packages\greenlet\TGreenlet.cpp,26634,2026-04-02 05:06:00
D:\\Vibe Coding\\TwinPacemaker\cloud_server\venv\Lib\site-packages\greenlet\TGreenlet.hpp,29537,2026-04-02 05:06:00
D:\\Vibe Coding\\TwinPacemaker\cloud_server\venv\Lib\site-packages\greenlet\TGreenletGlobals.cpp,3358,2026-04-02 05:06:00
D:\\Vibe Coding\\TwinPacemaker\cloud_server\venv\Lib\site-packages\greenlet\TMainGreenlet.cpp,3580,2026-04-02 05:06:00
D:\\Vibe Coding\\TwinPacemaker\cloud_server\venv\Lib\site-packages\greenlet\TPythonState.cpp,17594,2026-04-02 05:06:00
D:\\Vibe Coding\\TwinPacemaker\cloud_server\venv\Lib\site-packages\greenlet\TStackState.cpp,7646,2026-04-02 05:06:00
D:\\Vibe Coding\\TwinPacemaker\cloud_server\venv\Lib\site-packages\greenlet\TThreadState.hpp,20982,2026-04-02 05:06:00
D:\\Vibe Coding\\TwinPacemaker\cloud_server\venv\Lib\site-packages\greenlet\TThreadStateCreator.hpp,2722,2026-04-02 05:06:00
D:\\Vibe Coding\\TwinPacemaker\cloud_server\venv\Lib\site-packages\greenlet\TThreadStateDestroy.cpp,8618,2026-04-02 05:06:00
D:\\Vibe Coding\\TwinPacemaker\cloud_server\venv\Lib\site-packages\greenlet\TUserGreenlet.cpp,24215,2026-04-02 05:06:00
D:\\Vibe Coding\\TwinPacemaker\cloud_server\venv\Lib\site-packages\h11-0.16.0.dist-info\INSTALLER,4,2026-04-02 05:06:00
D:\\Vibe Coding\\TwinPacemaker\cloud_server\venv\Lib\site-packages\h11-0.16.0.dist-info\licenses\LICENSE.txt,1124,2026-04-02 05:06:00
D:\\Vibe Coding\\TwinPacemaker\cloud_server\venv\Lib\site-packages\h11-0.16.0.dist-info\METADATA,8348,2026-04-02 05:06:00
D:\\Vibe Coding\\TwinPacemaker\cloud_server\venv\Lib\site-packages\h11-0.16.0.dist-info\RECORD,1830,2026-04-02 05:06:00
D:\\Vibe Coding\\TwinPacemaker\cloud_server\venv\Lib\site-packages\h11-0.16.0.dist-info\top_level.txt,4,2026-04-02 05:06:00
D:\\Vibe Coding\\TwinPacemaker\cloud_server\venv\Lib\site-packages\h11-0.16.0.dist-info\WHEEL,91,2026-04-02 05:06:00
D:\\Vibe Coding\\TwinPacemaker\cloud_server\venv\Lib\site-packages\h11\__init__.py,1507,2026-04-02 05:06:00
D:\\Vibe Coding\\TwinPacemaker\cloud_server\venv\Lib\site-packages\h11\_abnf.py,4815,2026-04-02 05:06:00
D:\\Vibe Coding\\TwinPacemaker\cloud_server\venv\Lib\site-packages\h11\_connection.py,26863,2026-04-02 05:06:00
D:\\Vibe Coding\\TwinPacemaker\cloud_server\venv\Lib\site-packages\h11\_events.py,11792,2026-04-02 05:06:00
D:\\Vibe Coding\\TwinPacemaker\cloud_server\venv\Lib\site-packages\h11\_headers.py,10412,2026-04-02 05:06:00
D:\\Vibe Coding\\TwinPacemaker\cloud_server\venv\Lib\site-packages\h11\_readers.py,8590,2026-04-02 05:06:00
D:\\Vibe Coding\\TwinPacemaker\cloud_server\venv\Lib\site-packages\h11\_receivebuffer.py,5252,2026-04-02 05:06:00
D:\\Vibe Coding\\TwinPacemaker\cloud_server\venv\Lib\site-packages\h11\_state.py,13231,2026-04-02 05:06:00
D:\\Vibe Coding\\TwinPacemaker\cloud_server\venv\Lib\site-packages\h11\_util.py,4888,2026-04-02 05:06:00
D:\\Vibe Coding\\TwinPacemaker\cloud_server\venv\Lib\site-packages\h11\_version.py,686,2026-04-02 05:06:00
D:\\Vibe Coding\\TwinPacemaker\cloud_server\venv\Lib\site-packages\h11\_writers.py,5081,2026-04-02 05:06:00
D:\\Vibe Coding\\TwinPacemaker\cloud_server\venv\Lib\site-packages\h11\py.typed,7,2026-04-02 05:06:00
D:\\Vibe Coding\\TwinPacemaker\cloud_server\venv\Lib\site-packages\idna-3.11.dist-info\INSTALLER,4,2026-04-02 05:06:00
D:\\Vibe Coding\\TwinPacemaker\cloud_server\venv\Lib\site-packages\idna-3.11.dist-info\licenses\LICENSE.md,1541,2026-04-02 05:05:59
D:\\Vibe Coding\\TwinPacemaker\cloud_server\venv\Lib\site-packages\idna-3.11.dist-info\METADATA,8378,2026-04-02 05:05:59
D:\\Vibe Coding\\TwinPacemaker\cloud_server\venv\Lib\site-packages\idna-3.11.dist-info\RECORD,1392,2026-04-02 05:06:00
D:\\Vibe Coding\\TwinPacemaker\cloud_server\venv\Lib\site-packages\idna-3.11.dist-info\WHEEL,82,2026-04-02 05:05:59
D:\\Vibe Coding\\TwinPacemaker\cloud_server\venv\Lib\site-packages\idna\__init__.py,868,2026-04-02 05:05:59
D:\\Vibe Coding\\TwinPacemaker\cloud_server\venv\Lib\site-packages\idna\codec.py,3438,2026-04-02 05:05:59
D:\\Vibe Coding\\TwinPacemaker\cloud_server\venv\Lib\site-packages\idna\compat.py,316,2026-04-02 05:05:59
D:\\Vibe Coding\\TwinPacemaker\cloud_server\venv\Lib\site-packages\idna\core.py,13246,2026-04-02 05:05:59
D:\\Vibe Coding\\TwinPacemaker\cloud_server\venv\Lib\site-packages\idna\idnadata.py,79623,2026-04-02 05:05:59
D:\\Vibe Coding\\TwinPacemaker\cloud_server\venv\Lib\site-packages\idna\intranges.py,1898,2026-04-02 05:05:59
D:\\Vibe Coding\\TwinPacemaker\cloud_server\venv\Lib\site-packages\idna\package_data.py,21,2026-04-02 05:05:59
D:\\Vibe Coding\\TwinPacemaker\cloud_server\venv\Lib\site-packages\idna\py.typed,0,2026-04-02 05:05:59
D:\\Vibe Coding\\TwinPacemaker\cloud_server\venv\Lib\site-packages\idna\uts46data.py,243725,2026-04-02 05:05:59
D:\\Vibe Coding\\TwinPacemaker\cloud_server\venv\Lib\site-packages\libfuturize\__init__.py,31,2026-04-02 05:06:02
D:\\Vibe Coding\\TwinPacemaker\cloud_server\venv\Lib\site-packages\libfuturize\fixer_util.py,17357,2026-04-02 05:06:02
D:\\Vibe Coding\\TwinPacemaker\cloud_server\venv\Lib\site-packages\libfuturize\fixes\__init__.py,5236,2026-04-02 05:06:02
D:\\Vibe Coding\\TwinPacemaker\cloud_server\venv\Lib\site-packages\libfuturize\fixes\fix_absolute_import.py,3140,2026-04-02 05:06:02
D:\\Vibe Coding\\TwinPacemaker\cloud_server\venv\Lib\site-packages\libfuturize\fixes\fix_add__future__imports_except_unicode_literals.py,662,2026-04-02 05:06:02
D:\\Vibe Coding\\TwinPacemaker\cloud_server\venv\Lib\site-packages\libfuturize\fixes\fix_basestring.py,394,2026-04-02 05:06:02
D:\\Vibe Coding\\TwinPacemaker\cloud_server\venv\Lib\site-packages\libfuturize\fixes\fix_bytes.py,685,2026-04-02 05:06:02
D:\\Vibe Coding\\TwinPacemaker\cloud_server\venv\Lib\site-packages\libfuturize\fixes\fix_cmp.py,701,2026-04-02 05:06:02
D:\\Vibe Coding\\TwinPacemaker\cloud_server\venv\Lib\site-packages\libfuturize\fixes\fix_division.py,228,2026-04-02 05:06:02
D:\\Vibe Coding\\TwinPacemaker\cloud_server\venv\Lib\site-packages\libfuturize\fixes\fix_division_safe.py,3631,2026-04-02 05:06:02
D:\\Vibe Coding\\TwinPacemaker\cloud_server\venv\Lib\site-packages\libfuturize\fixes\fix_execfile.py,921,2026-04-02 05:06:02
D:\\Vibe Coding\\TwinPacemaker\cloud_server\venv\Lib\site-packages\libfuturize\fixes\fix_future_builtins.py,2027,2026-04-02 05:06:02
D:\\Vibe Coding\\TwinPacemaker\cloud_server\venv\Lib\site-packages\libfuturize\fixes\fix_future_standard_library.py,733,2026-04-02 05:06:02
D:\\Vibe Coding\\TwinPacemaker\cloud_server\venv\Lib\site-packages\libfuturize\fixes\fix_future_standard_library_urllib.py,1001,2026-04-02 05:06:02
D:\\Vibe Coding\\TwinPacemaker\cloud_server\venv\Lib\site-packages\libfuturize\fixes\fix_input.py,687,2026-04-02 05:06:02
D:\\Vibe Coding\\TwinPacemaker\cloud_server\venv\Lib\site-packages\libfuturize\fixes\fix_metaclass.py,9570,2026-04-02 05:06:02
D:\\Vibe Coding\\TwinPacemaker\cloud_server\venv\Lib\site-packages\libfuturize\fixes\fix_next_call.py,3158,2026-04-02 05:06:02
D:\\Vibe Coding\\TwinPacemaker\cloud_server\venv\Lib\site-packages\libfuturize\fixes\fix_object.py,407,2026-04-02 05:06:02
D:\\Vibe Coding\\TwinPacemaker\cloud_server\venv\Lib\site-packages\libfuturize\fixes\fix_oldstr_wrap.py,1214,2026-04-02 05:06:02
D:\\Vibe Coding\\TwinPacemaker\cloud_server\venv\Lib\site-packages\libfuturize\fixes\fix_order___future__imports.py,829,2026-04-02 05:06:02
D:\\Vibe Coding\\TwinPacemaker\cloud_server\venv\Lib\site-packages\libfuturize\fixes\fix_print.py,3881,2026-04-02 05:06:02
D:\\Vibe Coding\\TwinPacemaker\cloud_server\venv\Lib\site-packages\libfuturize\fixes\fix_print_with_import.py,735,2026-04-02 05:06:02
D:\\Vibe Coding\\TwinPacemaker\cloud_server\venv\Lib\site-packages\libfuturize\fixes\fix_raise.py,3904,2026-04-02 05:06:02
D:\\Vibe Coding\\TwinPacemaker\cloud_server\venv\Lib\site-packages\libfuturize\fixes\fix_remove_old__future__imports.py,851,2026-04-02 05:06:02
D:\\Vibe Coding\\TwinPacemaker\cloud_server\venv\Lib\site-packages\libfuturize\fixes\fix_unicode_keep_u.py,779,2026-04-02 05:06:02
D:\\Vibe Coding\\TwinPacemaker\cloud_server\venv\Lib\site-packages\libfuturize\fixes\fix_unicode_literals_import.py,367,2026-04-02 05:06:02
D:\\Vibe Coding\\TwinPacemaker\cloud_server\venv\Lib\site-packages\libfuturize\fixes\fix_UserDict.py,3840,2026-04-02 05:06:02
D:\\Vibe Coding\\TwinPacemaker\cloud_server\venv\Lib\site-packages\libfuturize\fixes\fix_xrange_with_import.py,479,2026-04-02 05:06:02
D:\\Vibe Coding\\TwinPacemaker\cloud_server\venv\Lib\site-packages\libfuturize\main.py,13733,2026-04-02 05:06:02
D:\\Vibe Coding\\TwinPacemaker\cloud_server\venv\Lib\site-packages\libpasteurize\__init__.py,31,2026-04-02 05:06:02
D:\\Vibe Coding\\TwinPacemaker\cloud_server\venv\Lib\site-packages\libpasteurize\fixes\__init__.py,3719,2026-04-02 05:06:02
D:\\Vibe Coding\\TwinPacemaker\cloud_server\venv\Lib\site-packages\libpasteurize\fixes\feature_base.py,1723,2026-04-02 05:06:02
D:\\Vibe Coding\\TwinPacemaker\cloud_server\venv\Lib\site-packages\libpasteurize\fixes\fix_add_all__future__imports.py,676,2026-04-02 05:06:02
D:\\Vibe Coding\\TwinPacemaker\cloud_server\venv\Lib\site-packages\libpasteurize\fixes\fix_add_all_future_builtins.py,1269,2026-04-02 05:06:02
D:\\Vibe Coding\\TwinPacemaker\cloud_server\venv\Lib\site-packages\libpasteurize\fixes\fix_add_future_standard_library_import.py,663,2026-04-02 05:06:02
D:\\Vibe Coding\\TwinPacemaker\cloud_server\venv\Lib\site-packages\libpasteurize\fixes\fix_annotations.py,1581,2026-04-02 05:06:02
D:\\Vibe Coding\\TwinPacemaker\cloud_server\venv\Lib\site-packages\libpasteurize\fixes\fix_division.py,904,2026-04-02 05:06:02
D:\\Vibe Coding\\TwinPacemaker\cloud_server\venv\Lib\site-packages\libpasteurize\fixes\fix_features.py,2675,2026-04-02 05:06:02
D:\\Vibe Coding\\TwinPacemaker\cloud_server\venv\Lib\site-packages\libpasteurize\fixes\fix_fullargspec.py,438,2026-04-02 05:06:02
D:\\Vibe Coding\\TwinPacemaker\cloud_server\venv\Lib\site-packages\libpasteurize\fixes\fix_future_builtins.py,1450,2026-04-02 05:06:02
D:\\Vibe Coding\\TwinPacemaker\cloud_server\venv\Lib\site-packages\libpasteurize\fixes\fix_getcwd.py,873,2026-04-02 05:06:02
D:\\Vibe Coding\\TwinPacemaker\cloud_server\venv\Lib\site-packages\libpasteurize\fixes\fix_imports.py,5026,2026-04-02 05:06:02
D:\\Vibe Coding\\TwinPacemaker\cloud_server\venv\Lib\site-packages\libpasteurize\fixes\fix_imports2.py,8580,2026-04-02 05:06:02
D:\\Vibe Coding\\TwinPacemaker\cloud_server\venv\Lib\site-packages\libpasteurize\fixes\fix_kwargs.py,5991,2026-04-02 05:06:02
D:\\Vibe Coding\\TwinPacemaker\cloud_server\venv\Lib\site-packages\libpasteurize\fixes\fix_memoryview.py,551,2026-04-02 05:06:02
D:\\Vibe Coding\\TwinPacemaker\cloud_server\venv\Lib\site-packages\libpasteurize\fixes\fix_metaclass.py,3260,2026-04-02 05:06:02
D:\\Vibe Coding\\TwinPacemaker\cloud_server\venv\Lib\site-packages\libpasteurize\fixes\fix_newstyle.py,888,2026-04-02 05:06:02
D:\\Vibe Coding\\TwinPacemaker\cloud_server\venv\Lib\site-packages\libpasteurize\fixes\fix_next.py,1233,2026-04-02 05:06:02
D:\\Vibe Coding\\TwinPacemaker\cloud_server\venv\Lib\site-packages\libpasteurize\fixes\fix_printfunction.py,401,2026-04-02 05:06:02
D:\\Vibe Coding\\TwinPacemaker\cloud_server\venv\Lib\site-packages\libpasteurize\fixes\fix_raise.py,1099,2026-04-02 05:06:02
D:\\Vibe Coding\\TwinPacemaker\cloud_server\venv\Lib\site-packages\libpasteurize\fixes\fix_raise_.py,1225,2026-04-02 05:06:02
D:\\Vibe Coding\\TwinPacemaker\cloud_server\venv\Lib\site-packages\libpasteurize\fixes\fix_throw.py,835,2026-04-02 05:06:02
D:\\Vibe Coding\\TwinPacemaker\cloud_server\venv\Lib\site-packages\libpasteurize\fixes\fix_unpacking.py,6041,2026-04-02 05:06:02
D:\\Vibe Coding\\TwinPacemaker\cloud_server\venv\Lib\site-packages\libpasteurize\main.py,8186,2026-04-02 05:06:02
D:\\Vibe Coding\\TwinPacemaker\cloud_server\venv\Lib\site-packages\paho\__init__.py,0,2026-04-05 21:11:15
D:\\Vibe Coding\\TwinPacemaker\cloud_server\venv\Lib\site-packages\paho\mqtt\__init__.py,65,2026-04-05 21:11:15
D:\\Vibe Coding\\TwinPacemaker\cloud_server\venv\Lib\site-packages\paho\mqtt\client.py,202624,2026-04-05 21:11:15
D:\\Vibe Coding\\TwinPacemaker\cloud_server\venv\Lib\site-packages\paho\mqtt\enums.py,2977,2026-04-05 21:11:15
D:\\Vibe Coding\\TwinPacemaker\cloud_server\venv\Lib\site-packages\paho\mqtt\matcher.py,2783,2026-04-05 21:11:15
D:\\Vibe Coding\\TwinPacemaker\cloud_server\venv\Lib\site-packages\paho\mqtt\packettypes.py,1453,2026-04-05 21:11:15
D:\\Vibe Coding\\TwinPacemaker\cloud_server\venv\Lib\site-packages\paho\mqtt\properties.py,17369,2026-04-05 21:11:15
D:\\Vibe Coding\\TwinPacemaker\cloud_server\venv\Lib\site-packages\paho\mqtt\publish.py,11576,2026-04-05 21:11:15
D:\\Vibe Coding\\TwinPacemaker\cloud_server\venv\Lib\site-packages\paho\mqtt\py.typed,0,2026-04-05 21:11:15
D:\\Vibe Coding\\TwinPacemaker\cloud_server\venv\Lib\site-packages\paho\mqtt\reasoncodes.py,9648,2026-04-05 21:11:15
D:\\Vibe Coding\\TwinPacemaker\cloud_server\venv\Lib\site-packages\paho\mqtt\subscribe.py,11667,2026-04-05 21:11:15
D:\\Vibe Coding\\TwinPacemaker\cloud_server\venv\Lib\site-packages\paho\mqtt\subscribeoptions.py,4846,2026-04-05 21:11:15
D:\\Vibe Coding\\TwinPacemaker\cloud_server\venv\Lib\site-packages\paho_mqtt-2.1.0.dist-info\INSTALLER,4,2026-04-05 21:11:15
D:\\Vibe Coding\\TwinPacemaker\cloud_server\venv\Lib\site-packages\paho_mqtt-2.1.0.dist-info\licenses\LICENSE.txt,156,2026-04-05 21:11:15
D:\\Vibe Coding\\TwinPacemaker\cloud_server\venv\Lib\site-packages\paho_mqtt-2.1.0.dist-info\METADATA,23463,2026-04-05 21:11:15
D:\\Vibe Coding\\TwinPacemaker\cloud_server\venv\Lib\site-packages\paho_mqtt-2.1.0.dist-info\RECORD,2001,2026-04-05 21:11:15
D:\\Vibe Coding\\TwinPacemaker\cloud_server\venv\Lib\site-packages\paho_mqtt-2.1.0.dist-info\REQUESTED,0,2026-04-05 21:11:15
D:\\Vibe Coding\\TwinPacemaker\cloud_server\venv\Lib\site-packages\paho_mqtt-2.1.0.dist-info\WHEEL,87,2026-04-05 21:11:15
D:\\Vibe Coding\\TwinPacemaker\cloud_server\venv\Lib\site-packages\past\__init__.py,2892,2026-04-02 05:06:02
D:\\Vibe Coding\\TwinPacemaker\cloud_server\venv\Lib\site-packages\past\builtins\__init__.py,1805,2026-04-02 05:06:02
D:\\Vibe Coding\\TwinPacemaker\cloud_server\venv\Lib\site-packages\past\builtins\misc.py,5598,2026-04-02 05:06:02
D:\\Vibe Coding\\TwinPacemaker\cloud_server\venv\Lib\site-packages\past\builtins\noniterators.py,9370,2026-04-02 05:06:02
D:\\Vibe Coding\\TwinPacemaker\cloud_server\venv\Lib\site-packages\past\translation\__init__.py,14914,2026-04-02 05:06:02
D:\\Vibe Coding\\TwinPacemaker\cloud_server\venv\Lib\site-packages\past\types\__init__.py,879,2026-04-02 05:06:02
D:\\Vibe Coding\\TwinPacemaker\cloud_server\venv\Lib\site-packages\past\types\basestring.py,774,2026-04-02 05:06:02
D:\\Vibe Coding\\TwinPacemaker\cloud_server\venv\Lib\site-packages\past\types\olddict.py,2721,2026-04-02 05:06:02
D:\\Vibe Coding\\TwinPacemaker\cloud_server\venv\Lib\site-packages\past\types\oldstr.py,4333,2026-04-02 05:06:02
D:\\Vibe Coding\\TwinPacemaker\cloud_server\venv\Lib\site-packages\past\utils\__init__.py,2633,2026-04-02 05:06:02
D:\\Vibe Coding\\TwinPacemaker\cloud_server\venv\Lib\site-packages\pip-24.0.dist-info\AUTHORS.txt,10388,2026-04-02 05:05:17
D:\\Vibe Coding\\TwinPacemaker\cloud_server\venv\Lib\site-packages\pip-24.0.dist-info\entry_points.txt,125,2026-04-02 05:05:17
D:\\Vibe Coding\\TwinPacemaker\cloud_server\venv\Lib\site-packages\pip-24.0.dist-info\INSTALLER,4,2026-04-02 05:05:31
D:\\Vibe Coding\\TwinPacemaker\cloud_server\venv\Lib\site-packages\pip-24.0.dist-info\LICENSE.txt,1093,2026-04-02 05:05:17
D:\\Vibe Coding\\TwinPacemaker\cloud_server\venv\Lib\site-packages\pip-24.0.dist-info\METADATA,3581,2026-04-02 05:05:17
D:\\Vibe Coding\\TwinPacemaker\cloud_server\venv\Lib\site-packages\pip-24.0.dist-info\RECORD,78960,2026-04-02 05:05:32
D:\\Vibe Coding\\TwinPacemaker\cloud_server\venv\Lib\site-packages\pip-24.0.dist-info\REQUESTED,0,2026-04-02 05:05:31
D:\\Vibe Coding\\TwinPacemaker\cloud_server\venv\Lib\site-packages\pip-24.0.dist-info\top_level.txt,4,2026-04-02 05:05:17
D:\\Vibe Coding\\TwinPacemaker\cloud_server\venv\Lib\site-packages\pip-24.0.dist-info\WHEEL,92,2026-04-02 05:05:17
D:\\Vibe Coding\\TwinPacemaker\cloud_server\venv\Lib\site-packages\pip\__init__.py,355,2026-04-02 05:05:16
D:\\Vibe Coding\\TwinPacemaker\cloud_server\venv\Lib\site-packages\pip\__main__.py,854,2026-04-02 05:05:16
D:\\Vibe Coding\\TwinPacemaker\cloud_server\venv\Lib\site-packages\pip\__pip-runner__.py,1444,2026-04-02 05:05:16
D:\\Vibe Coding\\TwinPacemaker\cloud_server\venv\Lib\site-packages\pip\_internal\__init__.py,515,2026-04-02 05:05:16
D:\\Vibe Coding\\TwinPacemaker\cloud_server\venv\Lib\site-packages\pip\_internal\build_env.py,10243,2026-04-02 05:05:16
D:\\Vibe Coding\\TwinPacemaker\cloud_server\venv\Lib\site-packages\pip\_internal\cache.py,10370,2026-04-02 05:05:16
D:\\Vibe Coding\\TwinPacemaker\cloud_server\venv\Lib\site-packages\pip\_internal\cli\__init__.py,132,2026-04-02 05:05:16
D:\\Vibe Coding\\TwinPacemaker\cloud_server\venv\Lib\site-packages\pip\_internal\cli\autocompletion.py,6690,2026-04-02 05:05:16
D:\\Vibe Coding\\TwinPacemaker\cloud_server\venv\Lib\site-packages\pip\_internal\cli\base_command.py,8733,2026-04-02 05:05:16
D:\\Vibe Coding\\TwinPacemaker\cloud_server\venv\Lib\site-packages\pip\_internal\cli\cmdoptions.py,30064,2026-04-02 05:05:16
D:\\Vibe Coding\\TwinPacemaker\cloud_server\venv\Lib\site-packages\pip\_internal\cli\command_context.py,774,2026-04-02 05:05:16
D:\\Vibe Coding\\TwinPacemaker\cloud_server\venv\Lib\site-packages\pip\_internal\cli\main.py,2816,2026-04-02 05:05:16
D:\\Vibe Coding\\TwinPacemaker\cloud_server\venv\Lib\site-packages\pip\_internal\cli\main_parser.py,4338,2026-04-02 05:05:16
D:\\Vibe Coding\\TwinPacemaker\cloud_server\venv\Lib\site-packages\pip\_internal\cli\parser.py,10781,2026-04-02 05:05:16
D:\\Vibe Coding\\TwinPacemaker\cloud_server\venv\Lib\site-packages\pip\_internal\cli\progress_bars.py,1968,2026-04-02 05:05:16
D:\\Vibe Coding\\TwinPacemaker\cloud_server\venv\Lib\site-packages\pip\_internal\cli\req_command.py,18369,2026-04-02 05:05:16
D:\\Vibe Coding\\TwinPacemaker\cloud_server\venv\Lib\site-packages\pip\_internal\cli\spinners.py,5118,2026-04-02 05:05:16
D:\\Vibe Coding\\TwinPacemaker\cloud_server\venv\Lib\site-packages\pip\_internal\cli\status_codes.py,116,2026-04-02 05:05:16
D:\\Vibe Coding\\TwinPacemaker\cloud_server\venv\Lib\site-packages\pip\_internal\commands\__init__.py,3882,2026-04-02 05:05:16
D:\\Vibe Coding\\TwinPacemaker\cloud_server\venv\Lib\site-packages\pip\_internal\commands\cache.py,7944,2026-04-02 05:05:16
D:\\Vibe Coding\\TwinPacemaker\cloud_server\venv\Lib\site-packages\pip\_internal\commands\check.py,1782,2026-04-02 05:05:16
D:\\Vibe Coding\\TwinPacemaker\cloud_server\venv\Lib\site-packages\pip\_internal\commands\completion.py,4287,2026-04-02 05:05:16
D:\\Vibe Coding\\TwinPacemaker\cloud_server\venv\Lib\site-packages\pip\_internal\commands\configuration.py,9766,2026-04-02 05:05:16
D:\\Vibe Coding\\TwinPacemaker\cloud_server\venv\Lib\site-packages\pip\_internal\commands\debug.py,6777,2026-04-02 05:05:16
D:\\Vibe Coding\\TwinPacemaker\cloud_server\venv\Lib\site-packages\pip\_internal\commands\download.py,5335,2026-04-02 05:05:16
D:\\Vibe Coding\\TwinPacemaker\cloud_server\venv\Lib\site-packages\pip\_internal\commands\freeze.py,3172,2026-04-02 05:05:16
D:\\Vibe Coding\\TwinPacemaker\cloud_server\venv\Lib\site-packages\pip\_internal\commands\hash.py,1703,2026-04-02 05:05:16
D:\\Vibe Coding\\TwinPacemaker\cloud_server\venv\Lib\site-packages\pip\_internal\commands\help.py,1132,2026-04-02 05:05:16
D:\\Vibe Coding\\TwinPacemaker\cloud_server\venv\Lib\site-packages\pip\_internal\commands\index.py,4775,2026-04-02 05:05:16
D:\\Vibe Coding\\TwinPacemaker\cloud_server\venv\Lib\site-packages\pip\_internal\commands\inspect.py,3188,2026-04-02 05:05:16
D:\\Vibe Coding\\TwinPacemaker\cloud_server\venv\Lib\site-packages\pip\_internal\commands\install.py,28782,2026-04-02 05:05:16
D:\\Vibe Coding\\TwinPacemaker\cloud_server\venv\Lib\site-packages\pip\_internal\commands\list.py,12450,2026-04-02 05:05:16
D:\\Vibe Coding\\TwinPacemaker\cloud_server\venv\Lib\site-packages\pip\_internal\commands\search.py,5697,2026-04-02 05:05:16
D:\\Vibe Coding\\TwinPacemaker\cloud_server\venv\Lib\site-packages\pip\_internal\commands\show.py,6419,2026-04-02 05:05:16
D:\\Vibe Coding\\TwinPacemaker\cloud_server\venv\Lib\site-packages\pip\_internal\commands\uninstall.py,3886,2026-04-02 05:05:16
D:\\Vibe Coding\\TwinPacemaker\cloud_server\venv\Lib\site-packages\pip\_internal\commands\wheel.py,6476,2026-04-02 05:05:16
D:\\Vibe Coding\\TwinPacemaker\cloud_server\venv\Lib\site-packages\pip\_internal\configuration.py,14006,2026-04-02 05:05:16
D:\\Vibe Coding\\TwinPacemaker\cloud_server\venv\Lib\site-packages\pip\_internal\distributions\__init__.py,858,2026-04-02 05:05:16
D:\\Vibe Coding\\TwinPacemaker\cloud_server\venv\Lib\site-packages\pip\_internal\distributions\base.py,1743,2026-04-02 05:05:16
D:\\Vibe Coding\\TwinPacemaker\cloud_server\venv\Lib\site-packages\pip\_internal\distributions\installed.py,842,2026-04-02 05:05:16
D:\\Vibe Coding\\TwinPacemaker\cloud_server\venv\Lib\site-packages\pip\_internal\distributions\sdist.py,6709,2026-04-02 05:05:16
D:\\Vibe Coding\\TwinPacemaker\cloud_server\venv\Lib\site-packages\pip\_internal\distributions\wheel.py,1277,2026-04-02 05:05:16
D:\\Vibe Coding\\TwinPacemaker\cloud_server\venv\Lib\site-packages\pip\_internal\exceptions.py,23634,2026-04-02 05:05:16
D:\\Vibe Coding\\TwinPacemaker\cloud_server\venv\Lib\site-packages\pip\_internal\index\__init__.py,30,2026-04-02 05:05:16
D:\\Vibe Coding\\TwinPacemaker\cloud_server\venv\Lib\site-packages\pip\_internal\index\collector.py,16590,2026-04-02 05:05:16
D:\\Vibe Coding\\TwinPacemaker\cloud_server\venv\Lib\site-packages\pip\_internal\index\package_finder.py,37843,2026-04-02 05:05:16
D:\\Vibe Coding\\TwinPacemaker\cloud_server\venv\Lib\site-packages\pip\_internal\index\sources.py,8688,2026-04-02 05:05:16
D:\\Vibe Coding\\TwinPacemaker\cloud_server\venv\Lib\site-packages\pip\_internal\locations\__init__.py,15365,2026-04-02 05:05:16
D:\\Vibe Coding\\TwinPacemaker\cloud_server\venv\Lib\site-packages\pip\_internal\locations\_distutils.py,6009,2026-04-02 05:05:16
D:\\Vibe Coding\\TwinPacemaker\cloud_server\venv\Lib\site-packages\pip\_internal\locations\_sysconfig.py,7680,2026-04-02 05:05:16
D:\\Vibe Coding\\TwinPacemaker\cloud_server\venv\Lib\site-packages\pip\_internal\locations\base.py,2556,2026-04-02 05:05:16
D:\\Vibe Coding\\TwinPacemaker\cloud_server\venv\Lib\site-packages\pip\_internal\main.py,340,2026-04-02 05:05:16
D:\\Vibe Coding\\TwinPacemaker\cloud_server\venv\Lib\site-packages\pip\_internal\metadata\__init__.py,4339,2026-04-02 05:05:16
D:\\Vibe Coding\\TwinPacemaker\cloud_server\venv\Lib\site-packages\pip\_internal\metadata\_json.py,2627,2026-04-02 05:05:16
D:\\Vibe Coding\\TwinPacemaker\cloud_server\venv\Lib\site-packages\pip\_internal\metadata\base.py,25907,2026-04-02 05:05:16
D:\\Vibe Coding\\TwinPacemaker\cloud_server\venv\Lib\site-packages\pip\_internal\metadata\importlib\__init__.py,135,2026-04-02 05:05:16
D:\\Vibe Coding\\TwinPacemaker\cloud_server\venv\Lib\site-packages\pip\_internal\metadata\importlib\_compat.py,1882,2026-04-02 05:05:16
D:\\Vibe Coding\\TwinPacemaker\cloud_server\venv\Lib\site-packages\pip\_internal\metadata\importlib\_dists.py,8297,2026-04-02 05:05:16
D:\\Vibe Coding\\TwinPacemaker\cloud_server\venv\Lib\site-packages\pip\_internal\metadata\importlib\_envs.py,7456,2026-04-02 05:05:16
D:\\Vibe Coding\\TwinPacemaker\cloud_server\venv\Lib\site-packages\pip\_internal\metadata\pkg_resources.py,10035,2026-04-02 05:05:16
D:\\Vibe Coding\\TwinPacemaker\cloud_server\venv\Lib\site-packages\pip\_internal\models\__init__.py,63,2026-04-02 05:05:16
D:\\Vibe Coding\\TwinPacemaker\cloud_server\venv\Lib\site-packages\pip\_internal\models\candidate.py,931,2026-04-02 05:05:16
D:\\Vibe Coding\\TwinPacemaker\cloud_server\venv\Lib\site-packages\pip\_internal\models\direct_url.py,6889,2026-04-02 05:05:16
D:\\Vibe Coding\\TwinPacemaker\cloud_server\venv\Lib\site-packages\pip\_internal\models\format_control.py,2486,2026-04-02 05:05:16
D:\\Vibe Coding\\TwinPacemaker\cloud_server\venv\Lib\site-packages\pip\_internal\models\index.py,1030,2026-04-02 05:05:17
D:\\Vibe Coding\\TwinPacemaker\cloud_server\venv\Lib\site-packages\pip\_internal\models\installation_report.py,2818,2026-04-02 05:05:17
D:\\Vibe Coding\\TwinPacemaker\cloud_server\venv\Lib\site-packages\pip\_internal\models\link.py,20777,2026-04-02 05:05:17
D:\\Vibe Coding\\TwinPacemaker\cloud_server\venv\Lib\site-packages\pip\_internal\models\scheme.py,738,2026-04-02 05:05:17
D:\\Vibe Coding\\TwinPacemaker\cloud_server\venv\Lib\site-packages\pip\_internal\models\search_scope.py,4643,2026-04-02 05:05:17
D:\\Vibe Coding\\TwinPacemaker\cloud_server\venv\Lib\site-packages\pip\_internal\models\selection_prefs.py,1907,2026-04-02 05:05:17
D:\\Vibe Coding\\TwinPacemaker\cloud_server\venv\Lib\site-packages\pip\_internal\models\target_python.py,4272,2026-04-02 05:05:17
D:\\Vibe Coding\\TwinPacemaker\cloud_server\venv\Lib\site-packages\pip\_internal\models\wheel.py,3600,2026-04-02 05:05:17
D:\\Vibe Coding\\TwinPacemaker\cloud_server\venv\Lib\site-packages\pip\_internal\network\__init__.py,50,2026-04-02 05:05:17
D:\\Vibe Coding\\TwinPacemaker\cloud_server\venv\Lib\site-packages\pip\_internal\network\auth.py,20541,2026-04-02 05:05:17
D:\\Vibe Coding\\TwinPacemaker\cloud_server\venv\Lib\site-packages\pip\_internal\network\cache.py,3935,2026-04-02 05:05:17
D:\\Vibe Coding\\TwinPacemaker\cloud_server\venv\Lib\site-packages\pip\_internal\network\download.py,6086,2026-04-02 05:05:17
D:\\Vibe Coding\\TwinPacemaker\cloud_server\venv\Lib\site-packages\pip\_internal\network\lazy_wheel.py,7638,2026-04-02 05:05:17
D:\\Vibe Coding\\TwinPacemaker\cloud_server\venv\Lib\site-packages\pip\_internal\network\session.py,18698,2026-04-02 05:05:17
D:\\Vibe Coding\\TwinPacemaker\cloud_server\venv\Lib\site-packages\pip\_internal\network\utils.py,4073,2026-04-02 05:05:17
D:\\Vibe Coding\\TwinPacemaker\cloud_server\venv\Lib\site-packages\pip\_internal\network\xmlrpc.py,1838,2026-04-02 05:05:17
D:\\Vibe Coding\\TwinPacemaker\cloud_server\venv\Lib\site-packages\pip\_internal\operations\__init__.py,0,2026-04-02 05:05:17
D:\\Vibe Coding\\TwinPacemaker\cloud_server\venv\Lib\site-packages\pip\_internal\operations\check.py,6806,2026-04-02 05:05:17
D:\\Vibe Coding\\TwinPacemaker\cloud_server\venv\Lib\site-packages\pip\_internal\operations\freeze.py,9816,2026-04-02 05:05:17
D:\\Vibe Coding\\TwinPacemaker\cloud_server\venv\Lib\site-packages\pip\_internal\operations\install\__init__.py,51,2026-04-02 05:05:17
D:\\Vibe Coding\\TwinPacemaker\cloud_server\venv\Lib\site-packages\pip\_internal\operations\install\editable_legacy.py,1282,2026-04-02 05:05:17
D:\\Vibe Coding\\TwinPacemaker\cloud_server\venv\Lib\site-packages\pip\_internal\operations\install\wheel.py,27311,2026-04-02 05:05:17
D:\\Vibe Coding\\TwinPacemaker\cloud_server\venv\Lib\site-packages\pip\_internal\operations\prepare.py,28128,2026-04-02 05:05:17
D:\\Vibe Coding\\TwinPacemaker\cloud_server\venv\Lib\site-packages\pip\_internal\pyproject.py,7152,2026-04-02 05:05:16
D:\\Vibe Coding\\TwinPacemaker\cloud_server\venv\Lib\site-packages\pip\_internal\req\__init__.py,2738,2026-04-02 05:05:17
D:\\Vibe Coding\\TwinPacemaker\cloud_server\venv\Lib\site-packages\pip\_internal\req\constructors.py,19018,2026-04-02 05:05:17
D:\\Vibe Coding\\TwinPacemaker\cloud_server\venv\Lib\site-packages\pip\_internal\req\req_file.py,17790,2026-04-02 05:05:17
D:\\Vibe Coding\\TwinPacemaker\cloud_server\venv\Lib\site-packages\pip\_internal\req\req_install.py,35460,2026-04-02 05:05:17
D:\\Vibe Coding\\TwinPacemaker\cloud_server\venv\Lib\site-packages\pip\_internal\req\req_set.py,4704,2026-04-02 05:05:17
D:\\Vibe Coding\\TwinPacemaker\cloud_server\venv\Lib\site-packages\pip\_internal\req\req_uninstall.py,24551,2026-04-02 05:05:17
D:\\Vibe Coding\\TwinPacemaker\cloud_server\venv\Lib\site-packages\pip\_internal\resolution\__init__.py,0,2026-04-02 05:05:17
D:\\Vibe Coding\\TwinPacemaker\cloud_server\venv\Lib\site-packages\pip\_internal\resolution\base.py,583,2026-04-02 05:05:17
D:\\Vibe Coding\\TwinPacemaker\cloud_server\venv\Lib\site-packages\pip\_internal\resolution\legacy\__init__.py,0,2026-04-02 05:05:17
D:\\Vibe Coding\\TwinPacemaker\cloud_server\venv\Lib\site-packages\pip\_internal\resolution\legacy\resolver.py,24025,2026-04-02 05:05:17
D:\\Vibe Coding\\TwinPacemaker\cloud_server\venv\Lib\site-packages\pip\_internal\resolution\resolvelib\__init__.py,0,2026-04-02 05:05:17
D:\\Vibe Coding\\TwinPacemaker\cloud_server\venv\Lib\site-packages\pip\_internal\resolution\resolvelib\base.py,5173,2026-04-02 05:05:17
D:\\Vibe Coding\\TwinPacemaker\cloud_server\venv\Lib\site-packages\pip\_internal\resolution\resolvelib\candidates.py,21052,2026-04-02 05:05:17
D:\\Vibe Coding\\TwinPacemaker\cloud_server\venv\Lib\site-packages\pip\_internal\resolution\resolvelib\factory.py,32292,2026-04-02 05:05:17
D:\\Vibe Coding\\TwinPacemaker\cloud_server\venv\Lib\site-packages\pip\_internal\resolution\resolvelib\found_candidates.py,5705,2026-04-02 05:05:17
D:\\Vibe Coding\\TwinPacemaker\cloud_server\venv\Lib\site-packages\pip\_internal\resolution\resolvelib\provider.py,9824,2026-04-02 05:05:17
D:\\Vibe Coding\\TwinPacemaker\cloud_server\venv\Lib\site-packages\pip\_internal\resolution\resolvelib\reporter.py,3100,2026-04-02 05:05:17
D:\\Vibe Coding\\TwinPacemaker\cloud_server\venv\Lib\site-packages\pip\_internal\resolution\resolvelib\requirements.py,5696,2026-04-02 05:05:17
D:\\Vibe Coding\\TwinPacemaker\cloud_server\venv\Lib\site-packages\pip\_internal\resolution\resolvelib\resolver.py,12592,2026-04-02 05:05:17
D:\\Vibe Coding\\TwinPacemaker\cloud_server\venv\Lib\site-packages\pip\_internal\self_outdated_check.py,8378,2026-04-02 05:05:16
D:\\Vibe Coding\\TwinPacemaker\cloud_server\venv\Lib\site-packages\pip\_internal\utils\__init__.py,0,2026-04-02 05:05:17
D:\\Vibe Coding\\TwinPacemaker\cloud_server\venv\Lib\site-packages\pip\_internal\utils\_jaraco_text.py,3351,2026-04-02 05:05:17
D:\\Vibe Coding\\TwinPacemaker\cloud_server\venv\Lib\site-packages\pip\_internal\utils\_log.py,1015,2026-04-02 05:05:17
D:\\Vibe Coding\\TwinPacemaker\cloud_server\venv\Lib\site-packages\pip\_internal\utils\appdirs.py,1665,2026-04-02 05:05:17
D:\\Vibe Coding\\TwinPacemaker\cloud_server\venv\Lib\site-packages\pip\_internal\utils\compat.py,1884,2026-04-02 05:05:17
D:\\Vibe Coding\\TwinPacemaker\cloud_server\venv\Lib\site-packages\pip\_internal\utils\compatibility_tags.py,5377,2026-04-02 05:05:17
D:\\Vibe Coding\\TwinPacemaker\cloud_server\venv\Lib\site-packages\pip\_internal\utils\datetime.py,242,2026-04-02 05:05:17
D:\\Vibe Coding\\TwinPacemaker\cloud_server\venv\Lib\site-packages\pip\_internal\utils\deprecation.py,3627,2026-04-02 05:05:17
D:\\Vibe Coding\\TwinPacemaker\cloud_server\venv\Lib\site-packages\pip\_internal\utils\direct_url_helpers.py,3206,2026-04-02 05:05:17
D:\\Vibe Coding\\TwinPacemaker\cloud_server\venv\Lib\site-packages\pip\_internal\utils\egg_link.py,2463,2026-04-02 05:05:17
D:\\Vibe Coding\\TwinPacemaker\cloud_server\venv\Lib\site-packages\pip\_internal\utils\encoding.py,1169,2026-04-02 05:05:17
D:\\Vibe Coding\\TwinPacemaker\cloud_server\venv\Lib\site-packages\pip\_internal\utils\entrypoints.py,3064,2026-04-02 05:05:17
D:\\Vibe Coding\\TwinPacemaker\cloud_server\venv\Lib\site-packages\pip\_internal\utils\filesystem.py,5122,2026-04-02 05:05:17
D:\\Vibe Coding\\TwinPacemaker\cloud_server\venv\Lib\site-packages\pip\_internal\utils\filetypes.py,716,2026-04-02 05:05:17
D:\\Vibe Coding\\TwinPacemaker\cloud_server\venv\Lib\site-packages\pip\_internal\utils\glibc.py,3113,2026-04-02 05:05:17
D:\\Vibe Coding\\TwinPacemaker\cloud_server\venv\Lib\site-packages\pip\_internal\utils\hashes.py,5118,2026-04-02 05:05:17
D:\\Vibe Coding\\TwinPacemaker\cloud_server\venv\Lib\site-packages\pip\_internal\utils\logging.py,11603,2026-04-02 05:05:17
D:\\Vibe Coding\\TwinPacemaker\cloud_server\venv\Lib\site-packages\pip\_internal\utils\misc.py,23623,2026-04-02 05:05:17
D:\\Vibe Coding\\TwinPacemaker\cloud_server\venv\Lib\site-packages\pip\_internal\utils\models.py,1193,2026-04-02 05:05:17
D:\\Vibe Coding\\TwinPacemaker\cloud_server\venv\Lib\site-packages\pip\_internal\utils\packaging.py,2108,2026-04-02 05:05:17
D:\\Vibe Coding\\TwinPacemaker\cloud_server\venv\Lib\site-packages\pip\_internal\utils\setuptools_build.py,4435,2026-04-02 05:05:17
D:\\Vibe Coding\\TwinPacemaker\cloud_server\venv\Lib\site-packages\pip\_internal\utils\subprocess.py,9207,2026-04-02 05:05:17
D:\\Vibe Coding\\TwinPacemaker\cloud_server\venv\Lib\site-packages\pip\_internal\utils\temp_dir.py,9312,2026-04-02 05:05:17
D:\\Vibe Coding\\TwinPacemaker\cloud_server\venv\Lib\site-packages\pip\_internal\utils\unpacking.py,8821,2026-04-02 05:05:17
D:\\Vibe Coding\\TwinPacemaker\cloud_server\venv\Lib\site-packages\pip\_internal\utils\urls.py,1759,2026-04-02 05:05:17
D:\\Vibe Coding\\TwinPacemaker\cloud_server\venv\Lib\site-packages\pip\_internal\utils\virtualenv.py,3456,2026-04-02 05:05:17
D:\\Vibe Coding\\TwinPacemaker\cloud_server\venv\Lib\site-packages\pip\_internal\utils\wheel.py,4499,2026-04-02 05:05:17
D:\\Vibe Coding\\TwinPacemaker\cloud_server\venv\Lib\site-packages\pip\_internal\vcs\__init__.py,596,2026-04-02 05:05:17
D:\\Vibe Coding\\TwinPacemaker\cloud_server\venv\Lib\site-packages\pip\_internal\vcs\bazaar.py,3519,2026-04-02 05:05:17
D:\\Vibe Coding\\TwinPacemaker\cloud_server\venv\Lib\site-packages\pip\_internal\vcs\git.py,18121,2026-04-02 05:05:17
D:\\Vibe Coding\\TwinPacemaker\cloud_server\venv\Lib\site-packages\pip\_internal\vcs\mercurial.py,5249,2026-04-02 05:05:17
D:\\Vibe Coding\\TwinPacemaker\cloud_server\venv\Lib\site-packages\pip\_internal\vcs\subversion.py,11729,2026-04-02 05:05:17
D:\\Vibe Coding\\TwinPacemaker\cloud_server\venv\Lib\site-packages\pip\_internal\vcs\versioncontrol.py,22787,2026-04-02 05:05:17
D:\\Vibe Coding\\TwinPacemaker\cloud_server\venv\Lib\site-packages\pip\_internal\wheel_builder.py,11801,2026-04-02 05:05:16
D:\\Vibe Coding\\TwinPacemaker\cloud_server\venv\Lib\site-packages\pip\_vendor\__init__.py,4993,2026-04-02 05:05:17
D:\\Vibe Coding\\TwinPacemaker\cloud_server\venv\Lib\site-packages\pip\_vendor\cachecontrol\__init__.py,676,2026-04-02 05:05:17
D:\\Vibe Coding\\TwinPacemaker\cloud_server\venv\Lib\site-packages\pip\_vendor\cachecontrol\_cmd.py,1737,2026-04-02 05:05:17
D:\\Vibe Coding\\TwinPacemaker\cloud_server\venv\Lib\site-packages\pip\_vendor\cachecontrol\adapter.py,6392,2026-04-02 05:05:17
D:\\Vibe Coding\\TwinPacemaker\cloud_server\venv\Lib\site-packages\pip\_vendor\cachecontrol\cache.py,1952,2026-04-02 05:05:17
D:\\Vibe Coding\\TwinPacemaker\cloud_server\venv\Lib\site-packages\pip\_vendor\cachecontrol\caches\__init__.py,303,2026-04-02 05:05:17
D:\\Vibe Coding\\TwinPacemaker\cloud_server\venv\Lib\site-packages\pip\_vendor\cachecontrol\caches\file_cache.py,5352,2026-04-02 05:05:17
D:\\Vibe Coding\\TwinPacemaker\cloud_server\venv\Lib\site-packages\pip\_vendor\cachecontrol\caches\redis_cache.py,1386,2026-04-02 05:05:17
D:\\Vibe Coding\\TwinPacemaker\cloud_server\venv\Lib\site-packages\pip\_vendor\cachecontrol\controller.py,18384,2026-04-02 05:05:17
D:\\Vibe Coding\\TwinPacemaker\cloud_server\venv\Lib\site-packages\pip\_vendor\cachecontrol\filewrapper.py,4292,2026-04-02 05:05:17
D:\\Vibe Coding\\TwinPacemaker\cloud_server\venv\Lib\site-packages\pip\_vendor\cachecontrol\heuristics.py,4828,2026-04-02 05:05:17
D:\\Vibe Coding\\TwinPacemaker\cloud_server\venv\Lib\site-packages\pip\_vendor\cachecontrol\py.typed,0,2026-04-02 05:05:17
D:\\Vibe Coding\\TwinPacemaker\cloud_server\venv\Lib\site-packages\pip\_vendor\cachecontrol\serialize.py,7173,2026-04-02 05:05:17
D:\\Vibe Coding\\TwinPacemaker\cloud_server\venv\Lib\site-packages\pip\_vendor\cachecontrol\wrapper.py,1417,2026-04-02 05:05:17
D:\\Vibe Coding\\TwinPacemaker\cloud_server\venv\Lib\site-packages\pip\_vendor\certifi\__init__.py,94,2026-04-02 05:05:17
D:\\Vibe Coding\\TwinPacemaker\cloud_server\venv\Lib\site-packages\pip\_vendor\certifi\__main__.py,255,2026-04-02 05:05:17
D:\\Vibe Coding\\TwinPacemaker\cloud_server\venv\Lib\site-packages\pip\_vendor\certifi\cacert.pem,281617,2026-04-02 05:05:17
D:\\Vibe Coding\\TwinPacemaker\cloud_server\venv\Lib\site-packages\pip\_vendor\certifi\core.py,4279,2026-04-02 05:05:17
D:\\Vibe Coding\\TwinPacemaker\cloud_server\venv\Lib\site-packages\pip\_vendor\certifi\py.typed,0,2026-04-02 05:05:17
D:\\Vibe Coding\\TwinPacemaker\cloud_server\venv\Lib\site-packages\pip\_vendor\chardet\__init__.py,4797,2026-04-02 05:05:17
D:\\Vibe Coding\\TwinPacemaker\cloud_server\venv\Lib\site-packages\pip\_vendor\chardet\big5freq.py,31274,2026-04-02 05:05:17
D:\\Vibe Coding\\TwinPacemaker\cloud_server\venv\Lib\site-packages\pip\_vendor\chardet\big5prober.py,1763,2026-04-02 05:05:17
D:\\Vibe Coding\\TwinPacemaker\cloud_server\venv\Lib\site-packages\pip\_vendor\chardet\chardistribution.py,10032,2026-04-02 05:05:17
D:\\Vibe Coding\\TwinPacemaker\cloud_server\venv\Lib\site-packages\pip\_vendor\chardet\charsetgroupprober.py,3915,2026-04-02 05:05:17
D:\\Vibe Coding\\TwinPacemaker\cloud_server\venv\Lib\site-packages\pip\_vendor\chardet\charsetprober.py,5420,2026-04-02 05:05:17
D:\\Vibe Coding\\TwinPacemaker\cloud_server\venv\Lib\site-packages\pip\_vendor\chardet\cli\__init__.py,0,2026-04-02 05:05:17
D:\\Vibe Coding\\TwinPacemaker\cloud_server\venv\Lib\site-packages\pip\_vendor\chardet\cli\chardetect.py,3242,2026-04-02 05:05:17
D:\\Vibe Coding\\TwinPacemaker\cloud_server\venv\Lib\site-packages\pip\_vendor\chardet\codingstatemachine.py,3732,2026-04-02 05:05:17
D:\\Vibe Coding\\TwinPacemaker\cloud_server\venv\Lib\site-packages\pip\_vendor\chardet\codingstatemachinedict.py,542,2026-04-02 05:05:17
D:\\Vibe Coding\\TwinPacemaker\cloud_server\venv\Lib\site-packages\pip\_vendor\chardet\cp949prober.py,1860,2026-04-02 05:05:17
D:\\Vibe Coding\\TwinPacemaker\cloud_server\venv\Lib\site-packages\pip\_vendor\chardet\enums.py,1683,2026-04-02 05:05:17
D:\\Vibe Coding\\TwinPacemaker\cloud_server\venv\Lib\site-packages\pip\_vendor\chardet\escprober.py,4006,2026-04-02 05:05:17
D:\\Vibe Coding\\TwinPacemaker\cloud_server\venv\Lib\site-packages\pip\_vendor\chardet\escsm.py,12176,2026-04-02 05:05:17
D:\\Vibe Coding\\TwinPacemaker\cloud_server\venv\Lib\site-packages\pip\_vendor\chardet\eucjpprober.py,3934,2026-04-02 05:05:17
D:\\Vibe Coding\\TwinPacemaker\cloud_server\venv\Lib\site-packages\pip\_vendor\chardet\euckrfreq.py,13566,2026-04-02 05:05:17
D:\\Vibe Coding\\TwinPacemaker\cloud_server\venv\Lib\site-packages\pip\_vendor\chardet\euckrprober.py,1753,2026-04-02 05:05:17
D:\\Vibe Coding\\TwinPacemaker\cloud_server\venv\Lib\site-packages\pip\_vendor\chardet\euctwfreq.py,36913,2026-04-02 05:05:17
D:\\Vibe Coding\\TwinPacemaker\cloud_server\venv\Lib\site-packages\pip\_vendor\chardet\euctwprober.py,1753,2026-04-02 05:05:17
D:\\Vibe Coding\\TwinPacemaker\cloud_server\venv\Lib\site-packages\pip\_vendor\chardet\gb2312freq.py,20735,2026-04-02 05:05:17
D:\\Vibe Coding\\TwinPacemaker\cloud_server\venv\Lib\site-packages\pip\_vendor\chardet\gb2312prober.py,1759,2026-04-02 05:05:17
D:\\Vibe Coding\\TwinPacemaker\cloud_server\venv\Lib\site-packages\pip\_vendor\chardet\hebrewprober.py,14537,2026-04-02 05:05:17
D:\\Vibe Coding\\TwinPacemaker\cloud_server\venv\Lib\site-packages\pip\_vendor\chardet\jisfreq.py,25796,2026-04-02 05:05:17
D:\\Vibe Coding\\TwinPacemaker\cloud_server\venv\Lib\site-packages\pip\_vendor\chardet\johabfreq.py,42498,2026-04-02 05:05:17
D:\\Vibe Coding\\TwinPacemaker\cloud_server\venv\Lib\site-packages\pip\_vendor\chardet\johabprober.py,1752,2026-04-02 05:05:17
D:\\Vibe Coding\\TwinPacemaker\cloud_server\venv\Lib\site-packages\pip\_vendor\chardet\jpcntx.py,27055,2026-04-02 05:05:17
D:\\Vibe Coding\\TwinPacemaker\cloud_server\venv\Lib\site-packages\pip\_vendor\chardet\langbulgarianmodel.py,104562,2026-04-02 05:05:17
D:\\Vibe Coding\\TwinPacemaker\cloud_server\venv\Lib\site-packages\pip\_vendor\chardet\langgreekmodel.py,98484,2026-04-02 05:05:17
D:\\Vibe Coding\\TwinPacemaker\cloud_server\venv\Lib\site-packages\pip\_vendor\chardet\langhebrewmodel.py,98196,2026-04-02 05:05:17
D:\\Vibe Coding\\TwinPacemaker\cloud_server\venv\Lib\site-packages\pip\_vendor\chardet\langhungarianmodel.py,101363,2026-04-02 05:05:17
D:\\Vibe Coding\\TwinPacemaker\cloud_server\venv\Lib\site-packages\pip\_vendor\chardet\langrussianmodel.py,128035,2026-04-02 05:05:17
D:\\Vibe Coding\\TwinPacemaker\cloud_server\venv\Lib\site-packages\pip\_vendor\chardet\langthaimodel.py,102774,2026-04-02 05:05:17
D:\\Vibe Coding\\TwinPacemaker\cloud_server\venv\Lib\site-packages\pip\_vendor\chardet\langturkishmodel.py,95372,2026-04-02 05:05:17
D:\\Vibe Coding\\TwinPacemaker\cloud_server\venv\Lib\site-packages\pip\_vendor\chardet\latin1prober.py,5380,2026-04-02 05:05:17
D:\\Vibe Coding\\TwinPacemaker\cloud_server\venv\Lib\site-packages\pip\_vendor\chardet\macromanprober.py,6077,2026-04-02 05:05:17
D:\\Vibe Coding\\TwinPacemaker\cloud_server\venv\Lib\site-packages\pip\_vendor\chardet\mbcharsetprober.py,3715,2026-04-02 05:05:17
D:\\Vibe Coding\\TwinPacemaker\cloud_server\venv\Lib\site-packages\pip\_vendor\chardet\mbcsgroupprober.py,2131,2026-04-02 05:05:17
D:\\Vibe Coding\\TwinPacemaker\cloud_server\venv\Lib\site-packages\pip\_vendor\chardet\mbcssm.py,30391,2026-04-02 05:05:17
D:\\Vibe Coding\\TwinPacemaker\cloud_server\venv\Lib\site-packages\pip\_vendor\chardet\metadata\__init__.py,0,2026-04-02 05:05:17
D:\\Vibe Coding\\TwinPacemaker\cloud_server\venv\Lib\site-packages\pip\_vendor\chardet\metadata\languages.py,13560,2026-04-02 05:05:17
D:\\Vibe Coding\\TwinPacemaker\cloud_server\venv\Lib\site-packages\pip\_vendor\chardet\py.typed,0,2026-04-02 05:05:17
D:\\Vibe Coding\\TwinPacemaker\cloud_server\venv\Lib\site-packages\pip\_vendor\chardet\resultdict.py,402,2026-04-02 05:05:17
D:\\Vibe Coding\\TwinPacemaker\cloud_server\venv\Lib\site-packages\pip\_vendor\chardet\sbcharsetprober.py,6400,2026-04-02 05:05:17
D:\\Vibe Coding\\TwinPacemaker\cloud_server\venv\Lib\site-packages\pip\_vendor\chardet\sbcsgroupprober.py,4137,2026-04-02 05:05:17
D:\\Vibe Coding\\TwinPacemaker\cloud_server\venv\Lib\site-packages\pip\_vendor\chardet\sjisprober.py,4007,2026-04-02 05:05:17
D:\\Vibe Coding\\TwinPacemaker\cloud_server\venv\Lib\site-packages\pip\_vendor\chardet\universaldetector.py,14848,2026-04-02 05:05:17
D:\\Vibe Coding\\TwinPacemaker\cloud_server\venv\Lib\site-packages\pip\_vendor\chardet\utf1632prober.py,8505,2026-04-02 05:05:17
D:\\Vibe Coding\\TwinPacemaker\cloud_server\venv\Lib\site-packages\pip\_vendor\chardet\utf8prober.py,2812,2026-04-02 05:05:17
D:\\Vibe Coding\\TwinPacemaker\cloud_server\venv\Lib\site-packages\pip\_vendor\chardet\version.py,244,2026-04-02 05:05:17
D:\\Vibe Coding\\TwinPacemaker\cloud_server\venv\Lib\site-packages\pip\_vendor\colorama\__init__.py,266,2026-04-02 05:05:17
D:\\Vibe Coding\\TwinPacemaker\cloud_server\venv\Lib\site-packages\pip\_vendor\colorama\ansi.py,2522,2026-04-02 05:05:17
D:\\Vibe Coding\\TwinPacemaker\cloud_server\venv\Lib\site-packages\pip\_vendor\colorama\ansitowin32.py,11128,2026-04-02 05:05:17
D:\\Vibe Coding\\TwinPacemaker\cloud_server\venv\Lib\site-packages\pip\_vendor\colorama\initialise.py,3325,2026-04-02 05:05:17
D:\\Vibe Coding\\TwinPacemaker\cloud_server\venv\Lib\site-packages\pip\_vendor\colorama\tests\__init__.py,75,2026-04-02 05:05:17
D:\\Vibe Coding\\TwinPacemaker\cloud_server\venv\Lib\site-packages\pip\_vendor\colorama\tests\ansi_test.py,2839,2026-04-02 05:05:17
D:\\Vibe Coding\\TwinPacemaker\cloud_server\venv\Lib\site-packages\pip\_vendor\colorama\tests\ansitowin32_test.py,10678,2026-04-02 05:05:17
D:\\Vibe Coding\\TwinPacemaker\cloud_server\venv\Lib\site-packages\pip\_vendor\colorama\tests\initialise_test.py,6741,2026-04-02 05:05:17
D:\\Vibe Coding\\TwinPacemaker\cloud_server\venv\Lib\site-packages\pip\_vendor\colorama\tests\isatty_test.py,1866,2026-04-02 05:05:17
D:\\Vibe Coding\\TwinPacemaker\cloud_server\venv\Lib\site-packages\pip\_vendor\colorama\tests\utils.py,1079,2026-04-02 05:05:17
D:\\Vibe Coding\\TwinPacemaker\cloud_server\venv\Lib\site-packages\pip\_vendor\colorama\tests\winterm_test.py,3709,2026-04-02 05:05:17
D:\\Vibe Coding\\TwinPacemaker\cloud_server\venv\Lib\site-packages\pip\_vendor\colorama\win32.py,6181,2026-04-02 05:05:17
D:\\Vibe Coding\\TwinPacemaker\cloud_server\venv\Lib\site-packages\pip\_vendor\colorama\winterm.py,7134,2026-04-02 05:05:17
D:\\Vibe Coding\\TwinPacemaker\cloud_server\venv\Lib\site-packages\pip\_vendor\distlib\__init__.py,625,2026-04-02 05:05:17
D:\\Vibe Coding\\TwinPacemaker\cloud_server\venv\Lib\site-packages\pip\_vendor\distlib\compat.py,41487,2026-04-02 05:05:17
D:\\Vibe Coding\\TwinPacemaker\cloud_server\venv\Lib\site-packages\pip\_vendor\distlib\database.py,51965,2026-04-02 05:05:17
D:\\Vibe Coding\\TwinPacemaker\cloud_server\venv\Lib\site-packages\pip\_vendor\distlib\index.py,20797,2026-04-02 05:05:17
D:\\Vibe Coding\\TwinPacemaker\cloud_server\venv\Lib\site-packages\pip\_vendor\distlib\locators.py,51767,2026-04-02 05:05:17
D:\\Vibe Coding\\TwinPacemaker\cloud_server\venv\Lib\site-packages\pip\_vendor\distlib\manifest.py,14168,2026-04-02 05:05:17
D:\\Vibe Coding\\TwinPacemaker\cloud_server\venv\Lib\site-packages\pip\_vendor\distlib\markers.py,5268,2026-04-02 05:05:17
D:\\Vibe Coding\\TwinPacemaker\cloud_server\venv\Lib\site-packages\pip\_vendor\distlib\metadata.py,39693,2026-04-02 05:05:17
D:\\Vibe Coding\\TwinPacemaker\cloud_server\venv\Lib\site-packages\pip\_vendor\distlib\resources.py,10820,2026-04-02 05:05:17
D:\\Vibe Coding\\TwinPacemaker\cloud_server\venv\Lib\site-packages\pip\_vendor\distlib\scripts.py,18315,2026-04-02 05:05:17
D:\\Vibe Coding\\TwinPacemaker\cloud_server\venv\Lib\site-packages\pip\_vendor\distlib\t32.exe,97792,2026-04-02 05:05:17
D:\\Vibe Coding\\TwinPacemaker\cloud_server\venv\Lib\site-packages\pip\_vendor\distlib\t64-arm.exe,182784,2026-04-02 05:05:17
D:\\Vibe Coding\\TwinPacemaker\cloud_server\venv\Lib\site-packages\pip\_vendor\distlib\t64.exe,108032,2026-04-02 05:05:17
D:\\Vibe Coding\\TwinPacemaker\cloud_server\venv\Lib\site-packages\pip\_vendor\distlib\util.py,67530,2026-04-02 05:05:17
D:\\Vibe Coding\\TwinPacemaker\cloud_server\venv\Lib\site-packages\pip\_vendor\distlib\version.py,23747,2026-04-02 05:05:17
D:\\Vibe Coding\\TwinPacemaker\cloud_server\venv\Lib\site-packages\pip\_vendor\distlib\w32.exe,91648,2026-04-02 05:05:17
D:\\Vibe Coding\\TwinPacemaker\cloud_server\venv\Lib\site-packages\pip\_vendor\distlib\w64-arm.exe,168448,2026-04-02 05:05:17
D:\\Vibe Coding\\TwinPacemaker\cloud_server\venv\Lib\site-packages\pip\_vendor\distlib\w64.exe,101888,2026-04-02 05:05:17
D:\\Vibe Coding\\TwinPacemaker\cloud_server\venv\Lib\site-packages\pip\_vendor\distlib\wheel.py,43958,2026-04-02 05:05:17
D:\\Vibe Coding\\TwinPacemaker\cloud_server\venv\Lib\site-packages\pip\_vendor\distro\__init__.py,981,2026-04-02 05:05:17
D:\\Vibe Coding\\TwinPacemaker\cloud_server\venv\Lib\site-packages\pip\_vendor\distro\__main__.py,64,2026-04-02 05:05:17
D:\\Vibe Coding\\TwinPacemaker\cloud_server\venv\Lib\site-packages\pip\_vendor\distro\distro.py,49330,2026-04-02 05:05:17
D:\\Vibe Coding\\TwinPacemaker\cloud_server\venv\Lib\site-packages\pip\_vendor\distro\py.typed,0,2026-04-02 05:05:17
D:\\Vibe Coding\\TwinPacemaker\cloud_server\venv\Lib\site-packages\pip\_vendor\idna\__init__.py,849,2026-04-02 05:05:17
D:\\Vibe Coding\\TwinPacemaker\cloud_server\venv\Lib\site-packages\pip\_vendor\idna\codec.py,3374,2026-04-02 05:05:17
D:\\Vibe Coding\\TwinPacemaker\cloud_server\venv\Lib\site-packages\pip\_vendor\idna\compat.py,321,2026-04-02 05:05:17
D:\\Vibe Coding\\TwinPacemaker\cloud_server\venv\Lib\site-packages\pip\_vendor\idna\core.py,12950,2026-04-02 05:05:17
D:\\Vibe Coding\\TwinPacemaker\cloud_server\venv\Lib\site-packages\pip\_vendor\idna\idnadata.py,44375,2026-04-02 05:05:17
D:\\Vibe Coding\\TwinPacemaker\cloud_server\venv\Lib\site-packages\pip\_vendor\idna\intranges.py,1881,2026-04-02 05:05:17
D:\\Vibe Coding\\TwinPacemaker\cloud_server\venv\Lib\site-packages\pip\_vendor\idna\package_data.py,21,2026-04-02 05:05:17
D:\\Vibe Coding\\TwinPacemaker\cloud_server\venv\Lib\site-packages\pip\_vendor\idna\py.typed,0,2026-04-02 05:05:17
D:\\Vibe Coding\\TwinPacemaker\cloud_server\venv\Lib\site-packages\pip\_vendor\idna\uts46data.py,206539,2026-04-02 05:05:17
D:\\Vibe Coding\\TwinPacemaker\cloud_server\venv\Lib\site-packages\pip\_vendor\msgpack\__init__.py,1132,2026-04-02 05:05:17
D:\\Vibe Coding\\TwinPacemaker\cloud_server\venv\Lib\site-packages\pip\_vendor\msgpack\exceptions.py,1081,2026-04-02 05:05:17
D:\\Vibe Coding\\TwinPacemaker\cloud_server\venv\Lib\site-packages\pip\_vendor\msgpack\ext.py,6079,2026-04-02 05:05:17
D:\\Vibe Coding\\TwinPacemaker\cloud_server\venv\Lib\site-packages\pip\_vendor\msgpack\fallback.py,34544,2026-04-02 05:05:17
D:\\Vibe Coding\\TwinPacemaker\cloud_server\venv\Lib\site-packages\pip\_vendor\packaging\__about__.py,661,2026-04-02 05:05:17
D:\\Vibe Coding\\TwinPacemaker\cloud_server\venv\Lib\site-packages\pip\_vendor\packaging\__init__.py,497,2026-04-02 05:05:17
D:\\Vibe Coding\\TwinPacemaker\cloud_server\venv\Lib\site-packages\pip\_vendor\packaging\_manylinux.py,11488,2026-04-02 05:05:17
D:\\Vibe Coding\\TwinPacemaker\cloud_server\venv\Lib\site-packages\pip\_vendor\packaging\_musllinux.py,4378,2026-04-02 05:05:17
D:\\Vibe Coding\\TwinPacemaker\cloud_server\venv\Lib\site-packages\pip\_vendor\packaging\_structures.py,1431,2026-04-02 05:05:17
D:\\Vibe Coding\\TwinPacemaker\cloud_server\venv\Lib\site-packages\pip\_vendor\packaging\markers.py,8487,2026-04-02 05:05:17
D:\\Vibe Coding\\TwinPacemaker\cloud_server\venv\Lib\site-packages\pip\_vendor\packaging\py.typed,0,2026-04-02 05:05:17
D:\\Vibe Coding\\TwinPacemaker\cloud_server\venv\Lib\site-packages\pip\_vendor\packaging\requirements.py,4676,2026-04-02 05:05:17
D:\\Vibe Coding\\TwinPacemaker\cloud_server\venv\Lib\site-packages\pip\_vendor\packaging\specifiers.py,30110,2026-04-02 05:05:17
D:\\Vibe Coding\\TwinPacemaker\cloud_server\venv\Lib\site-packages\pip\_vendor\packaging\tags.py,15699,2026-04-02 05:05:17
D:\\Vibe Coding\\TwinPacemaker\cloud_server\venv\Lib\site-packages\pip\_vendor\packaging\utils.py,4200,2026-04-02 05:05:17
D:\\Vibe Coding\\TwinPacemaker\cloud_server\venv\Lib\site-packages\pip\_vendor\packaging\version.py,14665,2026-04-02 05:05:17
D:\\Vibe Coding\\TwinPacemaker\cloud_server\venv\Lib\site-packages\pip\_vendor\pkg_resources\__init__.py,109364,2026-04-02 05:05:17
D:\\Vibe Coding\\TwinPacemaker\cloud_server\venv\Lib\site-packages\pip\_vendor\platformdirs\__init__.py,20155,2026-04-02 05:05:17
D:\\Vibe Coding\\TwinPacemaker\cloud_server\venv\Lib\site-packages\pip\_vendor\platformdirs\__main__.py,1476,2026-04-02 05:05:17
D:\\Vibe Coding\\TwinPacemaker\cloud_server\venv\Lib\site-packages\pip\_vendor\platformdirs\android.py,7211,2026-04-02 05:05:17
D:\\Vibe Coding\\TwinPacemaker\cloud_server\venv\Lib\site-packages\pip\_vendor\platformdirs\api.py,7132,2026-04-02 05:05:17
D:\\Vibe Coding\\TwinPacemaker\cloud_server\venv\Lib\site-packages\pip\_vendor\platformdirs\macos.py,3678,2026-04-02 05:05:17
D:\\Vibe Coding\\TwinPacemaker\cloud_server\venv\Lib\site-packages\pip\_vendor\platformdirs\py.typed,0,2026-04-02 05:05:17
D:\\Vibe Coding\\TwinPacemaker\cloud_server\venv\Lib\site-packages\pip\_vendor\platformdirs\unix.py,8809,2026-04-02 05:05:17
D:\\Vibe Coding\\TwinPacemaker\cloud_server\venv\Lib\site-packages\pip\_vendor\platformdirs\version.py,160,2026-04-02 05:05:17
D:\\Vibe Coding\\TwinPacemaker\cloud_server\venv\Lib\site-packages\pip\_vendor\platformdirs\windows.py,9573,2026-04-02 05:05:17
D:\\Vibe Coding\\TwinPacemaker\cloud_server\venv\Lib\site-packages\pip\_vendor\pygments\__init__.py,2983,2026-04-02 05:05:17
D:\\Vibe Coding\\TwinPacemaker\cloud_server\venv\Lib\site-packages\pip\_vendor\pygments\__main__.py,353,2026-04-02 05:05:17
D:\\Vibe Coding\\TwinPacemaker\cloud_server\venv\Lib\site-packages\pip\_vendor\pygments\cmdline.py,23685,2026-04-02 05:05:17
D:\\Vibe Coding\\TwinPacemaker\cloud_server\venv\Lib\site-packages\pip\_vendor\pygments\console.py,1697,2026-04-02 05:05:17
D:\\Vibe Coding\\TwinPacemaker\cloud_server\venv\Lib\site-packages\pip\_vendor\pygments\filter.py,1938,2026-04-02 05:05:17
D:\\Vibe Coding\\TwinPacemaker\cloud_server\venv\Lib\site-packages\pip\_vendor\pygments\filters\__init__.py,40386,2026-04-02 05:05:17
D:\\Vibe Coding\\TwinPacemaker\cloud_server\venv\Lib\site-packages\pip\_vendor\pygments\formatter.py,4178,2026-04-02 05:05:17
D:\\Vibe Coding\\TwinPacemaker\cloud_server\venv\Lib\site-packages\pip\_vendor\pygments\formatters\__init__.py,5424,2026-04-02 05:05:17
D:\\Vibe Coding\\TwinPacemaker\cloud_server\venv\Lib\site-packages\pip\_vendor\pygments\formatters\_mapping.py,4176,2026-04-02 05:05:17
D:\\Vibe Coding\\TwinPacemaker\cloud_server\venv\Lib\site-packages\pip\_vendor\pygments\formatters\bbcode.py,3314,2026-04-02 05:05:17
D:\\Vibe Coding\\TwinPacemaker\cloud_server\venv\Lib\site-packages\pip\_vendor\pygments\formatters\groff.py,5094,2026-04-02 05:05:17
D:\\Vibe Coding\\TwinPacemaker\cloud_server\venv\Lib\site-packages\pip\_vendor\pygments\formatters\html.py,35610,2026-04-02 05:05:17
D:\\Vibe Coding\\TwinPacemaker\cloud_server\venv\Lib\site-packages\pip\_vendor\pygments\formatters\img.py,21938,2026-04-02 05:05:17
D:\\Vibe Coding\\TwinPacemaker\cloud_server\venv\Lib\site-packages\pip\_vendor\pygments\formatters\irc.py,4981,2026-04-02 05:05:17
D:\\Vibe Coding\\TwinPacemaker\cloud_server\venv\Lib\site-packages\pip\_vendor\pygments\formatters\latex.py,19351,2026-04-02 05:05:17
D:\\Vibe Coding\\TwinPacemaker\cloud_server\venv\Lib\site-packages\pip\_vendor\pygments\formatters\other.py,5073,2026-04-02 05:05:17
D:\\Vibe Coding\\TwinPacemaker\cloud_server\venv\Lib\site-packages\pip\_vendor\pygments\formatters\pangomarkup.py,2212,2026-04-02 05:05:17
D:\\Vibe Coding\\TwinPacemaker\cloud_server\venv\Lib\site-packages\pip\_vendor\pygments\formatters\rtf.py,5014,2026-04-02 05:05:17
D:\\Vibe Coding\\TwinPacemaker\cloud_server\venv\Lib\site-packages\pip\_vendor\pygments\formatters\svg.py,7335,2026-04-02 05:05:17
D:\\Vibe Coding\\TwinPacemaker\cloud_server\venv\Lib\site-packages\pip\_vendor\pygments\formatters\terminal.py,4674,2026-04-02 05:05:17
D:\\Vibe Coding\\TwinPacemaker\cloud_server\venv\Lib\site-packages\pip\_vendor\pygments\formatters\terminal256.py,11753,2026-04-02 05:05:17
D:\\Vibe Coding\\TwinPacemaker\cloud_server\venv\Lib\site-packages\pip\_vendor\pygments\lexer.py,34618,2026-04-02 05:05:17
D:\\Vibe Coding\\TwinPacemaker\cloud_server\venv\Lib\site-packages\pip\_vendor\pygments\lexers\__init__.py,12130,2026-04-02 05:05:17
D:\\Vibe Coding\\TwinPacemaker\cloud_server\venv\Lib\site-packages\pip\_vendor\pygments\lexers\_mapping.py,72281,2026-04-02 05:05:17
D:\\Vibe Coding\\TwinPacemaker\cloud_server\venv\Lib\site-packages\pip\_vendor\pygments\lexers\python.py,53424,2026-04-02 05:05:17
D:\\Vibe Coding\\TwinPacemaker\cloud_server\venv\Lib\site-packages\pip\_vendor\pygments\modeline.py,986,2026-04-02 05:05:17
D:\\Vibe Coding\\TwinPacemaker\cloud_server\venv\Lib\site-packages\pip\_vendor\pygments\plugin.py,2591,2026-04-02 05:05:17
D:\\Vibe Coding\\TwinPacemaker\cloud_server\venv\Lib\site-packages\pip\_vendor\pygments\regexopt.py,3072,2026-04-02 05:05:17
D:\\Vibe Coding\\TwinPacemaker\cloud_server\venv\Lib\site-packages\pip\_vendor\pygments\scanner.py,3092,2026-04-02 05:05:17
D:\\Vibe Coding\\TwinPacemaker\cloud_server\venv\Lib\site-packages\pip\_vendor\pygments\sphinxext.py,6882,2026-04-02 05:05:17
D:\\Vibe Coding\\TwinPacemaker\cloud_server\venv\Lib\site-packages\pip\_vendor\pygments\style.py,6257,2026-04-02 05:05:17
D:\\Vibe Coding\\TwinPacemaker\cloud_server\venv\Lib\site-packages\pip\_vendor\pygments\styles\__init__.py,3700,2026-04-02 05:05:17
D:\\Vibe Coding\\TwinPacemaker\cloud_server\venv\Lib\site-packages\pip\_vendor\pygments\token.py,6184,2026-04-02 05:05:17
D:\\Vibe Coding\\TwinPacemaker\cloud_server\venv\Lib\site-packages\pip\_vendor\pygments\unistring.py,63223,2026-04-02 05:05:17
D:\\Vibe Coding\\TwinPacemaker\cloud_server\venv\Lib\site-packages\pip\_vendor\pygments\util.py,10230,2026-04-02 05:05:17
D:\\Vibe Coding\\TwinPacemaker\cloud_server\venv\Lib\site-packages\pip\_vendor\pyparsing\__init__.py,9116,2026-04-02 05:05:17
D:\\Vibe Coding\\TwinPacemaker\cloud_server\venv\Lib\site-packages\pip\_vendor\pyparsing\actions.py,6567,2026-04-02 05:05:17
D:\\Vibe Coding\\TwinPacemaker\cloud_server\venv\Lib\site-packages\pip\_vendor\pyparsing\common.py,13387,2026-04-02 05:05:17
D:\\Vibe Coding\\TwinPacemaker\cloud_server\venv\Lib\site-packages\pip\_vendor\pyparsing\core.py,224445,2026-04-02 05:05:17
D:\\Vibe Coding\\TwinPacemaker\cloud_server\venv\Lib\site-packages\pip\_vendor\pyparsing\diagram\__init__.py,24215,2026-04-02 05:05:17
D:\\Vibe Coding\\TwinPacemaker\cloud_server\venv\Lib\site-packages\pip\_vendor\pyparsing\exceptions.py,9523,2026-04-02 05:05:17
D:\\Vibe Coding\\TwinPacemaker\cloud_server\venv\Lib\site-packages\pip\_vendor\pyparsing\helpers.py,38646,2026-04-02 05:05:17
D:\\Vibe Coding\\TwinPacemaker\cloud_server\venv\Lib\site-packages\pip\_vendor\pyparsing\py.typed,0,2026-04-02 05:05:17
D:\\Vibe Coding\\TwinPacemaker\cloud_server\venv\Lib\site-packages\pip\_vendor\pyparsing\results.py,26692,2026-04-02 05:05:17
D:\\Vibe Coding\\TwinPacemaker\cloud_server\venv\Lib\site-packages\pip\_vendor\pyparsing\testing.py,13488,2026-04-02 05:05:17
D:\\Vibe Coding\\TwinPacemaker\cloud_server\venv\Lib\site-packages\pip\_vendor\pyparsing\unicode.py,10646,2026-04-02 05:05:17
D:\\Vibe Coding\\TwinPacemaker\cloud_server\venv\Lib\site-packages\pip\_vendor\pyparsing\util.py,8670,2026-04-02 05:05:17
D:\\Vibe Coding\\TwinPacemaker\cloud_server\venv\Lib\site-packages\pip\_vendor\pyproject_hooks\__init__.py,491,2026-04-02 05:05:17
D:\\Vibe Coding\\TwinPacemaker\cloud_server\venv\Lib\site-packages\pip\_vendor\pyproject_hooks\_compat.py,138,2026-04-02 05:05:17
D:\\Vibe Coding\\TwinPacemaker\cloud_server\venv\Lib\site-packages\pip\_vendor\pyproject_hooks\_impl.py,11920,2026-04-02 05:05:17
D:\\Vibe Coding\\TwinPacemaker\cloud_server\venv\Lib\site-packages\pip\_vendor\pyproject_hooks\_in_process\__init__.py,546,2026-04-02 05:05:17
D:\\Vibe Coding\\TwinPacemaker\cloud_server\venv\Lib\site-packages\pip\_vendor\pyproject_hooks\_in_process\_in_process.py,10927,2026-04-02 05:05:17
D:\\Vibe Coding\\TwinPacemaker\cloud_server\venv\Lib\site-packages\pip\_vendor\requests\__init__.py,5169,2026-04-02 05:05:17
D:\\Vibe Coding\\TwinPacemaker\cloud_server\venv\Lib\site-packages\pip\_vendor\requests\__version__.py,435,2026-04-02 05:05:17
D:\\Vibe Coding\\TwinPacemaker\cloud_server\venv\Lib\site-packages\pip\_vendor\requests\_internal_utils.py,1495,2026-04-02 05:05:17
D:\\Vibe Coding\\TwinPacemaker\cloud_server\venv\Lib\site-packages\pip\_vendor\requests\adapters.py,19697,2026-04-02 05:05:17
D:\\Vibe Coding\\TwinPacemaker\cloud_server\venv\Lib\site-packages\pip\_vendor\requests\api.py,6449,2026-04-02 05:05:17
D:\\Vibe Coding\\TwinPacemaker\cloud_server\venv\Lib\site-packages\pip\_vendor\requests\auth.py,10187,2026-04-02 05:05:17
D:\\Vibe Coding\\TwinPacemaker\cloud_server\venv\Lib\site-packages\pip\_vendor\requests\certs.py,575,2026-04-02 05:05:17
D:\\Vibe Coding\\TwinPacemaker\cloud_server\venv\Lib\site-packages\pip\_vendor\requests\compat.py,1286,2026-04-02 05:05:17
D:\\Vibe Coding\\TwinPacemaker\cloud_server\venv\Lib\site-packages\pip\_vendor\requests\cookies.py,18560,2026-04-02 05:05:17
D:\\Vibe Coding\\TwinPacemaker\cloud_server\venv\Lib\site-packages\pip\_vendor\requests\exceptions.py,3823,2026-04-02 05:05:17
D:\\Vibe Coding\\TwinPacemaker\cloud_server\venv\Lib\site-packages\pip\_vendor\requests\help.py,3879,2026-04-02 05:05:17
D:\\Vibe Coding\\TwinPacemaker\cloud_server\venv\Lib\site-packages\pip\_vendor\requests\hooks.py,733,2026-04-02 05:05:17
D:\\Vibe Coding\\TwinPacemaker\cloud_server\venv\Lib\site-packages\pip\_vendor\requests\models.py,35288,2026-04-02 05:05:17
D:\\Vibe Coding\\TwinPacemaker\cloud_server\venv\Lib\site-packages\pip\_vendor\requests\packages.py,695,2026-04-02 05:05:17
D:\\Vibe Coding\\TwinPacemaker\cloud_server\venv\Lib\site-packages\pip\_vendor\requests\sessions.py,30373,2026-04-02 05:05:17
D:\\Vibe Coding\\TwinPacemaker\cloud_server\venv\Lib\site-packages\pip\_vendor\requests\status_codes.py,4235,2026-04-02 05:05:17
D:\\Vibe Coding\\TwinPacemaker\cloud_server\venv\Lib\site-packages\pip\_vendor\requests\structures.py,2912,2026-04-02 05:05:17
D:\\Vibe Coding\\TwinPacemaker\cloud_server\venv\Lib\site-packages\pip\_vendor\requests\utils.py,33460,2026-04-02 05:05:17
D:\\Vibe Coding\\TwinPacemaker\cloud_server\venv\Lib\site-packages\pip\_vendor\resolvelib\__init__.py,537,2026-04-02 05:05:17
D:\\Vibe Coding\\TwinPacemaker\cloud_server\venv\Lib\site-packages\pip\_vendor\resolvelib\compat\__init__.py,0,2026-04-02 05:05:17
D:\\Vibe Coding\\TwinPacemaker\cloud_server\venv\Lib\site-packages\pip\_vendor\resolvelib\compat\collections_abc.py,156,2026-04-02 05:05:17
D:\\Vibe Coding\\TwinPacemaker\cloud_server\venv\Lib\site-packages\pip\_vendor\resolvelib\providers.py,5871,2026-04-02 05:05:17
D:\\Vibe Coding\\TwinPacemaker\cloud_server\venv\Lib\site-packages\pip\_vendor\resolvelib\py.typed,0,2026-04-02 05:05:17
D:\\Vibe Coding\\TwinPacemaker\cloud_server\venv\Lib\site-packages\pip\_vendor\resolvelib\reporters.py,1601,2026-04-02 05:05:17
D:\\Vibe Coding\\TwinPacemaker\cloud_server\venv\Lib\site-packages\pip\_vendor\resolvelib\resolvers.py,20511,2026-04-02 05:05:17
D:\\Vibe Coding\\TwinPacemaker\cloud_server\venv\Lib\site-packages\pip\_vendor\resolvelib\structs.py,4963,2026-04-02 05:05:17
D:\\Vibe Coding\\TwinPacemaker\cloud_server\venv\Lib\site-packages\pip\_vendor\rich\__init__.py,6090,2026-04-02 05:05:17
D:\\Vibe Coding\\TwinPacemaker\cloud_server\venv\Lib\site-packages\pip\_vendor\rich\__main__.py,8478,2026-04-02 05:05:17
D:\\Vibe Coding\\TwinPacemaker\cloud_server\venv\Lib\site-packages\pip\_vendor\rich\_cell_widths.py,10096,2026-04-02 05:05:17
D:\\Vibe Coding\\TwinPacemaker\cloud_server\venv\Lib\site-packages\pip\_vendor\rich\_emoji_codes.py,140235,2026-04-02 05:05:17
D:\\Vibe Coding\\TwinPacemaker\cloud_server\venv\Lib\site-packages\pip\_vendor\rich\_emoji_replace.py,1064,2026-04-02 05:05:17
D:\\Vibe Coding\\TwinPacemaker\cloud_server\venv\Lib\site-packages\pip\_vendor\rich\_export_format.py,2100,2026-04-02 05:05:17
D:\\Vibe Coding\\TwinPacemaker\cloud_server\venv\Lib\site-packages\pip\_vendor\rich\_extension.py,265,2026-04-02 05:05:17
D:\\Vibe Coding\\TwinPacemaker\cloud_server\venv\Lib\site-packages\pip\_vendor\rich\_fileno.py,799,2026-04-02 05:05:17
D:\\Vibe Coding\\TwinPacemaker\cloud_server\venv\Lib\site-packages\pip\_vendor\rich\_inspect.py,9695,2026-04-02 05:05:17
D:\\Vibe Coding\\TwinPacemaker\cloud_server\venv\Lib\site-packages\pip\_vendor\rich\_log_render.py,3225,2026-04-02 05:05:17
D:\\Vibe Coding\\TwinPacemaker\cloud_server\venv\Lib\site-packages\pip\_vendor\rich\_loop.py,1236,2026-04-02 05:05:17
D:\\Vibe Coding\\TwinPacemaker\cloud_server\venv\Lib\site-packages\pip\_vendor\rich\_null_file.py,1387,2026-04-02 05:05:17
D:\\Vibe Coding\\TwinPacemaker\cloud_server\venv\Lib\site-packages\pip\_vendor\rich\_palettes.py,7063,2026-04-02 05:05:17
D:\\Vibe Coding\\TwinPacemaker\cloud_server\venv\Lib\site-packages\pip\_vendor\rich\_pick.py,423,2026-04-02 05:05:17
D:\\Vibe Coding\\TwinPacemaker\cloud_server\venv\Lib\site-packages\pip\_vendor\rich\_ratio.py,5472,2026-04-02 05:05:17
D:\\Vibe Coding\\TwinPacemaker\cloud_server\venv\Lib\site-packages\pip\_vendor\rich\_spinners.py,19919,2026-04-02 05:05:17
D:\\Vibe Coding\\TwinPacemaker\cloud_server\venv\Lib\site-packages\pip\_vendor\rich\_stack.py,351,2026-04-02 05:05:17
D:\\Vibe Coding\\TwinPacemaker\cloud_server\venv\Lib\site-packages\pip\_vendor\rich\_timer.py,417,2026-04-02 05:05:17
D:\\Vibe Coding\\TwinPacemaker\cloud_server\venv\Lib\site-packages\pip\_vendor\rich\_win32_console.py,22820,2026-04-02 05:05:17
D:\\Vibe Coding\\TwinPacemaker\cloud_server\venv\Lib\site-packages\pip\_vendor\rich\_windows.py,1926,2026-04-02 05:05:17
D:\\Vibe Coding\\TwinPacemaker\cloud_server\venv\Lib\site-packages\pip\_vendor\rich\_windows_renderer.py,2783,2026-04-02 05:05:17
D:\\Vibe Coding\\TwinPacemaker\cloud_server\venv\Lib\site-packages\pip\_vendor\rich\_wrap.py,1840,2026-04-02 05:05:17
D:\\Vibe Coding\\TwinPacemaker\cloud_server\venv\Lib\site-packages\pip\_vendor\rich\abc.py,890,2026-04-02 05:05:17
D:\\Vibe Coding\\TwinPacemaker\cloud_server\venv\Lib\site-packages\pip\_vendor\rich\align.py,10368,2026-04-02 05:05:17
D:\\Vibe Coding\\TwinPacemaker\cloud_server\venv\Lib\site-packages\pip\_vendor\rich\ansi.py,6906,2026-04-02 05:05:17
D:\\Vibe Coding\\TwinPacemaker\cloud_server\venv\Lib\site-packages\pip\_vendor\rich\bar.py,3264,2026-04-02 05:05:17
D:\\Vibe Coding\\TwinPacemaker\cloud_server\venv\Lib\site-packages\pip\_vendor\rich\box.py,9842,2026-04-02 05:05:17
D:\\Vibe Coding\\TwinPacemaker\cloud_server\venv\Lib\site-packages\pip\_vendor\rich\cells.py,4509,2026-04-02 05:05:17
D:\\Vibe Coding\\TwinPacemaker\cloud_server\venv\Lib\site-packages\pip\_vendor\rich\color.py,18224,2026-04-02 05:05:17
D:\\Vibe Coding\\TwinPacemaker\cloud_server\venv\Lib\site-packages\pip\_vendor\rich\color_triplet.py,1054,2026-04-02 05:05:17
D:\\Vibe Coding\\TwinPacemaker\cloud_server\venv\Lib\site-packages\pip\_vendor\rich\columns.py,7131,2026-04-02 05:05:17
D:\\Vibe Coding\\TwinPacemaker\cloud_server\venv\Lib\site-packages\pip\_vendor\rich\console.py,99218,2026-04-02 05:05:17
D:\\Vibe Coding\\TwinPacemaker\cloud_server\venv\Lib\site-packages\pip\_vendor\rich\constrain.py,1288,2026-04-02 05:05:17
D:\\Vibe Coding\\TwinPacemaker\cloud_server\venv\Lib\site-packages\pip\_vendor\rich\containers.py,5497,2026-04-02 05:05:17
D:\\Vibe Coding\\TwinPacemaker\cloud_server\venv\Lib\site-packages\pip\_vendor\rich\control.py,6630,2026-04-02 05:05:17
D:\\Vibe Coding\\TwinPacemaker\cloud_server\venv\Lib\site-packages\pip\_vendor\rich\default_styles.py,8082,2026-04-02 05:05:17
D:\\Vibe Coding\\TwinPacemaker\cloud_server\venv\Lib\site-packages\pip\_vendor\rich\diagnose.py,972,2026-04-02 05:05:17
D:\\Vibe Coding\\TwinPacemaker\cloud_server\venv\Lib\site-packages\pip\_vendor\rich\emoji.py,2501,2026-04-02 05:05:17
D:\\Vibe Coding\\TwinPacemaker\cloud_server\venv\Lib\site-packages\pip\_vendor\rich\errors.py,642,2026-04-02 05:05:17
D:\\Vibe Coding\\TwinPacemaker\cloud_server\venv\Lib\site-packages\pip\_vendor\rich\file_proxy.py,1683,2026-04-02 05:05:17
D:\\Vibe Coding\\TwinPacemaker\cloud_server\venv\Lib\site-packages\pip\_vendor\rich\filesize.py,2508,2026-04-02 05:05:17
D:\\Vibe Coding\\TwinPacemaker\cloud_server\venv\Lib\site-packages\pip\_vendor\rich\highlighter.py,9584,2026-04-02 05:05:17
D:\\Vibe Coding\\TwinPacemaker\cloud_server\venv\Lib\site-packages\pip\_vendor\rich\json.py,5032,2026-04-02 05:05:17
D:\\Vibe Coding\\TwinPacemaker\cloud_server\venv\Lib\site-packages\pip\_vendor\rich\jupyter.py,3252,2026-04-02 05:05:17
D:\\Vibe Coding\\TwinPacemaker\cloud_server\venv\Lib\site-packages\pip\_vendor\rich\layout.py,14007,2026-04-02 05:05:17
D:\\Vibe Coding\\TwinPacemaker\cloud_server\venv\Lib\site-packages\pip\_vendor\rich\live.py,14273,2026-04-02 05:05:17
D:\\Vibe Coding\\TwinPacemaker\cloud_server\venv\Lib\site-packages\pip\_vendor\rich\live_render.py,3667,2026-04-02 05:05:17
D:\\Vibe Coding\\TwinPacemaker\cloud_server\venv\Lib\site-packages\pip\_vendor\rich\logging.py,11903,2026-04-02 05:05:17
D:\\Vibe Coding\\TwinPacemaker\cloud_server\venv\Lib\site-packages\pip\_vendor\rich\markup.py,8198,2026-04-02 05:05:17
D:\\Vibe Coding\\TwinPacemaker\cloud_server\venv\Lib\site-packages\pip\_vendor\rich\measure.py,5305,2026-04-02 05:05:17
D:\\Vibe Coding\\TwinPacemaker\cloud_server\venv\Lib\site-packages\pip\_vendor\rich\padding.py,4970,2026-04-02 05:05:17
D:\\Vibe Coding\\TwinPacemaker\cloud_server\venv\Lib\site-packages\pip\_vendor\rich\pager.py,828,2026-04-02 05:05:17
D:\\Vibe Coding\\TwinPacemaker\cloud_server\venv\Lib\site-packages\pip\_vendor\rich\palette.py,3396,2026-04-02 05:05:17
D:\\Vibe Coding\\TwinPacemaker\cloud_server\venv\Lib\site-packages\pip\_vendor\rich\panel.py,10574,2026-04-02 05:05:17
D:\\Vibe Coding\\TwinPacemaker\cloud_server\venv\Lib\site-packages\pip\_vendor\rich\pretty.py,35852,2026-04-02 05:05:17
D:\\Vibe Coding\\TwinPacemaker\cloud_server\venv\Lib\site-packages\pip\_vendor\rich\progress.py,59706,2026-04-02 05:05:17
D:\\Vibe Coding\\TwinPacemaker\cloud_server\venv\Lib\site-packages\pip\_vendor\rich\progress_bar.py,8165,2026-04-02 05:05:17
D:\\Vibe Coding\\TwinPacemaker\cloud_server\venv\Lib\site-packages\pip\_vendor\rich\prompt.py,11303,2026-04-02 05:05:17
D:\\Vibe Coding\\TwinPacemaker\cloud_server\venv\Lib\site-packages\pip\_vendor\rich\protocol.py,1391,2026-04-02 05:05:17
D:\\Vibe Coding\\TwinPacemaker\cloud_server\venv\Lib\site-packages\pip\_vendor\rich\py.typed,0,2026-04-02 05:05:17
D:\\Vibe Coding\\TwinPacemaker\cloud_server\venv\Lib\site-packages\pip\_vendor\rich\region.py,166,2026-04-02 05:05:17
D:\\Vibe Coding\\TwinPacemaker\cloud_server\venv\Lib\site-packages\pip\_vendor\rich\repr.py,4431,2026-04-02 05:05:17
D:\\Vibe Coding\\TwinPacemaker\cloud_server\venv\Lib\site-packages\pip\_vendor\rich\rule.py,4602,2026-04-02 05:05:17
D:\\Vibe Coding\\TwinPacemaker\cloud_server\venv\Lib\site-packages\pip\_vendor\rich\scope.py,2843,2026-04-02 05:05:17
D:\\Vibe Coding\\TwinPacemaker\cloud_server\venv\Lib\site-packages\pip\_vendor\rich\screen.py,1591,2026-04-02 05:05:17
D:\\Vibe Coding\\TwinPacemaker\cloud_server\venv\Lib\site-packages\pip\_vendor\rich\segment.py,24247,2026-04-02 05:05:17
D:\\Vibe Coding\\TwinPacemaker\cloud_server\venv\Lib\site-packages\pip\_vendor\rich\spinner.py,4339,2026-04-02 05:05:17
D:\\Vibe Coding\\TwinPacemaker\cloud_server\venv\Lib\site-packages\pip\_vendor\rich\status.py,4425,2026-04-02 05:05:17
D:\\Vibe Coding\\TwinPacemaker\cloud_server\venv\Lib\site-packages\pip\_vendor\rich\style.py,27073,2026-04-02 05:05:17
D:\\Vibe Coding\\TwinPacemaker\cloud_server\venv\Lib\site-packages\pip\_vendor\rich\styled.py,1258,2026-04-02 05:05:17
D:\\Vibe Coding\\TwinPacemaker\cloud_server\venv\Lib\site-packages\pip\_vendor\rich\syntax.py,35173,2026-04-02 05:05:17
D:\\Vibe Coding\\TwinPacemaker\cloud_server\venv\Lib\site-packages\pip\_vendor\rich\table.py,39684,2026-04-02 05:05:17
D:\\Vibe Coding\\TwinPacemaker\cloud_server\venv\Lib\site-packages\pip\_vendor\rich\terminal_theme.py,3370,2026-04-02 05:05:17
D:\\Vibe Coding\\TwinPacemaker\cloud_server\venv\Lib\site-packages\pip\_vendor\rich\text.py,45525,2026-04-02 05:05:17
D:\\Vibe Coding\\TwinPacemaker\cloud_server\venv\Lib\site-packages\pip\_vendor\rich\theme.py,3777,2026-04-02 05:05:17
D:\\Vibe Coding\\TwinPacemaker\cloud_server\venv\Lib\site-packages\pip\_vendor\rich\themes.py,102,2026-04-02 05:05:17
D:\\Vibe Coding\\TwinPacemaker\cloud_server\venv\Lib\site-packages\pip\_vendor\rich\traceback.py,29604,2026-04-02 05:05:17
D:\\Vibe Coding\\TwinPacemaker\cloud_server\venv\Lib\site-packages\pip\_vendor\rich\tree.py,9169,2026-04-02 05:05:17
D:\\Vibe Coding\\TwinPacemaker\cloud_server\venv\Lib\site-packages\pip\_vendor\six.py,34549,2026-04-02 05:05:17
D:\\Vibe Coding\\TwinPacemaker\cloud_server\venv\Lib\site-packages\pip\_vendor\tenacity\__init__.py,20493,2026-04-02 05:05:17
D:\\Vibe Coding\\TwinPacemaker\cloud_server\venv\Lib\site-packages\pip\_vendor\tenacity\_asyncio.py,3551,2026-04-02 05:05:17
D:\\Vibe Coding\\TwinPacemaker\cloud_server\venv\Lib\site-packages\pip\_vendor\tenacity\_utils.py,2179,2026-04-02 05:05:17
D:\\Vibe Coding\\TwinPacemaker\cloud_server\venv\Lib\site-packages\pip\_vendor\tenacity\after.py,1682,2026-04-02 05:05:17
D:\\Vibe Coding\\TwinPacemaker\cloud_server\venv\Lib\site-packages\pip\_vendor\tenacity\before.py,1562,2026-04-02 05:05:17
D:\\Vibe Coding\\TwinPacemaker\cloud_server\venv\Lib\site-packages\pip\_vendor\tenacity\before_sleep.py,2372,2026-04-02 05:05:17
D:\\Vibe Coding\\TwinPacemaker\cloud_server\venv\Lib\site-packages\pip\_vendor\tenacity\nap.py,1383,2026-04-02 05:05:17
D:\\Vibe Coding\\TwinPacemaker\cloud_server\venv\Lib\site-packages\pip\_vendor\tenacity\py.typed,0,2026-04-02 05:05:17
D:\\Vibe Coding\\TwinPacemaker\cloud_server\venv\Lib\site-packages\pip\_vendor\tenacity\retry.py,8746,2026-04-02 05:05:17
D:\\Vibe Coding\\TwinPacemaker\cloud_server\venv\Lib\site-packages\pip\_vendor\tenacity\stop.py,3086,2026-04-02 05:05:17
D:\\Vibe Coding\\TwinPacemaker\cloud_server\venv\Lib\site-packages\pip\_vendor\tenacity\tornadoweb.py,2142,2026-04-02 05:05:17
D:\\Vibe Coding\\TwinPacemaker\cloud_server\venv\Lib\site-packages\pip\_vendor\tenacity\wait.py,8024,2026-04-02 05:05:17
D:\\Vibe Coding\\TwinPacemaker\cloud_server\venv\Lib\site-packages\pip\_vendor\tomli\__init__.py,396,2026-04-02 05:05:17
D:\\Vibe Coding\\TwinPacemaker\cloud_server\venv\Lib\site-packages\pip\_vendor\tomli\_parser.py,22633,2026-04-02 05:05:17
D:\\Vibe Coding\\TwinPacemaker\cloud_server\venv\Lib\site-packages\pip\_vendor\tomli\_re.py,2943,2026-04-02 05:05:17
D:\\Vibe Coding\\TwinPacemaker\cloud_server\venv\Lib\site-packages\pip\_vendor\tomli\_types.py,254,2026-04-02 05:05:17
D:\\Vibe Coding\\TwinPacemaker\cloud_server\venv\Lib\site-packages\pip\_vendor\tomli\py.typed,26,2026-04-02 05:05:17
D:\\Vibe Coding\\TwinPacemaker\cloud_server\venv\Lib\site-packages\pip\_vendor\truststore\__init__.py,403,2026-04-02 05:05:17
D:\\Vibe Coding\\TwinPacemaker\cloud_server\venv\Lib\site-packages\pip\_vendor\truststore\_api.py,9893,2026-04-02 05:05:17
D:\\Vibe Coding\\TwinPacemaker\cloud_server\venv\Lib\site-packages\pip\_vendor\truststore\_macos.py,17694,2026-04-02 05:05:17
D:\\Vibe Coding\\TwinPacemaker\cloud_server\venv\Lib\site-packages\pip\_vendor\truststore\_openssl.py,2324,2026-04-02 05:05:17
D:\\Vibe Coding\\TwinPacemaker\cloud_server\venv\Lib\site-packages\pip\_vendor\truststore\_ssl_constants.py,1130,2026-04-02 05:05:17
D:\\Vibe Coding\\TwinPacemaker\cloud_server\venv\Lib\site-packages\pip\_vendor\truststore\_windows.py,17468,2026-04-02 05:05:17
D:\\Vibe Coding\\TwinPacemaker\cloud_server\venv\Lib\site-packages\pip\_vendor\truststore\py.typed,0,2026-04-02 05:05:17
D:\\Vibe Coding\\TwinPacemaker\cloud_server\venv\Lib\site-packages\pip\_vendor\typing_extensions.py,111130,2026-04-02 05:05:17
D:\\Vibe Coding\\TwinPacemaker\cloud_server\venv\Lib\site-packages\pip\_vendor\urllib3\__init__.py,3333,2026-04-02 05:05:17
D:\\Vibe Coding\\TwinPacemaker\cloud_server\venv\Lib\site-packages\pip\_vendor\urllib3\_collections.py,10811,2026-04-02 05:05:17
D:\\Vibe Coding\\TwinPacemaker\cloud_server\venv\Lib\site-packages\pip\_vendor\urllib3\_version.py,64,2026-04-02 05:05:17
D:\\Vibe Coding\\TwinPacemaker\cloud_server\venv\Lib\site-packages\pip\_vendor\urllib3\connection.py,20300,2026-04-02 05:05:17
D:\\Vibe Coding\\TwinPacemaker\cloud_server\venv\Lib\site-packages\pip\_vendor\urllib3\connectionpool.py,39990,2026-04-02 05:05:17
D:\\Vibe Coding\\TwinPacemaker\cloud_server\venv\Lib\site-packages\pip\_vendor\urllib3\contrib\__init__.py,0,2026-04-02 05:05:17
D:\\Vibe Coding\\TwinPacemaker\cloud_server\venv\Lib\site-packages\pip\_vendor\urllib3\contrib\_appengine_environ.py,957,2026-04-02 05:05:17
D:\\Vibe Coding\\TwinPacemaker\cloud_server\venv\Lib\site-packages\pip\_vendor\urllib3\contrib\_securetransport\__init__.py,0,2026-04-02 05:05:17
D:\\Vibe Coding\\TwinPacemaker\cloud_server\venv\Lib\site-packages\pip\_vendor\urllib3\contrib\_securetransport\bindings.py,17632,2026-04-02 05:05:17
D:\\Vibe Coding\\TwinPacemaker\cloud_server\venv\Lib\site-packages\pip\_vendor\urllib3\contrib\_securetransport\low_level.py,13922,2026-04-02 05:05:17
D:\\Vibe Coding\\TwinPacemaker\cloud_server\venv\Lib\site-packages\pip\_vendor\urllib3\contrib\appengine.py,11036,2026-04-02 05:05:17
D:\\Vibe Coding\\TwinPacemaker\cloud_server\venv\Lib\site-packages\pip\_vendor\urllib3\contrib\ntlmpool.py,4528,2026-04-02 05:05:17
D:\\Vibe Coding\\TwinPacemaker\cloud_server\venv\Lib\site-packages\pip\_vendor\urllib3\contrib\pyopenssl.py,17081,2026-04-02 05:05:17
D:\\Vibe Coding\\TwinPacemaker\cloud_server\venv\Lib\site-packages\pip\_vendor\urllib3\contrib\securetransport.py,34448,2026-04-02 05:05:17
D:\\Vibe Coding\\TwinPacemaker\cloud_server\venv\Lib\site-packages\pip\_vendor\urllib3\contrib\socks.py,7097,2026-04-02 05:05:17
D:\\Vibe Coding\\TwinPacemaker\cloud_server\venv\Lib\site-packages\pip\_vendor\urllib3\exceptions.py,8217,2026-04-02 05:05:17
D:\\Vibe Coding\\TwinPacemaker\cloud_server\venv\Lib\site-packages\pip\_vendor\urllib3\fields.py,8579,2026-04-02 05:05:17
D:\\Vibe Coding\\TwinPacemaker\cloud_server\venv\Lib\site-packages\pip\_vendor\urllib3\filepost.py,2440,2026-04-02 05:05:17
D:\\Vibe Coding\\TwinPacemaker\cloud_server\venv\Lib\site-packages\pip\_vendor\urllib3\packages\__init__.py,0,2026-04-02 05:05:17
D:\\Vibe Coding\\TwinPacemaker\cloud_server\venv\Lib\site-packages\pip\_vendor\urllib3\packages\backports\__init__.py,0,2026-04-02 05:05:17
D:\\Vibe Coding\\TwinPacemaker\cloud_server\venv\Lib\site-packages\pip\_vendor\urllib3\packages\backports\makefile.py,1417,2026-04-02 05:05:17
D:\\Vibe Coding\\TwinPacemaker\cloud_server\venv\Lib\site-packages\pip\_vendor\urllib3\packages\backports\weakref_finalize.py,5343,2026-04-02 05:05:17
D:\\Vibe Coding\\TwinPacemaker\cloud_server\venv\Lib\site-packages\pip\_vendor\urllib3\packages\six.py,34665,2026-04-02 05:05:17
D:\\Vibe Coding\\TwinPacemaker\cloud_server\venv\Lib\site-packages\pip\_vendor\urllib3\poolmanager.py,19752,2026-04-02 05:05:17
D:\\Vibe Coding\\TwinPacemaker\cloud_server\venv\Lib\site-packages\pip\_vendor\urllib3\request.py,6691,2026-04-02 05:05:17
D:\\Vibe Coding\\TwinPacemaker\cloud_server\venv\Lib\site-packages\pip\_vendor\urllib3\response.py,30641,2026-04-02 05:05:17
D:\\Vibe Coding\\TwinPacemaker\cloud_server\venv\Lib\site-packages\pip\_vendor\urllib3\util\__init__.py,1155,2026-04-02 05:05:17
D:\\Vibe Coding\\TwinPacemaker\cloud_server\venv\Lib\site-packages\pip\_vendor\urllib3\util\connection.py,4901,2026-04-02 05:05:17
D:\\Vibe Coding\\TwinPacemaker\cloud_server\venv\Lib\site-packages\pip\_vendor\urllib3\util\proxy.py,1605,2026-04-02 05:05:17
D:\\Vibe Coding\\TwinPacemaker\cloud_server\venv\Lib\site-packages\pip\_vendor\urllib3\util\queue.py,498,2026-04-02 05:05:17
D:\\Vibe Coding\\TwinPacemaker\cloud_server\venv\Lib\site-packages\pip\_vendor\urllib3\util\request.py,3997,2026-04-02 05:05:17
D:\\Vibe Coding\\TwinPacemaker\cloud_server\venv\Lib\site-packages\pip\_vendor\urllib3\util\response.py,3510,2026-04-02 05:05:17
D:\\Vibe Coding\\TwinPacemaker\cloud_server\venv\Lib\site-packages\pip\_vendor\urllib3\util\retry.py,22013,2026-04-02 05:05:17
D:\\Vibe Coding\\TwinPacemaker\cloud_server\venv\Lib\site-packages\pip\_vendor\urllib3\util\ssl_.py,17177,2026-04-02 05:05:17
D:\\Vibe Coding\\TwinPacemaker\cloud_server\venv\Lib\site-packages\pip\_vendor\urllib3\util\ssl_match_hostname.py,5758,2026-04-02 05:05:17
D:\\Vibe Coding\\TwinPacemaker\cloud_server\venv\Lib\site-packages\pip\_vendor\urllib3\util\ssltransport.py,6895,2026-04-02 05:05:17
D:\\Vibe Coding\\TwinPacemaker\cloud_server\venv\Lib\site-packages\pip\_vendor\urllib3\util\timeout.py,10168,2026-04-02 05:05:17
D:\\Vibe Coding\\TwinPacemaker\cloud_server\venv\Lib\site-packages\pip\_vendor\urllib3\util\url.py,14296,2026-04-02 05:05:17
D:\\Vibe Coding\\TwinPacemaker\cloud_server\venv\Lib\site-packages\pip\_vendor\urllib3\util\wait.py,5403,2026-04-02 05:05:17
D:\\Vibe Coding\\TwinPacemaker\cloud_server\venv\Lib\site-packages\pip\_vendor\vendor.txt,493,2026-04-02 05:05:17
D:\\Vibe Coding\\TwinPacemaker\cloud_server\venv\Lib\site-packages\pip\_vendor\webencodings\__init__.py,10579,2026-04-02 05:05:17
D:\\Vibe Coding\\TwinPacemaker\cloud_server\venv\Lib\site-packages\pip\_vendor\webencodings\labels.py,8979,2026-04-02 05:05:17
D:\\Vibe Coding\\TwinPacemaker\cloud_server\venv\Lib\site-packages\pip\_vendor\webencodings\mklabels.py,1305,2026-04-02 05:05:17
D:\\Vibe Coding\\TwinPacemaker\cloud_server\venv\Lib\site-packages\pip\_vendor\webencodings\tests.py,6563,2026-04-02 05:05:17
D:\\Vibe Coding\\TwinPacemaker\cloud_server\venv\Lib\site-packages\pip\_vendor\webencodings\x_user_defined.py,4307,2026-04-02 05:05:17
D:\\Vibe Coding\\TwinPacemaker\cloud_server\venv\Lib\site-packages\pip\py.typed,286,2026-04-02 05:05:16
D:\\Vibe Coding\\TwinPacemaker\cloud_server\venv\Lib\site-packages\pycparser-3.0.dist-info\INSTALLER,4,2026-04-02 05:05:59
D:\\Vibe Coding\\TwinPacemaker\cloud_server\venv\Lib\site-packages\pycparser-3.0.dist-info\licenses\LICENSE,1543,2026-04-02 05:05:59
D:\\Vibe Coding\\TwinPacemaker\cloud_server\venv\Lib\site-packages\pycparser-3.0.dist-info\METADATA,8229,2026-04-02 05:05:59
D:\\Vibe Coding\\TwinPacemaker\cloud_server\venv\Lib\site-packages\pycparser-3.0.dist-info\RECORD,1484,2026-04-02 05:05:59
D:\\Vibe Coding\\TwinPacemaker\cloud_server\venv\Lib\site-packages\pycparser-3.0.dist-info\top_level.txt,10,2026-04-02 05:05:59
D:\\Vibe Coding\\TwinPacemaker\cloud_server\venv\Lib\site-packages\pycparser-3.0.dist-info\WHEEL,92,2026-04-02 05:05:59
D:\\Vibe Coding\\TwinPacemaker\cloud_server\venv\Lib\site-packages\pycparser\__init__.py,2829,2026-04-02 05:05:59
D:\\Vibe Coding\\TwinPacemaker\cloud_server\venv\Lib\site-packages\pycparser\_ast_gen.py,11292,2026-04-02 05:05:59
D:\\Vibe Coding\\TwinPacemaker\cloud_server\venv\Lib\site-packages\pycparser\_c_ast.cfg,4255,2026-04-02 05:05:59
D:\\Vibe Coding\\TwinPacemaker\cloud_server\venv\Lib\site-packages\pycparser\ast_transforms.py,5899,2026-04-02 05:05:59
D:\\Vibe Coding\\TwinPacemaker\cloud_server\venv\Lib\site-packages\pycparser\c_ast.py,32954,2026-04-02 05:05:59
D:\\Vibe Coding\\TwinPacemaker\cloud_server\venv\Lib\site-packages\pycparser\c_generator.py,20661,2026-04-02 05:05:59
D:\\Vibe Coding\\TwinPacemaker\cloud_server\venv\Lib\site-packages\pycparser\c_lexer.py,25155,2026-04-02 05:05:59
D:\\Vibe Coding\\TwinPacemaker\cloud_server\venv\Lib\site-packages\pycparser\c_parser.py,89798,2026-04-02 05:05:59
D:\\Vibe Coding\\TwinPacemaker\cloud_server\venv\Lib\site-packages\pydantic-2.12.5.dist-info\INSTALLER,4,2026-04-02 05:06:20
D:\\Vibe Coding\\TwinPacemaker\cloud_server\venv\Lib\site-packages\pydantic-2.12.5.dist-info\licenses\LICENSE,1129,2026-04-02 05:06:17
D:\\Vibe Coding\\TwinPacemaker\cloud_server\venv\Lib\site-packages\pydantic-2.12.5.dist-info\METADATA,90587,2026-04-02 05:06:17
D:\\Vibe Coding\\TwinPacemaker\cloud_server\venv\Lib\site-packages\pydantic-2.12.5.dist-info\RECORD,15545,2026-04-02 05:06:20
D:\\Vibe Coding\\TwinPacemaker\cloud_server\venv\Lib\site-packages\pydantic-2.12.5.dist-info\REQUESTED,0,2026-04-02 05:06:20
D:\\Vibe Coding\\TwinPacemaker\cloud_server\venv\Lib\site-packages\pydantic-2.12.5.dist-info\WHEEL,87,2026-04-02 05:06:17
D:\\Vibe Coding\\TwinPacemaker\cloud_server\venv\Lib\site-packages\pydantic\__init__.py,15812,2026-04-02 05:06:17
D:\\Vibe Coding\\TwinPacemaker\cloud_server\venv\Lib\site-packages\pydantic\_internal\__init__.py,0,2026-04-02 05:06:17
D:\\Vibe Coding\\TwinPacemaker\cloud_server\venv\Lib\site-packages\pydantic\_internal\_config.py,14674,2026-04-02 05:06:17
D:\\Vibe Coding\\TwinPacemaker\cloud_server\venv\Lib\site-packages\pydantic\_internal\_core_metadata.py,5162,2026-04-02 05:06:17
D:\\Vibe Coding\\TwinPacemaker\cloud_server\venv\Lib\site-packages\pydantic\_internal\_core_utils.py,6487,2026-04-02 05:06:17
D:\\Vibe Coding\\TwinPacemaker\cloud_server\venv\Lib\site-packages\pydantic\_internal\_dataclasses.py,13158,2026-04-02 05:06:17
D:\\Vibe Coding\\TwinPacemaker\cloud_server\venv\Lib\site-packages\pydantic\_internal\_decorators.py,33529,2026-04-02 05:06:17
D:\\Vibe Coding\\TwinPacemaker\cloud_server\venv\Lib\site-packages\pydantic\_internal\_decorators_v1.py,6185,2026-04-02 05:06:17
D:\\Vibe Coding\\TwinPacemaker\cloud_server\venv\Lib\site-packages\pydantic\_internal\_discriminated_union.py,25478,2026-04-02 05:06:17
D:\\Vibe Coding\\TwinPacemaker\cloud_server\venv\Lib\site-packages\pydantic\_internal\_docs_extraction.py,4127,2026-04-02 05:06:17
D:\\Vibe Coding\\TwinPacemaker\cloud_server\venv\Lib\site-packages\pydantic\_internal\_fields.py,28093,2026-04-02 05:06:17
D:\\Vibe Coding\\TwinPacemaker\cloud_server\venv\Lib\site-packages\pydantic\_internal\_forward_ref.py,611,2026-04-02 05:06:17
D:\\Vibe Coding\\TwinPacemaker\cloud_server\venv\Lib\site-packages\pydantic\_internal\_generate_schema.py,132665,2026-04-02 05:06:17
D:\\Vibe Coding\\TwinPacemaker\cloud_server\venv\Lib\site-packages\pydantic\_internal\_generics.py,23822,2026-04-02 05:06:17
D:\\Vibe Coding\\TwinPacemaker\cloud_server\venv\Lib\site-packages\pydantic\_internal\_git.py,809,2026-04-02 05:06:17
D:\\Vibe Coding\\TwinPacemaker\cloud_server\venv\Lib\site-packages\pydantic\_internal\_import_utils.py,402,2026-04-02 05:06:17
D:\\Vibe Coding\\TwinPacemaker\cloud_server\venv\Lib\site-packages\pydantic\_internal\_internal_dataclass.py,144,2026-04-02 05:06:17
D:\\Vibe Coding\\TwinPacemaker\cloud_server\venv\Lib\site-packages\pydantic\_internal\_known_annotated_metadata.py,16765,2026-04-02 05:06:17
D:\\Vibe Coding\\TwinPacemaker\cloud_server\venv\Lib\site-packages\pydantic\_internal\_mock_val_ser.py,8885,2026-04-02 05:06:17
D:\\Vibe Coding\\TwinPacemaker\cloud_server\venv\Lib\site-packages\pydantic\_internal\_model_construction.py,37783,2026-04-02 05:06:17
D:\\Vibe Coding\\TwinPacemaker\cloud_server\venv\Lib\site-packages\pydantic\_internal\_namespace_utils.py,12878,2026-04-02 05:06:17
D:\\Vibe Coding\\TwinPacemaker\cloud_server\venv\Lib\site-packages\pydantic\_internal\_repr.py,5172,2026-04-02 05:06:17
D:\\Vibe Coding\\TwinPacemaker\cloud_server\venv\Lib\site-packages\pydantic\_internal\_schema_gather.py,9114,2026-04-02 05:06:17
D:\\Vibe Coding\\TwinPacemaker\cloud_server\venv\Lib\site-packages\pydantic\_internal\_schema_generation_shared.py,4842,2026-04-02 05:06:17
D:\\Vibe Coding\\TwinPacemaker\cloud_server\venv\Lib\site-packages\pydantic\_internal\_serializers.py,1491,2026-04-02 05:06:17
D:\\Vibe Coding\\TwinPacemaker\cloud_server\venv\Lib\site-packages\pydantic\_internal\_signature.py,6779,2026-04-02 05:06:17
D:\\Vibe Coding\\TwinPacemaker\cloud_server\venv\Lib\site-packages\pydantic\_internal\_typing_extra.py,30309,2026-04-02 05:06:17
D:\\Vibe Coding\\TwinPacemaker\cloud_server\venv\Lib\site-packages\pydantic\_internal\_utils.py,15912,2026-04-02 05:06:17
D:\\Vibe Coding\\TwinPacemaker\cloud_server\venv\Lib\site-packages\pydantic\_internal\_validate_call.py,5321,2026-04-02 05:06:17
D:\\Vibe Coding\\TwinPacemaker\cloud_server\venv\Lib\site-packages\pydantic\_internal\_validators.py,20588,2026-04-02 05:06:17
D:\\Vibe Coding\\TwinPacemaker\cloud_server\venv\Lib\site-packages\pydantic\_migration.py,12160,2026-04-02 05:06:17
D:\\Vibe Coding\\TwinPacemaker\cloud_server\venv\Lib\site-packages\pydantic\alias_generators.py,2124,2026-04-02 05:06:17
D:\\Vibe Coding\\TwinPacemaker\cloud_server\venv\Lib\site-packages\pydantic\aliases.py,4937,2026-04-02 05:06:17
D:\\Vibe Coding\\TwinPacemaker\cloud_server\venv\Lib\site-packages\pydantic\annotated_handlers.py,4407,2026-04-02 05:06:17
D:\\Vibe Coding\\TwinPacemaker\cloud_server\venv\Lib\site-packages\pydantic\class_validators.py,148,2026-04-02 05:06:17
D:\\Vibe Coding\\TwinPacemaker\cloud_server\venv\Lib\site-packages\pydantic\color.py,21481,2026-04-02 05:06:17
D:\\Vibe Coding\\TwinPacemaker\cloud_server\venv\Lib\site-packages\pydantic\config.py,44267,2026-04-02 05:06:17
D:\\Vibe Coding\\TwinPacemaker\cloud_server\venv\Lib\site-packages\pydantic\dataclasses.py,18936,2026-04-02 05:06:17
D:\\Vibe Coding\\TwinPacemaker\cloud_server\venv\Lib\site-packages\pydantic\datetime_parse.py,150,2026-04-02 05:06:17
D:\\Vibe Coding\\TwinPacemaker\cloud_server\venv\Lib\site-packages\pydantic\decorator.py,145,2026-04-02 05:06:17
D:\\Vibe Coding\\TwinPacemaker\cloud_server\venv\Lib\site-packages\pydantic\deprecated\__init__.py,0,2026-04-02 05:06:17
D:\\Vibe Coding\\TwinPacemaker\cloud_server\venv\Lib\site-packages\pydantic\deprecated\class_validators.py,10273,2026-04-02 05:06:17
D:\\Vibe Coding\\TwinPacemaker\cloud_server\venv\Lib\site-packages\pydantic\deprecated\config.py,2663,2026-04-02 05:06:17
D:\\Vibe Coding\\TwinPacemaker\cloud_server\venv\Lib\site-packages\pydantic\deprecated\copy_internals.py,7618,2026-04-02 05:06:17
D:\\Vibe Coding\\TwinPacemaker\cloud_server\venv\Lib\site-packages\pydantic\deprecated\decorator.py,10845,2026-04-02 05:06:17
D:\\Vibe Coding\\TwinPacemaker\cloud_server\venv\Lib\site-packages\pydantic\deprecated\json.py,4657,2026-04-02 05:06:17
D:\\Vibe Coding\\TwinPacemaker\cloud_server\venv\Lib\site-packages\pydantic\deprecated\parse.py,2511,2026-04-02 05:06:17
D:\\Vibe Coding\\TwinPacemaker\cloud_server\venv\Lib\site-packages\pydantic\deprecated\tools.py,3330,2026-04-02 05:06:17
D:\\Vibe Coding\\TwinPacemaker\cloud_server\venv\Lib\site-packages\pydantic\env_settings.py,148,2026-04-02 05:06:17
D:\\Vibe Coding\\TwinPacemaker\cloud_server\venv\Lib\site-packages\pydantic\error_wrappers.py,150,2026-04-02 05:06:17
D:\\Vibe Coding\\TwinPacemaker\cloud_server\venv\Lib\site-packages\pydantic\errors.py,6002,2026-04-02 05:06:17
D:\\Vibe Coding\\TwinPacemaker\cloud_server\venv\Lib\site-packages\pydantic\experimental\__init__.py,104,2026-04-02 05:06:17
D:\\Vibe Coding\\TwinPacemaker\cloud_server\venv\Lib\site-packages\pydantic\experimental\arguments_schema.py,1866,2026-04-02 05:06:17
D:\\Vibe Coding\\TwinPacemaker\cloud_server\venv\Lib\site-packages\pydantic\experimental\missing_sentinel.py,127,2026-04-02 05:06:17
D:\\Vibe Coding\\TwinPacemaker\cloud_server\venv\Lib\site-packages\pydantic\experimental\pipeline.py,23582,2026-04-02 05:06:17
D:\\Vibe Coding\\TwinPacemaker\cloud_server\venv\Lib\site-packages\pydantic\fields.py,79194,2026-04-02 05:06:17
D:\\Vibe Coding\\TwinPacemaker\cloud_server\venv\Lib\site-packages\pydantic\functional_serializers.py,17151,2026-04-02 05:06:17
D:\\Vibe Coding\\TwinPacemaker\cloud_server\venv\Lib\site-packages\pydantic\functional_validators.py,31839,2026-04-02 05:06:17
D:\\Vibe Coding\\TwinPacemaker\cloud_server\venv\Lib\site-packages\pydantic\generics.py,144,2026-04-02 05:06:17
D:\\Vibe Coding\\TwinPacemaker\cloud_server\venv\Lib\site-packages\pydantic\json.py,140,2026-04-02 05:06:17
D:\\Vibe Coding\\TwinPacemaker\cloud_server\venv\Lib\site-packages\pydantic\json_schema.py,123653,2026-04-02 05:06:17
D:\\Vibe Coding\\TwinPacemaker\cloud_server\venv\Lib\site-packages\pydantic\main.py,84205,2026-04-02 05:06:17
D:\\Vibe Coding\\TwinPacemaker\cloud_server\venv\Lib\site-packages\pydantic\mypy.py,58986,2026-04-02 05:06:17
D:\\Vibe Coding\\TwinPacemaker\cloud_server\venv\Lib\site-packages\pydantic\networks.py,42099,2026-04-02 05:06:17
D:\\Vibe Coding\\TwinPacemaker\cloud_server\venv\Lib\site-packages\pydantic\parse.py,141,2026-04-02 05:06:17
D:\\Vibe Coding\\TwinPacemaker\cloud_server\venv\Lib\site-packages\pydantic\plugin\__init__.py,7333,2026-04-02 05:06:17
D:\\Vibe Coding\\TwinPacemaker\cloud_server\venv\Lib\site-packages\pydantic\plugin\_loader.py,2210,2026-04-02 05:06:17
D:\\Vibe Coding\\TwinPacemaker\cloud_server\venv\Lib\site-packages\pydantic\plugin\_schema_validator.py,5267,2026-04-02 05:06:17
D:\\Vibe Coding\\TwinPacemaker\cloud_server\venv\Lib\site-packages\pydantic\py.typed,0,2026-04-02 05:06:17
D:\\Vibe Coding\\TwinPacemaker\cloud_server\venv\Lib\site-packages\pydantic\root_model.py,6311,2026-04-02 05:06:17
D:\\Vibe Coding\\TwinPacemaker\cloud_server\venv\Lib\site-packages\pydantic\schema.py,142,2026-04-02 05:06:17
D:\\Vibe Coding\\TwinPacemaker\cloud_server\venv\Lib\site-packages\pydantic\tools.py,141,2026-04-02 05:06:17
D:\\Vibe Coding\\TwinPacemaker\cloud_server\venv\Lib\site-packages\pydantic\type_adapter.py,35653,2026-04-02 05:06:17
D:\\Vibe Coding\\TwinPacemaker\cloud_server\venv\Lib\site-packages\pydantic\types.py,105431,2026-04-02 05:06:17
D:\\Vibe Coding\\TwinPacemaker\cloud_server\venv\Lib\site-packages\pydantic\typing.py,138,2026-04-02 05:06:17
D:\\Vibe Coding\\TwinPacemaker\cloud_server\venv\Lib\site-packages\pydantic\utils.py,141,2026-04-02 05:06:17
D:\\Vibe Coding\\TwinPacemaker\cloud_server\venv\Lib\site-packages\pydantic\v1\__init__.py,3164,2026-04-02 05:06:17
D:\\Vibe Coding\\TwinPacemaker\cloud_server\venv\Lib\site-packages\pydantic\v1\_hypothesis_plugin.py,14847,2026-04-02 05:06:17
D:\\Vibe Coding\\TwinPacemaker\cloud_server\venv\Lib\site-packages\pydantic\v1\annotated_types.py,3157,2026-04-02 05:06:17
D:\\Vibe Coding\\TwinPacemaker\cloud_server\venv\Lib\site-packages\pydantic\v1\class_validators.py,14672,2026-04-02 05:06:17
D:\\Vibe Coding\\TwinPacemaker\cloud_server\venv\Lib\site-packages\pydantic\v1\color.py,16844,2026-04-02 05:06:17
D:\\Vibe Coding\\TwinPacemaker\cloud_server\venv\Lib\site-packages\pydantic\v1\config.py,6532,2026-04-02 05:06:17
D:\\Vibe Coding\\TwinPacemaker\cloud_server\venv\Lib\site-packages\pydantic\v1\dataclasses.py,18172,2026-04-02 05:06:17
D:\\Vibe Coding\\TwinPacemaker\cloud_server\venv\Lib\site-packages\pydantic\v1\datetime_parse.py,7724,2026-04-02 05:06:17
D:\\Vibe Coding\\TwinPacemaker\cloud_server\venv\Lib\site-packages\pydantic\v1\decorator.py,10339,2026-04-02 05:06:17
D:\\Vibe Coding\\TwinPacemaker\cloud_server\venv\Lib\site-packages\pydantic\v1\env_settings.py,14105,2026-04-02 05:06:17
D:\\Vibe Coding\\TwinPacemaker\cloud_server\venv\Lib\site-packages\pydantic\v1\error_wrappers.py,5196,2026-04-02 05:06:17
D:\\Vibe Coding\\TwinPacemaker\cloud_server\venv\Lib\site-packages\pydantic\v1\errors.py,17726,2026-04-02 05:06:17
D:\\Vibe Coding\\TwinPacemaker\cloud_server\venv\Lib\site-packages\pydantic\v1\fields.py,50649,2026-04-02 05:06:17
D:\\Vibe Coding\\TwinPacemaker\cloud_server\venv\Lib\site-packages\pydantic\v1\generics.py,17871,2026-04-02 05:06:17
D:\\Vibe Coding\\TwinPacemaker\cloud_server\venv\Lib\site-packages\pydantic\v1\json.py,3390,2026-04-02 05:06:17
D:\\Vibe Coding\\TwinPacemaker\cloud_server\venv\Lib\site-packages\pydantic\v1\main.py,44824,2026-04-02 05:06:17
D:\\Vibe Coding\\TwinPacemaker\cloud_server\venv\Lib\site-packages\pydantic\v1\mypy.py,38860,2026-04-02 05:06:17
D:\\Vibe Coding\\TwinPacemaker\cloud_server\venv\Lib\site-packages\pydantic\v1\networks.py,22124,2026-04-02 05:06:17
D:\\Vibe Coding\\TwinPacemaker\cloud_server\venv\Lib\site-packages\pydantic\v1\parse.py,1821,2026-04-02 05:06:17
D:\\Vibe Coding\\TwinPacemaker\cloud_server\venv\Lib\site-packages\pydantic\v1\py.typed,0,2026-04-02 05:06:17
D:\\Vibe Coding\\TwinPacemaker\cloud_server\venv\Lib\site-packages\pydantic\v1\schema.py,47801,2026-04-02 05:06:17
D:\\Vibe Coding\\TwinPacemaker\cloud_server\venv\Lib\site-packages\pydantic\v1\tools.py,2881,2026-04-02 05:06:17
D:\\Vibe Coding\\TwinPacemaker\cloud_server\venv\Lib\site-packages\pydantic\v1\types.py,35455,2026-04-02 05:06:17
D:\\Vibe Coding\\TwinPacemaker\cloud_server\venv\Lib\site-packages\pydantic\v1\typing.py,19677,2026-04-02 05:06:17
D:\\Vibe Coding\\TwinPacemaker\cloud_server\venv\Lib\site-packages\pydantic\v1\utils.py,25989,2026-04-02 05:06:17
D:\\Vibe Coding\\TwinPacemaker\cloud_server\venv\Lib\site-packages\pydantic\v1\validators.py,22187,2026-04-02 05:06:17
D:\\Vibe Coding\\TwinPacemaker\cloud_server\venv\Lib\site-packages\pydantic\v1\version.py,1039,2026-04-02 05:06:17
D:\\Vibe Coding\\TwinPacemaker\cloud_server\venv\Lib\site-packages\pydantic\validate_call_decorator.py,4389,2026-04-02 05:06:17
D:\\Vibe Coding\\TwinPacemaker\cloud_server\venv\Lib\site-packages\pydantic\validators.py,146,2026-04-02 05:06:17
D:\\Vibe Coding\\TwinPacemaker\cloud_server\venv\Lib\site-packages\pydantic\version.py,3985,2026-04-02 05:06:17
D:\\Vibe Coding\\TwinPacemaker\cloud_server\venv\Lib\site-packages\pydantic\warnings.py,4802,2026-04-02 05:06:17
D:\\Vibe Coding\\TwinPacemaker\cloud_server\venv\Lib\site-packages\pydantic_core-2.41.5.dist-info\INSTALLER,4,2026-04-02 05:06:11
D:\\Vibe Coding\\TwinPacemaker\cloud_server\venv\Lib\site-packages\pydantic_core-2.41.5.dist-info\licenses\LICENSE,1101,2026-04-02 05:06:10
D:\\Vibe Coding\\TwinPacemaker\cloud_server\venv\Lib\site-packages\pydantic_core-2.41.5.dist-info\METADATA,7420,2026-04-02 05:06:10
D:\\Vibe Coding\\TwinPacemaker\cloud_server\venv\Lib\site-packages\pydantic_core-2.41.5.dist-info\RECORD,989,2026-04-02 05:06:11
D:\\Vibe Coding\\TwinPacemaker\cloud_server\venv\Lib\site-packages\pydantic_core-2.41.5.dist-info\WHEEL,96,2026-04-02 05:06:10
D:\\Vibe Coding\\TwinPacemaker\cloud_server\venv\Lib\site-packages\pydantic_core\__init__.py,5286,2026-04-02 05:06:10
D:\\Vibe Coding\\TwinPacemaker\cloud_server\venv\Lib\site-packages\pydantic_core\_pydantic_core.cp312-win_amd64.pyd,5436928,2026-04-02 05:06:10
D:\\Vibe Coding\\TwinPacemaker\cloud_server\venv\Lib\site-packages\pydantic_core\_pydantic_core.pyi,45973,2026-04-02 05:06:10
D:\\Vibe Coding\\TwinPacemaker\cloud_server\venv\Lib\site-packages\pydantic_core\core_schema.py,159165,2026-04-02 05:06:10
D:\\Vibe Coding\\TwinPacemaker\cloud_server\venv\Lib\site-packages\pydantic_core\py.typed,0,2026-04-02 05:06:10
D:\\Vibe Coding\\TwinPacemaker\cloud_server\venv\Lib\site-packages\PySocks-1.7.1.dist-info\INSTALLER,4,2026-04-02 05:05:59
D:\\Vibe Coding\\TwinPacemaker\cloud_server\venv\Lib\site-packages\PySocks-1.7.1.dist-info\LICENSE,1401,2026-04-02 05:05:59
D:\\Vibe Coding\\TwinPacemaker\cloud_server\venv\Lib\site-packages\PySocks-1.7.1.dist-info\METADATA,13235,2026-04-02 05:05:59
D:\\Vibe Coding\\TwinPacemaker\cloud_server\venv\Lib\site-packages\PySocks-1.7.1.dist-info\RECORD,701,2026-04-02 05:05:59
D:\\Vibe Coding\\TwinPacemaker\cloud_server\venv\Lib\site-packages\PySocks-1.7.1.dist-info\top_level.txt,19,2026-04-02 05:05:59
D:\\Vibe Coding\\TwinPacemaker\cloud_server\venv\Lib\site-packages\PySocks-1.7.1.dist-info\WHEEL,92,2026-04-02 05:05:59
D:\\Vibe Coding\\TwinPacemaker\cloud_server\venv\Lib\site-packages\python_dotenv-1.2.2.dist-info\entry_points.txt,47,2026-04-02 05:05:58
D:\\Vibe Coding\\TwinPacemaker\cloud_server\venv\Lib\site-packages\python_dotenv-1.2.2.dist-info\INSTALLER,4,2026-04-02 05:05:59
D:\\Vibe Coding\\TwinPacemaker\cloud_server\venv\Lib\site-packages\python_dotenv-1.2.2.dist-info\licenses\LICENSE,1556,2026-04-02 05:05:58
D:\\Vibe Coding\\TwinPacemaker\cloud_server\venv\Lib\site-packages\python_dotenv-1.2.2.dist-info\METADATA,27524,2026-04-02 05:05:58
D:\\Vibe Coding\\TwinPacemaker\cloud_server\venv\Lib\site-packages\python_dotenv-1.2.2.dist-info\RECORD,1833,2026-04-02 05:05:59
D:\\Vibe Coding\\TwinPacemaker\cloud_server\venv\Lib\site-packages\python_dotenv-1.2.2.dist-info\REQUESTED,0,2026-04-02 05:05:59
D:\\Vibe Coding\\TwinPacemaker\cloud_server\venv\Lib\site-packages\python_dotenv-1.2.2.dist-info\top_level.txt,7,2026-04-02 05:05:58
D:\\Vibe Coding\\TwinPacemaker\cloud_server\venv\Lib\site-packages\python_dotenv-1.2.2.dist-info\WHEEL,91,2026-04-02 05:05:58
D:\\Vibe Coding\\TwinPacemaker\cloud_server\venv\Lib\site-packages\requests-2.33.1.dist-info\INSTALLER,4,2026-04-02 05:06:10
D:\\Vibe Coding\\TwinPacemaker\cloud_server\venv\Lib\site-packages\requests-2.33.1.dist-info\licenses\LICENSE,10142,2026-04-02 05:06:10
D:\\Vibe Coding\\TwinPacemaker\cloud_server\venv\Lib\site-packages\requests-2.33.1.dist-info\licenses\NOTICE,38,2026-04-02 05:06:10
D:\\Vibe Coding\\TwinPacemaker\cloud_server\venv\Lib\site-packages\requests-2.33.1.dist-info\METADATA,4822,2026-04-02 05:06:10
D:\\Vibe Coding\\TwinPacemaker\cloud_server\venv\Lib\site-packages\requests-2.33.1.dist-info\RECORD,2867,2026-04-02 05:06:10
D:\\Vibe Coding\\TwinPacemaker\cloud_server\venv\Lib\site-packages\requests-2.33.1.dist-info\top_level.txt,9,2026-04-02 05:06:10
D:\\Vibe Coding\\TwinPacemaker\cloud_server\venv\Lib\site-packages\requests-2.33.1.dist-info\WHEEL,91,2026-04-02 05:06:10
D:\\Vibe Coding\\TwinPacemaker\cloud_server\venv\Lib\site-packages\requests\__init__.py,5044,2026-04-02 05:06:10
D:\\Vibe Coding\\TwinPacemaker\cloud_server\venv\Lib\site-packages\requests\__version__.py,435,2026-04-02 05:06:10
D:\\Vibe Coding\\TwinPacemaker\cloud_server\venv\Lib\site-packages\requests\_internal_utils.py,1502,2026-04-02 05:06:10
D:\\Vibe Coding\\TwinPacemaker\cloud_server\venv\Lib\site-packages\requests\adapters.py,26172,2026-04-02 05:06:10
D:\\Vibe Coding\\TwinPacemaker\cloud_server\venv\Lib\site-packages\requests\api.py,6449,2026-04-02 05:06:10
D:\\Vibe Coding\\TwinPacemaker\cloud_server\venv\Lib\site-packages\requests\auth.py,10170,2026-04-02 05:06:10
D:\\Vibe Coding\\TwinPacemaker\cloud_server\venv\Lib\site-packages\requests\certs.py,430,2026-04-02 05:06:10
D:\\Vibe Coding\\TwinPacemaker\cloud_server\venv\Lib\site-packages\requests\compat.py,2142,2026-04-02 05:06:10
D:\\Vibe Coding\\TwinPacemaker\cloud_server\venv\Lib\site-packages\requests\cookies.py,18590,2026-04-02 05:06:10
D:\\Vibe Coding\\TwinPacemaker\cloud_server\venv\Lib\site-packages\requests\exceptions.py,4261,2026-04-02 05:06:10
D:\\Vibe Coding\\TwinPacemaker\cloud_server\venv\Lib\site-packages\requests\help.py,3802,2026-04-02 05:06:10
D:\\Vibe Coding\\TwinPacemaker\cloud_server\venv\Lib\site-packages\requests\hooks.py,734,2026-04-02 05:06:10
D:\\Vibe Coding\\TwinPacemaker\cloud_server\venv\Lib\site-packages\requests\models.py,35465,2026-04-02 05:06:10
D:\\Vibe Coding\\TwinPacemaker\cloud_server\venv\Lib\site-packages\requests\packages.py,904,2026-04-02 05:06:10
D:\\Vibe Coding\\TwinPacemaker\cloud_server\venv\Lib\site-packages\requests\sessions.py,30645,2026-04-02 05:06:10
D:\\Vibe Coding\\TwinPacemaker\cloud_server\venv\Lib\site-packages\requests\status_codes.py,4322,2026-04-02 05:06:10
D:\\Vibe Coding\\TwinPacemaker\cloud_server\venv\Lib\site-packages\requests\structures.py,2912,2026-04-02 05:06:10
D:\\Vibe Coding\\TwinPacemaker\cloud_server\venv\Lib\site-packages\requests\utils.py,32966,2026-04-02 05:06:10
D:\\Vibe Coding\\TwinPacemaker\cloud_server\venv\Lib\site-packages\requests_file-3.0.1.dist-info\INSTALLER,4,2026-04-02 05:06:17
D:\\Vibe Coding\\TwinPacemaker\cloud_server\venv\Lib\site-packages\requests_file-3.0.1.dist-info\licenses\LICENSE,581,2026-04-02 05:06:17
D:\\Vibe Coding\\TwinPacemaker\cloud_server\venv\Lib\site-packages\requests_file-3.0.1.dist-info\METADATA,1713,2026-04-02 05:06:17
D:\\Vibe Coding\\TwinPacemaker\cloud_server\venv\Lib\site-packages\requests_file-3.0.1.dist-info\RECORD,738,2026-04-02 05:06:17
D:\\Vibe Coding\\TwinPacemaker\cloud_server\venv\Lib\site-packages\requests_file-3.0.1.dist-info\top_level.txt,14,2026-04-02 05:06:17
D:\\Vibe Coding\\TwinPacemaker\cloud_server\venv\Lib\site-packages\requests_file-3.0.1.dist-info\WHEEL,109,2026-04-02 05:06:17
D:\\Vibe Coding\\TwinPacemaker\cloud_server\venv\Lib\site-packages\requests_file\__init__.py,5144,2026-04-02 05:06:17
D:\\Vibe Coding\\TwinPacemaker\cloud_server\venv\Lib\site-packages\requests_file\py.typed,0,2026-04-02 05:06:17
D:\\Vibe Coding\\TwinPacemaker\cloud_server\venv\Lib\site-packages\socks.py,31086,2026-04-02 05:05:59
D:\\Vibe Coding\\TwinPacemaker\cloud_server\venv\Lib\site-packages\sockshandler.py,3966,2026-04-02 05:05:59
D:\\Vibe Coding\\TwinPacemaker\cloud_server\venv\Lib\site-packages\starlette-1.0.0.dist-info\INSTALLER,4,2026-04-02 05:06:17
D:\\Vibe Coding\\TwinPacemaker\cloud_server\venv\Lib\site-packages\starlette-1.0.0.dist-info\licenses\LICENSE.md,1518,2026-04-02 05:06:15
D:\\Vibe Coding\\TwinPacemaker\cloud_server\venv\Lib\site-packages\starlette-1.0.0.dist-info\METADATA,6312,2026-04-02 05:06:15
D:\\Vibe Coding\\TwinPacemaker\cloud_server\venv\Lib\site-packages\starlette-1.0.0.dist-info\RECORD,5185,2026-04-02 05:06:17
D:\\Vibe Coding\\TwinPacemaker\cloud_server\venv\Lib\site-packages\starlette-1.0.0.dist-info\WHEEL,87,2026-04-02 05:06:15
D:\\Vibe Coding\\TwinPacemaker\cloud_server\venv\Lib\site-packages\starlette\__init__.py,22,2026-04-02 05:06:15
D:\\Vibe Coding\\TwinPacemaker\cloud_server\venv\Lib\site-packages\starlette\_exception_handler.py,2205,2026-04-02 05:06:15
D:\\Vibe Coding\\TwinPacemaker\cloud_server\venv\Lib\site-packages\starlette\_utils.py,2833,2026-04-02 05:06:15
D:\\Vibe Coding\\TwinPacemaker\cloud_server\venv\Lib\site-packages\starlette\applications.py,5291,2026-04-02 05:06:15
D:\\Vibe Coding\\TwinPacemaker\cloud_server\venv\Lib\site-packages\starlette\authentication.py,4750,2026-04-02 05:06:15
D:\\Vibe Coding\\TwinPacemaker\cloud_server\venv\Lib\site-packages\starlette\background.py,1122,2026-04-02 05:06:15
D:\\Vibe Coding\\TwinPacemaker\cloud_server\venv\Lib\site-packages\starlette\concurrency.py,1630,2026-04-02 05:06:15
D:\\Vibe Coding\\TwinPacemaker\cloud_server\venv\Lib\site-packages\starlette\config.py,4426,2026-04-02 05:06:15
D:\\Vibe Coding\\TwinPacemaker\cloud_server\venv\Lib\site-packages\starlette\convertors.py,2304,2026-04-02 05:06:15
D:\\Vibe Coding\\TwinPacemaker\cloud_server\venv\Lib\site-packages\starlette\datastructures.py,22829,2026-04-02 05:06:15
D:\\Vibe Coding\\TwinPacemaker\cloud_server\venv\Lib\site-packages\starlette\endpoints.py,5099,2026-04-02 05:06:15
D:\\Vibe Coding\\TwinPacemaker\cloud_server\venv\Lib\site-packages\starlette\exceptions.py,1066,2026-04-02 05:06:15
D:\\Vibe Coding\\TwinPacemaker\cloud_server\venv\Lib\site-packages\starlette\formparsers.py,11132,2026-04-02 05:06:15
D:\\Vibe Coding\\TwinPacemaker\cloud_server\venv\Lib\site-packages\starlette\middleware\__init__.py,1349,2026-04-02 05:06:15
D:\\Vibe Coding\\TwinPacemaker\cloud_server\venv\Lib\site-packages\starlette\middleware\authentication.py,1800,2026-04-02 05:06:15
D:\\Vibe Coding\\TwinPacemaker\cloud_server\venv\Lib\site-packages\starlette\middleware\base.py,10333,2026-04-02 05:06:15
D:\\Vibe Coding\\TwinPacemaker\cloud_server\venv\Lib\site-packages\starlette\middleware\cors.py,7509,2026-04-02 05:06:15
D:\\Vibe Coding\\TwinPacemaker\cloud_server\venv\Lib\site-packages\starlette\middleware\errors.py,8037,2026-04-02 05:06:15
D:\\Vibe Coding\\TwinPacemaker\cloud_server\venv\Lib\site-packages\starlette\middleware\exceptions.py,2784,2026-04-02 05:06:15
D:\\Vibe Coding\\TwinPacemaker\cloud_server\venv\Lib\site-packages\starlette\middleware\gzip.py,5899,2026-04-02 05:06:15
D:\\Vibe Coding\\TwinPacemaker\cloud_server\venv\Lib\site-packages\starlette\middleware\httpsredirect.py,848,2026-04-02 05:06:15
D:\\Vibe Coding\\TwinPacemaker\cloud_server\venv\Lib\site-packages\starlette\middleware\sessions.py,4778,2026-04-02 05:06:15
D:\\Vibe Coding\\TwinPacemaker\cloud_server\venv\Lib\site-packages\starlette\middleware\trustedhost.py,2219,2026-04-02 05:06:15
D:\\Vibe Coding\\TwinPacemaker\cloud_server\venv\Lib\site-packages\starlette\middleware\wsgi.py,5368,2026-04-02 05:06:15
D:\\Vibe Coding\\TwinPacemaker\cloud_server\venv\Lib\site-packages\starlette\py.typed,0,2026-04-02 05:06:15
D:\\Vibe Coding\\TwinPacemaker\cloud_server\venv\Lib\site-packages\starlette\requests.py,12253,2026-04-02 05:06:15
D:\\Vibe Coding\\TwinPacemaker\cloud_server\venv\Lib\site-packages\starlette\responses.py,21757,2026-04-02 05:06:15
D:\\Vibe Coding\\TwinPacemaker\cloud_server\venv\Lib\site-packages\starlette\routing.py,29494,2026-04-02 05:06:15
D:\\Vibe Coding\\TwinPacemaker\cloud_server\venv\Lib\site-packages\starlette\schemas.py,5168,2026-04-02 05:06:15
D:\\Vibe Coding\\TwinPacemaker\cloud_server\venv\Lib\site-packages\starlette\staticfiles.py,8627,2026-04-02 05:06:15
D:\\Vibe Coding\\TwinPacemaker\cloud_server\venv\Lib\site-packages\starlette\status.py,6359,2026-04-02 05:06:15
D:\\Vibe Coding\\TwinPacemaker\cloud_server\venv\Lib\site-packages\starlette\templating.py,5447,2026-04-02 05:06:15
D:\\Vibe Coding\\TwinPacemaker\cloud_server\venv\Lib\site-packages\starlette\testclient.py,27850,2026-04-02 05:06:15
D:\\Vibe Coding\\TwinPacemaker\cloud_server\venv\Lib\site-packages\starlette\types.py,1041,2026-04-02 05:06:15
D:\\Vibe Coding\\TwinPacemaker\cloud_server\venv\Lib\site-packages\starlette\websockets.py,8352,2026-04-02 05:06:15
D:\\Vibe Coding\\TwinPacemaker\cloud_server\venv\Lib\site-packages\tldextract-5.3.1.dist-info\entry_points.txt,51,2026-04-02 05:06:27
D:\\Vibe Coding\\TwinPacemaker\cloud_server\venv\Lib\site-packages\tldextract-5.3.1.dist-info\INSTALLER,4,2026-04-02 05:06:28
D:\\Vibe Coding\\TwinPacemaker\cloud_server\venv\Lib\site-packages\tldextract-5.3.1.dist-info\licenses\LICENSE,1527,2026-04-02 05:06:27
D:\\Vibe Coding\\TwinPacemaker\cloud_server\venv\Lib\site-packages\tldextract-5.3.1.dist-info\METADATA,7326,2026-04-02 05:06:27
D:\\Vibe Coding\\TwinPacemaker\cloud_server\venv\Lib\site-packages\tldextract-5.3.1.dist-info\RECORD,1890,2026-04-02 05:06:28
D:\\Vibe Coding\\TwinPacemaker\cloud_server\venv\Lib\site-packages\tldextract-5.3.1.dist-info\top_level.txt,11,2026-04-02 05:06:27
D:\\Vibe Coding\\TwinPacemaker\cloud_server\venv\Lib\site-packages\tldextract-5.3.1.dist-info\WHEEL,91,2026-04-02 05:06:27
D:\\Vibe Coding\\TwinPacemaker\cloud_server\venv\Lib\site-packages\tldextract\.tld_set_snapshot,318581,2026-04-02 05:06:27
D:\\Vibe Coding\\TwinPacemaker\cloud_server\venv\Lib\site-packages\tldextract\__init__.py,274,2026-04-02 05:06:27
D:\\Vibe Coding\\TwinPacemaker\cloud_server\venv\Lib\site-packages\tldextract\__main__.py,89,2026-04-02 05:06:27
D:\\Vibe Coding\\TwinPacemaker\cloud_server\venv\Lib\site-packages\tldextract\_version.py,704,2026-04-02 05:06:27
D:\\Vibe Coding\\TwinPacemaker\cloud_server\venv\Lib\site-packages\tldextract\cache.py,8253,2026-04-02 05:06:27
D:\\Vibe Coding\\TwinPacemaker\cloud_server\venv\Lib\site-packages\tldextract\cli.py,3230,2026-04-02 05:06:27
D:\\Vibe Coding\\TwinPacemaker\cloud_server\venv\Lib\site-packages\tldextract\py.typed,0,2026-04-02 05:06:27
D:\\Vibe Coding\\TwinPacemaker\cloud_server\venv\Lib\site-packages\tldextract\remote.py,1906,2026-04-02 05:06:27
D:\\Vibe Coding\\TwinPacemaker\cloud_server\venv\Lib\site-packages\tldextract\suffix_list.py,3879,2026-04-02 05:06:27
D:\\Vibe Coding\\TwinPacemaker\cloud_server\venv\Lib\site-packages\tldextract\tldextract.py,27849,2026-04-02 05:06:27
D:\\Vibe Coding\\TwinPacemaker\cloud_server\venv\Lib\site-packages\typing_extensions-4.15.0.dist-info\INSTALLER,4,2026-04-02 05:05:58
D:\\Vibe Coding\\TwinPacemaker\cloud_server\venv\Lib\site-packages\typing_extensions-4.15.0.dist-info\licenses\LICENSE,13936,2026-04-02 05:05:58
D:\\Vibe Coding\\TwinPacemaker\cloud_server\venv\Lib\site-packages\typing_extensions-4.15.0.dist-info\METADATA,3259,2026-04-02 05:05:58
D:\\Vibe Coding\\TwinPacemaker\cloud_server\venv\Lib\site-packages\typing_extensions-4.15.0.dist-info\RECORD,580,2026-04-02 05:05:58
D:\\Vibe Coding\\TwinPacemaker\cloud_server\venv\Lib\site-packages\typing_extensions-4.15.0.dist-info\WHEEL,82,2026-04-02 05:05:58
D:\\Vibe Coding\\TwinPacemaker\cloud_server\venv\Lib\site-packages\typing_extensions.py,160429,2026-04-02 05:05:58
D:\\Vibe Coding\\TwinPacemaker\cloud_server\venv\Lib\site-packages\typing_inspection-0.4.2.dist-info\INSTALLER,4,2026-04-02 05:06:10
D:\\Vibe Coding\\TwinPacemaker\cloud_server\venv\Lib\site-packages\typing_inspection-0.4.2.dist-info\licenses\LICENSE,1090,2026-04-02 05:06:10
D:\\Vibe Coding\\TwinPacemaker\cloud_server\venv\Lib\site-packages\typing_inspection-0.4.2.dist-info\METADATA,2552,2026-04-02 05:06:10
D:\\Vibe Coding\\TwinPacemaker\cloud_server\venv\Lib\site-packages\typing_inspection-0.4.2.dist-info\RECORD,1076,2026-04-02 05:06:10
D:\\Vibe Coding\\TwinPacemaker\cloud_server\venv\Lib\site-packages\typing_inspection-0.4.2.dist-info\WHEEL,87,2026-04-02 05:06:10
D:\\Vibe Coding\\TwinPacemaker\cloud_server\venv\Lib\site-packages\typing_inspection\__init__.py,0,2026-04-02 05:06:10
D:\\Vibe Coding\\TwinPacemaker\cloud_server\venv\Lib\site-packages\typing_inspection\introspection.py,22534,2026-04-02 05:06:10
D:\\Vibe Coding\\TwinPacemaker\cloud_server\venv\Lib\site-packages\typing_inspection\py.typed,0,2026-04-02 05:06:10
D:\\Vibe Coding\\TwinPacemaker\cloud_server\venv\Lib\site-packages\typing_inspection\typing_objects.py,17166,2026-04-02 05:06:10
D:\\Vibe Coding\\TwinPacemaker\cloud_server\venv\Lib\site-packages\typing_inspection\typing_objects.pyi,9401,2026-04-02 05:06:10
D:\\Vibe Coding\\TwinPacemaker\cloud_server\venv\Lib\site-packages\urllib3-2.6.3.dist-info\INSTALLER,4,2026-04-02 05:05:58
D:\\Vibe Coding\\TwinPacemaker\cloud_server\venv\Lib\site-packages\urllib3-2.6.3.dist-info\licenses\LICENSE.txt,1093,2026-04-02 05:05:57
D:\\Vibe Coding\\TwinPacemaker\cloud_server\venv\Lib\site-packages\urllib3-2.6.3.dist-info\METADATA,6901,2026-04-02 05:05:57
D:\\Vibe Coding\\TwinPacemaker\cloud_server\venv\Lib\site-packages\urllib3-2.6.3.dist-info\RECORD,5527,2026-04-02 05:05:58
D:\\Vibe Coding\\TwinPacemaker\cloud_server\venv\Lib\site-packages\urllib3-2.6.3.dist-info\WHEEL,87,2026-04-02 05:05:57
D:\\Vibe Coding\\TwinPacemaker\cloud_server\venv\Lib\site-packages\urllib3\__init__.py,6979,2026-04-02 05:05:57
D:\\Vibe Coding\\TwinPacemaker\cloud_server\venv\Lib\site-packages\urllib3\_base_connection.py,5568,2026-04-02 05:05:57
D:\\Vibe Coding\\TwinPacemaker\cloud_server\venv\Lib\site-packages\urllib3\_collections.py,17595,2026-04-02 05:05:57
D:\\Vibe Coding\\TwinPacemaker\cloud_server\venv\Lib\site-packages\urllib3\_request_methods.py,9931,2026-04-02 05:05:57
D:\\Vibe Coding\\TwinPacemaker\cloud_server\venv\Lib\site-packages\urllib3\_version.py,704,2026-04-02 05:05:57
D:\\Vibe Coding\\TwinPacemaker\cloud_server\venv\Lib\site-packages\urllib3\connection.py,42800,2026-04-02 05:05:57
D:\\Vibe Coding\\TwinPacemaker\cloud_server\venv\Lib\site-packages\urllib3\connectionpool.py,43371,2026-04-02 05:05:57
D:\\Vibe Coding\\TwinPacemaker\cloud_server\venv\Lib\site-packages\urllib3\contrib\__init__.py,0,2026-04-02 05:05:57
D:\\Vibe Coding\\TwinPacemaker\cloud_server\venv\Lib\site-packages\urllib3\contrib\emscripten\__init__.py,836,2026-04-02 05:05:57
D:\\Vibe Coding\\TwinPacemaker\cloud_server\venv\Lib\site-packages\urllib3\contrib\emscripten\connection.py,8960,2026-04-02 05:05:57
D:\\Vibe Coding\\TwinPacemaker\cloud_server\venv\Lib\site-packages\urllib3\contrib\emscripten\emscripten_fetch_worker.js,3677,2026-04-02 05:05:57
D:\\Vibe Coding\\TwinPacemaker\cloud_server\venv\Lib\site-packages\urllib3\contrib\emscripten\fetch.py,23520,2026-04-02 05:05:57
D:\\Vibe Coding\\TwinPacemaker\cloud_server\venv\Lib\site-packages\urllib3\contrib\emscripten\request.py,566,2026-04-02 05:05:57
D:\\Vibe Coding\\TwinPacemaker\cloud_server\venv\Lib\site-packages\urllib3\contrib\emscripten\response.py,9507,2026-04-02 05:05:57
D:\\Vibe Coding\\TwinPacemaker\cloud_server\venv\Lib\site-packages\urllib3\contrib\pyopenssl.py,19724,2026-04-02 05:05:57
D:\\Vibe Coding\\TwinPacemaker\cloud_server\venv\Lib\site-packages\urllib3\contrib\socks.py,7547,2026-04-02 05:05:57
D:\\Vibe Coding\\TwinPacemaker\cloud_server\venv\Lib\site-packages\urllib3\exceptions.py,9952,2026-04-02 05:05:57
D:\\Vibe Coding\\TwinPacemaker\cloud_server\venv\Lib\site-packages\urllib3\fields.py,10829,2026-04-02 05:05:57
D:\\Vibe Coding\\TwinPacemaker\cloud_server\venv\Lib\site-packages\urllib3\filepost.py,2388,2026-04-02 05:05:57
D:\\Vibe Coding\\TwinPacemaker\cloud_server\venv\Lib\site-packages\urllib3\http2\__init__.py,1741,2026-04-02 05:05:57
D:\\Vibe Coding\\TwinPacemaker\cloud_server\venv\Lib\site-packages\urllib3\http2\connection.py,12578,2026-04-02 05:05:57
D:\\Vibe Coding\\TwinPacemaker\cloud_server\venv\Lib\site-packages\urllib3\http2\probe.py,3014,2026-04-02 05:05:57
D:\\Vibe Coding\\TwinPacemaker\cloud_server\venv\Lib\site-packages\urllib3\poolmanager.py,23811,2026-04-02 05:05:57
D:\\Vibe Coding\\TwinPacemaker\cloud_server\venv\Lib\site-packages\urllib3\py.typed,93,2026-04-02 05:05:57
D:\\Vibe Coding\\TwinPacemaker\cloud_server\venv\Lib\site-packages\urllib3\response.py,52931,2026-04-02 05:05:57
D:\\Vibe Coding\\TwinPacemaker\cloud_server\venv\Lib\site-packages\urllib3\util\__init__.py,1001,2026-04-02 05:05:57
D:\\Vibe Coding\\TwinPacemaker\cloud_server\venv\Lib\site-packages\urllib3\util\connection.py,4444,2026-04-02 05:05:57
D:\\Vibe Coding\\TwinPacemaker\cloud_server\venv\Lib\site-packages\urllib3\util\proxy.py,1148,2026-04-02 05:05:57
D:\\Vibe Coding\\TwinPacemaker\cloud_server\venv\Lib\site-packages\urllib3\util\request.py,8363,2026-04-02 05:05:57
D:\\Vibe Coding\\TwinPacemaker\cloud_server\venv\Lib\site-packages\urllib3\util\response.py,3374,2026-04-02 05:05:57
D:\\Vibe Coding\\TwinPacemaker\cloud_server\venv\Lib\site-packages\urllib3\util\retry.py,19235,2026-04-02 05:05:57
D:\\Vibe Coding\\TwinPacemaker\cloud_server\venv\Lib\site-packages\urllib3\util\ssl_.py,19929,2026-04-02 05:05:57
D:\\Vibe Coding\\TwinPacemaker\cloud_server\venv\Lib\site-packages\urllib3\util\ssl_match_hostname.py,5845,2026-04-02 05:05:57
D:\\Vibe Coding\\TwinPacemaker\cloud_server\venv\Lib\site-packages\urllib3\util\ssltransport.py,8847,2026-04-02 05:05:57
D:\\Vibe Coding\\TwinPacemaker\cloud_server\venv\Lib\site-packages\urllib3\util\timeout.py,10346,2026-04-02 05:05:57
D:\\Vibe Coding\\TwinPacemaker\cloud_server\venv\Lib\site-packages\urllib3\util\url.py,15205,2026-04-02 05:05:57
D:\\Vibe Coding\\TwinPacemaker\cloud_server\venv\Lib\site-packages\urllib3\util\util.py,1146,2026-04-02 05:05:57
D:\\Vibe Coding\\TwinPacemaker\cloud_server\venv\Lib\site-packages\urllib3\util\wait.py,4423,2026-04-02 05:05:57
D:\\Vibe Coding\\TwinPacemaker\cloud_server\venv\Lib\site-packages\uvicorn-0.42.0.dist-info\entry_points.txt,46,2026-04-02 05:06:14
D:\\Vibe Coding\\TwinPacemaker\cloud_server\venv\Lib\site-packages\uvicorn-0.42.0.dist-info\INSTALLER,4,2026-04-02 05:06:15
D:\\Vibe Coding\\TwinPacemaker\cloud_server\venv\Lib\site-packages\uvicorn-0.42.0.dist-info\licenses\LICENSE.md,1526,2026-04-02 05:06:14
D:\\Vibe Coding\\TwinPacemaker\cloud_server\venv\Lib\site-packages\uvicorn-0.42.0.dist-info\METADATA,6738,2026-04-02 05:06:14
D:\\Vibe Coding\\TwinPacemaker\cloud_server\venv\Lib\site-packages\uvicorn-0.42.0.dist-info\RECORD,6488,2026-04-02 05:06:15
D:\\Vibe Coding\\TwinPacemaker\cloud_server\venv\Lib\site-packages\uvicorn-0.42.0.dist-info\REQUESTED,0,2026-04-02 05:06:15
D:\\Vibe Coding\\TwinPacemaker\cloud_server\venv\Lib\site-packages\uvicorn-0.42.0.dist-info\WHEEL,87,2026-04-02 05:06:14
D:\\Vibe Coding\\TwinPacemaker\cloud_server\venv\Lib\site-packages\uvicorn\__init__.py,147,2026-04-02 05:06:14
D:\\Vibe Coding\\TwinPacemaker\cloud_server\venv\Lib\site-packages\uvicorn\__main__.py,62,2026-04-02 05:06:14
D:\\Vibe Coding\\TwinPacemaker\cloud_server\venv\Lib\site-packages\uvicorn\_compat.py,2916,2026-04-02 05:06:14
D:\\Vibe Coding\\TwinPacemaker\cloud_server\venv\Lib\site-packages\uvicorn\_subprocess.py,2776,2026-04-02 05:06:14
D:\\Vibe Coding\\TwinPacemaker\cloud_server\venv\Lib\site-packages\uvicorn\_types.py,7677,2026-04-02 05:06:14
D:\\Vibe Coding\\TwinPacemaker\cloud_server\venv\Lib\site-packages\uvicorn\config.py,22095,2026-04-02 05:06:14
D:\\Vibe Coding\\TwinPacemaker\cloud_server\venv\Lib\site-packages\uvicorn\importer.py,1128,2026-04-02 05:06:14
D:\\Vibe Coding\\TwinPacemaker\cloud_server\venv\Lib\site-packages\uvicorn\lifespan\__init__.py,0,2026-04-02 05:06:14
D:\\Vibe Coding\\TwinPacemaker\cloud_server\venv\Lib\site-packages\uvicorn\lifespan\off.py,332,2026-04-02 05:06:14
D:\\Vibe Coding\\TwinPacemaker\cloud_server\venv\Lib\site-packages\uvicorn\lifespan\on.py,5173,2026-04-02 05:06:14
D:\\Vibe Coding\\TwinPacemaker\cloud_server\venv\Lib\site-packages\uvicorn\logging.py,4235,2026-04-02 05:06:14
D:\\Vibe Coding\\TwinPacemaker\cloud_server\venv\Lib\site-packages\uvicorn\loops\__init__.py,0,2026-04-02 05:06:14
D:\\Vibe Coding\\TwinPacemaker\cloud_server\venv\Lib\site-packages\uvicorn\loops\asyncio.py,333,2026-04-02 05:06:14
D:\\Vibe Coding\\TwinPacemaker\cloud_server\venv\Lib\site-packages\uvicorn\loops\auto.py,566,2026-04-02 05:06:14
D:\\Vibe Coding\\TwinPacemaker\cloud_server\venv\Lib\site-packages\uvicorn\loops\uvloop.py,236,2026-04-02 05:06:14
D:\\Vibe Coding\\TwinPacemaker\cloud_server\venv\Lib\site-packages\uvicorn\main.py,18183,2026-04-02 05:06:14
D:\\Vibe Coding\\TwinPacemaker\cloud_server\venv\Lib\site-packages\uvicorn\middleware\__init__.py,0,2026-04-02 05:06:14
D:\\Vibe Coding\\TwinPacemaker\cloud_server\venv\Lib\site-packages\uvicorn\middleware\asgi2.py,394,2026-04-02 05:06:14
D:\\Vibe Coding\\TwinPacemaker\cloud_server\venv\Lib\site-packages\uvicorn\middleware\message_logger.py,2859,2026-04-02 05:06:14
D:\\Vibe Coding\\TwinPacemaker\cloud_server\venv\Lib\site-packages\uvicorn\middleware\proxy_headers.py,5790,2026-04-02 05:06:14
D:\\Vibe Coding\\TwinPacemaker\cloud_server\venv\Lib\site-packages\uvicorn\middleware\wsgi.py,7125,2026-04-02 05:06:14
D:\\Vibe Coding\\TwinPacemaker\cloud_server\venv\Lib\site-packages\uvicorn\protocols\__init__.py,0,2026-04-02 05:06:14
D:\\Vibe Coding\\TwinPacemaker\cloud_server\venv\Lib\site-packages\uvicorn\protocols\http\__init__.py,0,2026-04-02 05:06:14
D:\\Vibe Coding\\TwinPacemaker\cloud_server\venv\Lib\site-packages\uvicorn\protocols\http\auto.py,403,2026-04-02 05:06:14
D:\\Vibe Coding\\TwinPacemaker\cloud_server\venv\Lib\site-packages\uvicorn\protocols\http\flow_control.py,1701,2026-04-02 05:06:14
D:\\Vibe Coding\\TwinPacemaker\cloud_server\venv\Lib\site-packages\uvicorn\protocols\http\h11_impl.py,21225,2026-04-02 05:06:14
D:\\Vibe Coding\\TwinPacemaker\cloud_server\venv\Lib\site-packages\uvicorn\protocols\http\httptools_impl.py,22322,2026-04-02 05:06:14
D:\\Vibe Coding\\TwinPacemaker\cloud_server\venv\Lib\site-packages\uvicorn\protocols\utils.py,2058,2026-04-02 05:06:14
D:\\Vibe Coding\\TwinPacemaker\cloud_server\venv\Lib\site-packages\uvicorn\protocols\websockets\__init__.py,0,2026-04-02 05:06:14
D:\\Vibe Coding\\TwinPacemaker\cloud_server\venv\Lib\site-packages\uvicorn\protocols\websockets\auto.py,590,2026-04-02 05:06:14
D:\\Vibe Coding\\TwinPacemaker\cloud_server\venv\Lib\site-packages\uvicorn\protocols\websockets\websockets_impl.py,15419,2026-04-02 05:06:14
D:\\Vibe Coding\\TwinPacemaker\cloud_server\venv\Lib\site-packages\uvicorn\protocols\websockets\websockets_sansio_impl.py,17221,2026-04-02 05:06:14
D:\\Vibe Coding\\TwinPacemaker\cloud_server\venv\Lib\site-packages\uvicorn\protocols\websockets\wsproto_impl.py,15273,2026-04-02 05:06:14
D:\\Vibe Coding\\TwinPacemaker\cloud_server\venv\Lib\site-packages\uvicorn\py.typed,1,2026-04-02 05:06:14
D:\\Vibe Coding\\TwinPacemaker\cloud_server\venv\Lib\site-packages\uvicorn\server.py,13368,2026-04-02 05:06:14
D:\\Vibe Coding\\TwinPacemaker\cloud_server\venv\Lib\site-packages\uvicorn\supervisors\__init__.py,507,2026-04-02 05:06:14
D:\\Vibe Coding\\TwinPacemaker\cloud_server\venv\Lib\site-packages\uvicorn\supervisors\basereload.py,4018,2026-04-02 05:06:14
D:\\Vibe Coding\\TwinPacemaker\cloud_server\venv\Lib\site-packages\uvicorn\supervisors\multiprocess.py,7580,2026-04-02 05:06:14
D:\\Vibe Coding\\TwinPacemaker\cloud_server\venv\Lib\site-packages\uvicorn\supervisors\statreload.py,1548,2026-04-02 05:06:14
D:\\Vibe Coding\\TwinPacemaker\cloud_server\venv\Lib\site-packages\uvicorn\supervisors\watchfilesreload.py,2923,2026-04-02 05:06:14
D:\\Vibe Coding\\TwinPacemaker\cloud_server\venv\Lib\site-packages\uvicorn\workers.py,3873,2026-04-02 05:06:14
D:\\Vibe Coding\\TwinPacemaker\cloud_server\venv\Lib\site-packages\zope\event\__init__.py,1142,2026-04-02 05:05:56
D:\\Vibe Coding\\TwinPacemaker\cloud_server\venv\Lib\site-packages\zope\event\classhandler.py,1820,2026-04-02 05:05:56
D:\\Vibe Coding\\TwinPacemaker\cloud_server\venv\Lib\site-packages\zope\event\tests.py,1871,2026-04-02 05:05:56
D:\\Vibe Coding\\TwinPacemaker\cloud_server\venv\Lib\site-packages\zope\interface\__init__.py,3565,2026-04-02 05:05:55
D:\\Vibe Coding\\TwinPacemaker\cloud_server\venv\Lib\site-packages\zope\interface\_compat.py,4552,2026-04-02 05:05:55
D:\\Vibe Coding\\TwinPacemaker\cloud_server\venv\Lib\site-packages\zope\interface\_flatten.py,1095,2026-04-02 05:05:55
D:\\Vibe Coding\\TwinPacemaker\cloud_server\venv\Lib\site-packages\zope\interface\_zope_interface_coptimizations.c,73867,2026-04-02 05:05:55
D:\\Vibe Coding\\TwinPacemaker\cloud_server\venv\Lib\site-packages\zope\interface\_zope_interface_coptimizations.cp312-win_amd64.pyd,33280,2026-04-02 05:05:55
D:\\Vibe Coding\\TwinPacemaker\cloud_server\venv\Lib\site-packages\zope\interface\adapter.py,37695,2026-04-02 05:05:55
D:\\Vibe Coding\\TwinPacemaker\cloud_server\venv\Lib\site-packages\zope\interface\advice.py,4039,2026-04-02 05:05:55
D:\\Vibe Coding\\TwinPacemaker\cloud_server\venv\Lib\site-packages\zope\interface\common\__init__.py,10935,2026-04-02 05:05:55
D:\\Vibe Coding\\TwinPacemaker\cloud_server\venv\Lib\site-packages\zope\interface\common\builtins.py,3259,2026-04-02 05:05:55
D:\\Vibe Coding\\TwinPacemaker\cloud_server\venv\Lib\site-packages\zope\interface\common\collections.py,7078,2026-04-02 05:05:55
D:\\Vibe Coding\\TwinPacemaker\cloud_server\venv\Lib\site-packages\zope\interface\common\idatetime.py,21661,2026-04-02 05:05:55
D:\\Vibe Coding\\TwinPacemaker\cloud_server\venv\Lib\site-packages\zope\interface\common\interfaces.py,6189,2026-04-02 05:05:55
D:\\Vibe Coding\\TwinPacemaker\cloud_server\venv\Lib\site-packages\zope\interface\common\io.py,1286,2026-04-02 05:05:55
D:\\Vibe Coding\\TwinPacemaker\cloud_server\venv\Lib\site-packages\zope\interface\common\mapping.py,4864,2026-04-02 05:05:55
D:\\Vibe Coding\\TwinPacemaker\cloud_server\venv\Lib\site-packages\zope\interface\common\numbers.py,1747,2026-04-02 05:05:55
D:\\Vibe Coding\\TwinPacemaker\cloud_server\venv\Lib\site-packages\zope\interface\common\sequence.py,5726,2026-04-02 05:05:55
D:\\Vibe Coding\\TwinPacemaker\cloud_server\venv\Lib\site-packages\zope\interface\common\tests\__init__.py,5699,2026-04-02 05:05:55
D:\\Vibe Coding\\TwinPacemaker\cloud_server\venv\Lib\site-packages\zope\interface\common\tests\basemapping.py,3883,2026-04-02 05:05:55
D:\\Vibe Coding\\TwinPacemaker\cloud_server\venv\Lib\site-packages\zope\interface\common\tests\test_builtins.py,1535,2026-04-02 05:05:55
D:\\Vibe Coding\\TwinPacemaker\cloud_server\venv\Lib\site-packages\zope\interface\common\tests\test_collections.py,5972,2026-04-02 05:05:55
D:\\Vibe Coding\\TwinPacemaker\cloud_server\venv\Lib\site-packages\zope\interface\common\tests\test_idatetime.py,1971,2026-04-02 05:05:55
D:\\Vibe Coding\\TwinPacemaker\cloud_server\venv\Lib\site-packages\zope\interface\common\tests\test_import_interfaces.py,834,2026-04-02 05:05:55
D:\\Vibe Coding\\TwinPacemaker\cloud_server\venv\Lib\site-packages\zope\interface\common\tests\test_io.py,1732,2026-04-02 05:05:55
D:\\Vibe Coding\\TwinPacemaker\cloud_server\venv\Lib\site-packages\zope\interface\common\tests\test_numbers.py,1437,2026-04-02 05:05:55
D:\\Vibe Coding\\TwinPacemaker\cloud_server\venv\Lib\site-packages\zope\interface\declarations.py,44731,2026-04-02 05:05:55
D:\\Vibe Coding\\TwinPacemaker\cloud_server\venv\Lib\site-packages\zope\interface\document.py,4272,2026-04-02 05:05:55
D:\\Vibe Coding\\TwinPacemaker\cloud_server\venv\Lib\site-packages\zope\interface\exceptions.py,8844,2026-04-02 05:05:55
D:\\Vibe Coding\\TwinPacemaker\cloud_server\venv\Lib\site-packages\zope\interface\interface.py,41046,2026-04-02 05:05:55
D:\\Vibe Coding\\TwinPacemaker\cloud_server\venv\Lib\site-packages\zope\interface\interfaces.py,51784,2026-04-02 05:05:55
D:\\Vibe Coding\\TwinPacemaker\cloud_server\venv\Lib\site-packages\zope\interface\registry.py,26562,2026-04-02 05:05:55
D:\\Vibe Coding\\TwinPacemaker\cloud_server\venv\Lib\site-packages\zope\interface\ro.py,25299,2026-04-02 05:05:55
D:\\Vibe Coding\\TwinPacemaker\cloud_server\venv\Lib\site-packages\zope\interface\tests\__init__.py,4372,2026-04-02 05:05:55
D:\\Vibe Coding\\TwinPacemaker\cloud_server\venv\Lib\site-packages\zope\interface\tests\advisory_testing.py,929,2026-04-02 05:05:55
D:\\Vibe Coding\\TwinPacemaker\cloud_server\venv\Lib\site-packages\zope\interface\tests\dummy.py,938,2026-04-02 05:05:55
D:\\Vibe Coding\\TwinPacemaker\cloud_server\venv\Lib\site-packages\zope\interface\tests\idummy.py,914,2026-04-02 05:05:55
D:\\Vibe Coding\\TwinPacemaker\cloud_server\venv\Lib\site-packages\zope\interface\tests\m1.py,878,2026-04-02 05:05:55
D:\\Vibe Coding\\TwinPacemaker\cloud_server\venv\Lib\site-packages\zope\interface\tests\odd.py,3097,2026-04-02 05:05:55
D:\\Vibe Coding\\TwinPacemaker\cloud_server\venv\Lib\site-packages\zope\interface\tests\test_adapter.py,82823,2026-04-02 05:05:55
D:\\Vibe Coding\\TwinPacemaker\cloud_server\venv\Lib\site-packages\zope\interface\tests\test_advice.py,6253,2026-04-02 05:05:55
D:\\Vibe Coding\\TwinPacemaker\cloud_server\venv\Lib\site-packages\zope\interface\tests\test_compile_flags.py,1319,2026-04-02 05:05:55
D:\\Vibe Coding\\TwinPacemaker\cloud_server\venv\Lib\site-packages\zope\interface\tests\test_declarations.py,81701,2026-04-02 05:05:55
D:\\Vibe Coding\\TwinPacemaker\cloud_server\venv\Lib\site-packages\zope\interface\tests\test_document.py,17767,2026-04-02 05:05:55
D:\\Vibe Coding\\TwinPacemaker\cloud_server\venv\Lib\site-packages\zope\interface\tests\test_element.py,1153,2026-04-02 05:05:55
D:\\Vibe Coding\\TwinPacemaker\cloud_server\venv\Lib\site-packages\zope\interface\tests\test_exceptions.py,6688,2026-04-02 05:05:55
D:\\Vibe Coding\\TwinPacemaker\cloud_server\venv\Lib\site-packages\zope\interface\tests\test_interface.py,96309,2026-04-02 05:05:55
D:\\Vibe Coding\\TwinPacemaker\cloud_server\venv\Lib\site-packages\zope\interface\tests\test_interfaces.py,4525,2026-04-02 05:05:55
D:\\Vibe Coding\\TwinPacemaker\cloud_server\venv\Lib\site-packages\zope\interface\tests\test_odd_declarations.py,7961,2026-04-02 05:05:55
D:\\Vibe Coding\\TwinPacemaker\cloud_server\venv\Lib\site-packages\zope\interface\tests\test_registry.py,115990,2026-04-02 05:05:55
D:\\Vibe Coding\\TwinPacemaker\cloud_server\venv\Lib\site-packages\zope\interface\tests\test_ro.py,15763,2026-04-02 05:05:55
D:\\Vibe Coding\\TwinPacemaker\cloud_server\venv\Lib\site-packages\zope\interface\tests\test_sorting.py,2308,2026-04-02 05:05:55
D:\\Vibe Coding\\TwinPacemaker\cloud_server\venv\Lib\site-packages\zope\interface\tests\test_verify.py,19856,2026-04-02 05:05:55
D:\\Vibe Coding\\TwinPacemaker\cloud_server\venv\Lib\site-packages\zope\interface\verify.py,7542,2026-04-02 05:05:55
D:\\Vibe Coding\\TwinPacemaker\cloud_server\venv\Lib\site-packages\zope_event-6.1.dist-info\INSTALLER,4,2026-04-02 05:05:57
D:\\Vibe Coding\\TwinPacemaker\cloud_server\venv\Lib\site-packages\zope_event-6.1.dist-info\licenses\LICENSE.txt,2070,2026-04-02 05:05:56
D:\\Vibe Coding\\TwinPacemaker\cloud_server\venv\Lib\site-packages\zope_event-6.1.dist-info\METADATA,5130,2026-04-02 05:05:56
D:\\Vibe Coding\\TwinPacemaker\cloud_server\venv\Lib\site-packages\zope_event-6.1.dist-info\RECORD,892,2026-04-02 05:05:57
D:\\Vibe Coding\\TwinPacemaker\cloud_server\venv\Lib\site-packages\zope_event-6.1.dist-info\top_level.txt,5,2026-04-02 05:05:56
D:\\Vibe Coding\\TwinPacemaker\cloud_server\venv\Lib\site-packages\zope_event-6.1.dist-info\WHEEL,91,2026-04-02 05:05:56
D:\\Vibe Coding\\TwinPacemaker\cloud_server\venv\Lib\site-packages\zope_interface-8.2.dist-info\INSTALLER,4,2026-04-02 05:05:56
D:\\Vibe Coding\\TwinPacemaker\cloud_server\venv\Lib\site-packages\zope_interface-8.2.dist-info\licenses\LICENSE.txt,2114,2026-04-02 05:05:55
D:\\Vibe Coding\\TwinPacemaker\cloud_server\venv\Lib\site-packages\zope_interface-8.2.dist-info\METADATA,46680,2026-04-02 05:05:55
D:\\Vibe Coding\\TwinPacemaker\cloud_server\venv\Lib\site-packages\zope_interface-8.2.dist-info\RECORD,8498,2026-04-02 05:05:56
D:\\Vibe Coding\\TwinPacemaker\cloud_server\venv\Lib\site-packages\zope_interface-8.2.dist-info\top_level.txt,5,2026-04-02 05:05:55
D:\\Vibe Coding\\TwinPacemaker\cloud_server\venv\Lib\site-packages\zope_interface-8.2.dist-info\WHEEL,101,2026-04-02 05:05:55
D:\\Vibe Coding\\TwinPacemaker\cloud_server\venv\pyvenv.cfg,266,2026-04-02 21:51:50
D:\\Vibe Coding\\TwinPacemaker\cloud_server\venv\Scripts\activate,2122,2026-04-02 21:51:58
D:\\Vibe Coding\\TwinPacemaker\cloud_server\venv\Scripts\activate.bat,1034,2026-04-02 21:51:58
D:\\Vibe Coding\\TwinPacemaker\cloud_server\venv\Scripts\Activate.ps1,26199,2026-04-02 21:51:58
D:\\Vibe Coding\\TwinPacemaker\cloud_server\venv\Scripts\cors.exe,108443,2026-04-02 05:06:30
D:\\Vibe Coding\\TwinPacemaker\cloud_server\venv\Scripts\deactivate.bat,393,2026-04-02 21:51:58
D:\\Vibe Coding\\TwinPacemaker\cloud_server\venv\Scripts\dotenv.exe,108436,2026-04-02 05:05:59
D:\\Vibe Coding\\TwinPacemaker\cloud_server\venv\Scripts\fastapi.exe,108434,2026-04-02 05:06:30
D:\\Vibe Coding\\TwinPacemaker\cloud_server\venv\Scripts\futurize.exe,108439,2026-04-02 05:06:07
D:\\Vibe Coding\\TwinPacemaker\cloud_server\venv\Scripts\normalizer.exe,108457,2026-04-02 05:06:08
D:\\Vibe Coding\\TwinPacemaker\cloud_server\venv\Scripts\pasteurize.exe,108441,2026-04-02 05:06:07
D:\\Vibe Coding\\TwinPacemaker\cloud_server\venv\Scripts\pip.exe,108445,2026-04-02 05:05:31
D:\\Vibe Coding\\TwinPacemaker\cloud_server\venv\Scripts\pip3.12.exe,108445,2026-04-02 05:05:31
D:\\Vibe Coding\\TwinPacemaker\cloud_server\venv\Scripts\pip3.exe,108445,2026-04-02 05:05:31
D:\\Vibe Coding\\TwinPacemaker\cloud_server\venv\Scripts\python.exe,274712,2026-04-02 21:51:50
D:\\Vibe Coding\\TwinPacemaker\cloud_server\venv\Scripts\pythonw.exe,263448,2026-04-02 21:51:50
D:\\Vibe Coding\\TwinPacemaker\cloud_server\venv\Scripts\tldextract.exe,108437,2026-04-02 05:06:28
D:\\Vibe Coding\\TwinPacemaker\cloud_server\venv\Scripts\uvicorn.exe,108435,2026-04-02 05:06:15
D:\\Vibe Coding\\TwinPacemaker\device_simulators\cgm_sensing_module.py,1360,2026-03-31 23:55:24
D:\\Vibe Coding\\TwinPacemaker\device_simulators\pacemaker_sensing_module.py,1868,2026-03-31 23:55:28
D:\\Vibe Coding\\TwinPacemaker\docs\architecture\[LAB] PacemakerDT.jpg,1250314,2026-03-28 04:57:34
D:\\Vibe Coding\\TwinPacemaker\docs\architecture\[OAB] PacemakerDT.jpg,410622,2026-03-31 18:53:03
D:\\Vibe Coding\\TwinPacemaker\docs\architecture\[OCB] PacemakerDT.jpg,465086,2026-03-31 18:53:57
D:\\Vibe Coding\\TwinPacemaker\docs\architecture\[PAB] PacemakerDT.jpg,1725224,2026-03-30 03:03:16
D:\\Vibe Coding\\TwinPacemaker\docs\architecture\[SAB] PacemakerDT.jpg,1293012,2026-03-31 18:55:16
D:\\Vibe Coding\\TwinPacemaker\doctor_dashboard\admin.html,30122,2026-04-04 17:13:14
D:\\Vibe Coding\\TwinPacemaker\doctor_dashboard\ai-diagnostics.html,11284,2026-04-02 22:15:51
D:\\Vibe Coding\\TwinPacemaker\doctor_dashboard\correlations.html,13471,2026-04-02 22:24:55
D:\\Vibe Coding\\TwinPacemaker\doctor_dashboard\index.html,13211,2026-04-03 21:30:57
D:\\Vibe Coding\\TwinPacemaker\doctor_dashboard\login.html,11112,2026-04-03 23:18:27
D:\\Vibe Coding\\TwinPacemaker\doctor_dashboard\login.js,8492,2026-04-02 01:07:08
D:\\Vibe Coding\\TwinPacemaker\doctor_dashboard\main.js,5104,2026-04-03 21:31:10
D:\\Vibe Coding\\TwinPacemaker\doctor_dashboard\navigation.js,14805,2026-04-03 21:15:06
D:\\Vibe Coding\\TwinPacemaker\doctor_dashboard\package-lock.json,50392,2026-04-01 23:28:23
D:\\Vibe Coding\\TwinPacemaker\doctor_dashboard\package.json,310,2026-04-01 23:26:07
D:\\Vibe Coding\\TwinPacemaker\doctor_dashboard\patients.html,15667,2026-04-03 23:19:06
D:\\Vibe Coding\\TwinPacemaker\doctor_dashboard\register.html,22779,2026-04-03 00:00:28
D:\\Vibe Coding\\TwinPacemaker\doctor_dashboard\register.js,8627,2026-04-02 02:31:00
D:\\Vibe Coding\\TwinPacemaker\doctor_dashboard\settings.html,8666,2026-04-02 22:16:19
D:\\Vibe Coding\\TwinPacemaker\doctor_dashboard\stitch-signin.html,10451,2026-04-02 00:18:09
D:\\Vibe Coding\\TwinPacemaker\doctor_dashboard\style.css,2101,2026-04-01 23:26:26
D:\\Vibe Coding\\TwinPacemaker\fix_db.py,834,2026-04-03 22:47:45
D:\\Vibe Coding\\TwinPacemaker\fix_db_migration.py,1594,2026-04-06 02:37:00
D:\\Vibe Coding\\TwinPacemaker\infrastructure\docker-compose.yml,748,2026-04-05 21:13:34
D:\\Vibe Coding\\TwinPacemaker\infrastructure\mosquitto\config\mosquitto.conf,86,2026-03-31 23:55:19
D:\\Vibe Coding\\TwinPacemaker\keepbeat_fallback.db,40960,2026-04-03 22:51:46
D:\\Vibe Coding\\TwinPacemaker\mobile_app\.flutter-plugins-dependencies,2550,2026-04-01 23:08:14
D:\\Vibe Coding\\TwinPacemaker\mobile_app\.gitignore,748,2026-04-04 21:24:43
D:\\Vibe Coding\\TwinPacemaker\mobile_app\.metadata,1114,2026-04-04 21:24:44
D:\\Vibe Coding\\TwinPacemaker\mobile_app\analysis_options.yaml,1448,2026-04-04 21:24:43
D:\\Vibe Coding\\TwinPacemaker\mobile_app\assets\images\avatar.png,648066,2026-04-11 00:19:38
D:\\Vibe Coding\\TwinPacemaker\mobile_app\assets\images\heart.png,412958,2026-04-11 02:11:14
D:\\Vibe Coding\\TwinPacemaker\mobile_app\keepbeat.iml,859,2026-04-04 21:24:43
D:\\Vibe Coding\\TwinPacemaker\mobile_app\lib\database\local_data_repository.dart,2184,2026-04-02 03:45:13
D:\\Vibe Coding\\TwinPacemaker\mobile_app\lib\main.dart,1514,2026-04-06 17:22:46
D:\\Vibe Coding\\TwinPacemaker\mobile_app\lib\providers\patient_provider.dart,860,2026-04-02 04:24:17
D:\\Vibe Coding\\TwinPacemaker\mobile_app\lib\services\auth_service.dart,1120,2026-04-06 02:31:52
D:\\Vibe Coding\\TwinPacemaker\mobile_app\lib\services\cloud_sync_service.dart,1748,2026-04-03 21:17:43
D:\\Vibe Coding\\TwinPacemaker\mobile_app\lib\services\hybrid_sensor_service.dart,3190,2026-04-06 03:27:31
D:\\Vibe Coding\\TwinPacemaker\mobile_app\lib\services\mqtt_browser_inner.dart,452,2026-04-04 21:38:47
D:\\Vibe Coding\\TwinPacemaker\mobile_app\lib\services\mqtt_client_factory.dart,351,2026-04-04 21:37:00
D:\\Vibe Coding\\TwinPacemaker\mobile_app\lib\services\mqtt_server_inner.dart,278,2026-04-04 21:37:09
D:\\Vibe Coding\\TwinPacemaker\mobile_app\lib\services\mqtt_stub_inner.dart,186,2026-04-04 21:37:05
D:\\Vibe Coding\\TwinPacemaker\mobile_app\lib\theme\app_theme.dart,5795,2026-04-11 02:41:48
D:\\Vibe Coding\\TwinPacemaker\mobile_app\lib\ui\alert_history_ui.dart,11473,2026-04-10 21:00:48
D:\\Vibe Coding\\TwinPacemaker\mobile_app\lib\ui\emergency_alert_ui.dart,8558,2026-04-06 17:22:02
D:\\Vibe Coding\\TwinPacemaker\mobile_app\lib\ui\navigation_root.dart,5874,2026-04-11 01:54:35
D:\\Vibe Coding\\TwinPacemaker\mobile_app\lib\ui\patient_dashboard_ui.dart,16921,2026-04-11 02:42:25
D:\\Vibe Coding\\TwinPacemaker\mobile_app\lib\ui\reactive_plan_ui.dart,9838,2026-04-10 21:01:09
D:\\Vibe Coding\\TwinPacemaker\mobile_app\lib\ui\recovery_state_ui.dart,18104,2026-04-10 21:00:55
D:\\Vibe Coding\\TwinPacemaker\mobile_app\lib\ui\settings_ui.dart,13887,2026-04-10 21:01:03
D:\\Vibe Coding\\TwinPacemaker\mobile_app\lib\ui\sign_in_ui.dart,7993,2026-04-07 13:03:05
D:\\Vibe Coding\\TwinPacemaker\mobile_app\lib\ui\sign_up_ui.dart,7018,2026-04-07 13:03:54
D:\\Vibe Coding\\TwinPacemaker\mobile_app\lib\ui\widgets\bento_widgets.dart,23754,2026-04-11 00:27:40
D:\\Vibe Coding\\TwinPacemaker\mobile_app\pubspec.lock,22089,2026-04-11 00:33:33
D:\\Vibe Coding\\TwinPacemaker\mobile_app\pubspec.yaml,525,2026-04-11 00:33:23
D:\\Vibe Coding\\TwinPacemaker\mobile_app\README.md,647,2026-04-04 21:24:43
D:\\Vibe Coding\\TwinPacemaker\mobile_app\test\widget_test.dart,695,2026-04-06 03:29:18
D:\\Vibe Coding\\TwinPacemaker\mobile_app\web\favicon.png,917,2026-03-31 20:31:46
D:\\Vibe Coding\\TwinPacemaker\mobile_app\web\icons\Icon-192.png,5292,2026-03-31 20:31:46
D:\\Vibe Coding\\TwinPacemaker\mobile_app\web\icons\Icon-512.png,8252,2026-03-31 20:31:46
D:\\Vibe Coding\\TwinPacemaker\mobile_app\web\icons\Icon-maskable-192.png,5594,2026-03-31 20:48:02
D:\\Vibe Coding\\TwinPacemaker\mobile_app\web\icons\Icon-maskable-512.png,20998,2026-03-31 20:48:02
D:\\Vibe Coding\\TwinPacemaker\mobile_app\web\index.html,1567,2026-04-04 21:24:43
D:\\Vibe Coding\\TwinPacemaker\mobile_app\web\manifest.json,947,2026-04-04 21:24:43
D:\\Vibe Coding\\TwinPacemaker\mobile_app\windows\.gitignore,308,2026-03-31 20:31:46
D:\\Vibe Coding\\TwinPacemaker\mobile_app\windows\CMakeLists.txt,4260,2026-04-04 21:24:43
D:\\Vibe Coding\\TwinPacemaker\mobile_app\windows\flutter\CMakeLists.txt,3851,2026-03-31 20:31:46
D:\\Vibe Coding\\TwinPacemaker\mobile_app\windows\flutter\ephemeral\generated_config.cmake,1419,2026-04-05 21:44:39
D:\\Vibe Coding\\TwinPacemaker\mobile_app\windows\flutter\generated_plugin_registrant.cc,164,2026-04-04 21:24:45
D:\\Vibe Coding\\TwinPacemaker\mobile_app\windows\flutter\generated_plugin_registrant.h,302,2026-04-04 21:24:45
D:\\Vibe Coding\\TwinPacemaker\mobile_app\windows\flutter\generated_plugins.cmake,743,2026-04-04 21:24:45
D:\\Vibe Coding\\TwinPacemaker\mobile_app\windows\runner\CMakeLists.txt,1836,2026-03-31 20:31:46
D:\\Vibe Coding\\TwinPacemaker\mobile_app\windows\runner\flutter_window.cpp,2193,2026-03-31 20:31:46
D:\\Vibe Coding\\TwinPacemaker\mobile_app\windows\runner\flutter_window.h,961,2026-03-31 20:31:46
D:\\Vibe Coding\\TwinPacemaker\mobile_app\windows\runner\main.cpp,1304,2026-04-04 21:24:44
D:\\Vibe Coding\\TwinPacemaker\mobile_app\windows\runner\resource.h,448,2026-03-31 20:31:46
D:\\Vibe Coding\\TwinPacemaker\mobile_app\windows\runner\resources\app_icon.ico,33772,2026-03-31 20:48:02
D:\\Vibe Coding\\TwinPacemaker\mobile_app\windows\runner\runner.exe.manifest,616,2026-03-31 20:31:47
D:\\Vibe Coding\\TwinPacemaker\mobile_app\windows\runner\Runner.rc,3150,2026-04-04 21:24:44
D:\\Vibe Coding\\TwinPacemaker\mobile_app\windows\runner\utils.cpp,1862,2026-03-31 20:31:47
D:\\Vibe Coding\\TwinPacemaker\mobile_app\windows\runner\utils.h,691,2026-03-31 20:31:47
D:\\Vibe Coding\\TwinPacemaker\mobile_app\windows\runner\win32_window.cpp,8822,2026-03-31 20:31:47
D:\\Vibe Coding\\TwinPacemaker\mobile_app\windows\runner\win32_window.h,3624,2026-03-31 20:31:47
D:\\Vibe Coding\\TwinPacemaker\README.md,2890,2026-04-06 00:23:10
D:\\Vibe Coding\\TwinPacemaker\repo_file_inventory.csv,0,2026-05-08 09:25:26
D:\\Vibe Coding\\TwinPacemaker\stitch_keepbeat\code.html,13475,2026-04-07 10:03:32
D:\\Vibe Coding\\TwinPacemaker\stitch_keepbeat\DESIGN.md,5738,2026-04-07 10:03:32
D:\\Vibe Coding\\TwinPacemaker\stitch_keepbeat\keepbeat_alerts_history_mobile\code.html,12191,2026-04-10 20:04:41
D:\\Vibe Coding\\TwinPacemaker\stitch_keepbeat\keepbeat_alerts_history_mobile\screen.png,221301,2026-04-10 20:04:41
D:\\Vibe Coding\\TwinPacemaker\stitch_keepbeat\keepbeat_fixed_hypoglycemia_alert_mobile\code.html,9377,2026-04-10 20:04:41
D:\\Vibe Coding\\TwinPacemaker\stitch_keepbeat\keepbeat_fixed_hypoglycemia_alert_mobile\screen.png,345617,2026-04-10 20:04:41
D:\\Vibe Coding\\TwinPacemaker\stitch_keepbeat\keepbeat_home_avatar_removed\code.html,15806,2026-04-10 20:04:41
D:\\Vibe Coding\\TwinPacemaker\stitch_keepbeat\keepbeat_home_avatar_removed\screen.png,374355,2026-04-10 20:04:41
D:\\Vibe Coding\\TwinPacemaker\stitch_keepbeat\keepbeat_home_recovery_state\code.html,15870,2026-04-10 20:04:41
D:\\Vibe Coding\\TwinPacemaker\stitch_keepbeat\keepbeat_home_recovery_state\screen.png,207114,2026-04-10 20:04:41
D:\\Vibe Coding\\TwinPacemaker\stitch_keepbeat\keepbeat_settings_mobile\code.html,13782,2026-04-10 20:04:41
D:\\Vibe Coding\\TwinPacemaker\stitch_keepbeat\keepbeat_settings_mobile\screen.png,144451,2026-04-10 20:04:41
D:\\Vibe Coding\\TwinPacemaker\stitch_keepbeat\keepbeat_sign_in_logo_updated\code.html,10866,2026-04-10 20:04:41
D:\\Vibe Coding\\TwinPacemaker\stitch_keepbeat\keepbeat_sign_in_logo_updated\screen.png,344656,2026-04-10 20:04:41
D:\\Vibe Coding\\TwinPacemaker\stitch_keepbeat\keepbeat_sign_up_animated_logo\code.html,14745,2026-04-10 20:04:41
D:\\Vibe Coding\\TwinPacemaker\stitch_keepbeat\keepbeat_sign_up_animated_logo\screen.png,173744,2026-04-10 20:04:41
D:\\Vibe Coding\\TwinPacemaker\stitch_keepbeat\keepbeat_stats_mobile\code.html,13475,2026-04-10 20:04:41
D:\\Vibe Coding\\TwinPacemaker\stitch_keepbeat\keepbeat_stats_mobile\screen.png,150875,2026-04-10 20:04:41
D:\\Vibe Coding\\TwinPacemaker\stitch_keepbeat\logoKeepBeat.png,96714,2026-04-10 17:47:35
D:\\Vibe Coding\\TwinPacemaker\stitch_keepbeat\screen.png,150875,2026-04-07 10:03:32
D:\\Vibe Coding\\TwinPacemaker\stitch_keepbeat\vitalglass_prism\DESIGN.md,5738,2026-04-10 20:04:41
